dataset_variant,config_name,model_key,scaler,resampling,pca,mcc__mean,mcc__std,mcc__count,mcc__median,balanced_accuracy__mean,balanced_accuracy__std,balanced_accuracy__count,balanced_accuracy__median,f1__mean,f1__std,f1__count,f1__median,accuracy__mean,accuracy__std,accuracy__count,accuracy__median,precision__mean,precision__std,precision__count,precision__median,recall__mean,recall__std,recall__count,recall__median
IMPUTED,config_strat80,SVC_linear,robust,smote,off,0.5641786037552498,0.17271616290588157,480,0.5716350506349809,0.8007045088566828,0.08828106917040732,480,0.8140096618357487,0.6909501835130116,0.11890029239652891,480,0.6956521739130435,0.7908854166666667,0.08014248725160733,480,0.78125,0.6081112327895416,0.13584653482248357,480,0.5773809523809523,0.8231481481481481,0.1519622307241358,480,0.8888888888888888
IMPUTED,config_strat80,LogisticRegression,robust,smote,off,0.5624643861395409,0.17321117027108812,480,0.5716350506349809,0.8000100644122383,0.08713213835387905,480,0.8140096618357487,0.6882450477067266,0.11823913802720208,480,0.6956521739130435,0.783203125,0.0824714104991114,480,0.78125,0.6000468407545614,0.14598711223190147,480,0.5625,0.8384259259259259,0.15589911911315574,480,0.8888888888888888
IMPUTED,config_strat80,SVC_linear,standard,smote,off,0.5599930434262126,0.17500732554996634,480,0.5691908489504616,0.7968599033816425,0.08802013636910896,480,0.8043478260869565,0.6880920911755395,0.12151483679094341,480,0.6923076923076923,0.790625,0.08168494072171331,480,0.78125,0.6119042116652411,0.14340426332777842,480,0.5714285714285714,0.8111111111111111,0.15135325203721178,480,0.8888888888888888
IMPUTED,config_strat80,SVC_linear,standard,smote,on,0.5569975968330289,0.17269281711976137,3360,0.5691908489504616,0.7940965033356339,0.08727378424908347,3360,0.8019323671497585,0.6843546692209881,0.11933285385076217,3360,0.6956521739130435,0.7890252976190476,0.08032360559925052,3360,0.78125,0.6127685786134067,0.1461124710015711,3360,0.5714285714285714,0.8056878306878306,0.15980201261477875,3360,0.8888888888888888
IMPUTED,config_strat80,LogisticRegression,standard,smote,off,0.5546033166541978,0.17239485523492232,480,0.5691908489504616,0.7972524154589372,0.08744514118084859,480,0.8140096618357487,0.6834941287429818,0.11840485469928097,480,0.6923076923076923,0.7772135416666667,0.08337943037189875,480,0.75,0.5887353821037065,0.13972501348563637,480,0.5384615384615384,0.8430555555555554,0.15367899141683936,480,0.8888888888888888
IMPUTED,config_strat80,LinearDiscriminantAnalysis_svd,maxabs,smote,off,0.5534500711516629,0.1783224025237573,80,0.5931802201345258,0.7956521739130434,0.09140978027355377,80,0.8128019323671498,0.6840973950868283,0.12297912312630914,80,0.71,0.7828125,0.08610724748602903,80,0.78125,0.5969873072833599,0.138185043112099,80,0.5729166666666667,0.825,0.15389408055341047,80,0.8888888888888888
IMPUTED,config_strat80,LinearDiscriminantAnalysis_svd,standard,smote,off,0.550008733989548,0.18729898188696698,80,0.5479252865751503,0.7917270531400966,0.09317455722102207,80,0.8031400966183575,0.682320246099254,0.12925670680776905,80,0.6794871794871795,0.78203125,0.09154514324409722,80,0.765625,0.6028169637380164,0.15553203672301846,80,0.5539772727272727,0.8138888888888889,0.15081691391257424,80,0.8888888888888888
IMPUTED,config_strat80,LogisticRegression,none,smote,off,0.5499830448362022,0.16516845497779614,480,0.5691908489504616,0.7939261272141707,0.08386047463337962,480,0.8140096618357487,0.6799147731282019,0.11357979959927252,480,0.6923076923076923,0.7787109375,0.07733922754381073,480,0.78125,0.5910185144376321,0.13463853732969688,480,0.5625,0.8287037037037037,0.15640872394687755,480,0.8888888888888888
IMPUTED,config_strat80,LogisticRegression,standard,smote,on,0.5439172489954774,0.1647580949126942,3360,0.5266597241998389,0.7911174373130895,0.08410646450492619,3360,0.7922705314009661,0.6764457478310986,0.11255184899057727,3360,0.6666666666666666,0.7734002976190476,0.08109447645341844,3360,0.75,0.5849621652018269,0.1351327816228662,3360,0.5384615384615384,0.8316137566137566,0.151285996316159,3360,0.8888888888888888
IMPUTED,config_strat80,LogisticRegression,none,none,off,0.5437360855747018,0.1598009624044091,120,0.5439545842126707,0.7683977455716585,0.08203970049614787,120,0.7789855072463768,0.6567207511270979,0.11426958268405309,120,0.6666666666666666,0.7942708333333334,0.07366005113868374,120,0.8125,0.6703569428937076,0.18550407332515903,120,0.6258741258741258,0.7092592592592593,0.20380412316998875,120,0.7777777777777778
IMPUTED,config_strat80,LinearDiscriminantAnalysis_svd,none,smote,off,0.5410012401698248,0.17768246614597405,80,0.5266597241998389,0.7900966183574879,0.0916848741582283,80,0.7922705314009661,0.6763947582289385,0.12251409863458082,80,0.6666666666666666,0.77421875,0.08824487985828147,80,0.78125,0.584053268927495,0.13385330808008075,80,0.5625,0.826388888888889,0.15088813490321576,80,0.8888888888888888
IMPUTED,config_strat80,LinearDiscriminantAnalysis_svd,standard,smote,on,0.5403239611524084,0.17174571030309754,560,0.5266597241998389,0.7864389233954451,0.0878768266019222,560,0.7922705314009661,0.6736404801087871,0.11791206773520656,560,0.6666666666666666,0.7794642857142857,0.08154330133329923,560,0.78125,0.5976060125774024,0.14098427696534885,560,0.5625,0.8023809523809523,0.1598204878395946,560,0.8888888888888888
IMPUTED,config_strat80,SVC_linear,none,smote,off,0.5385875847465392,0.1730136750808283,480,0.5362318840579711,0.786141304347826,0.08909654616845451,480,0.7922705314009661,0.6728638756832225,0.11911857174218922,480,0.6666666666666666,0.7782552083333333,0.08253895280802538,480,0.78125,0.5934966215110855,0.13523692739859694,480,0.5714285714285714,0.8041666666666667,0.16109731261750068,480,0.7777777777777778
IMPUTED,config_strat80,LinearDiscriminantAnalysis_svd,robust,smote,off,0.5333872702210154,0.18005742988090712,80,0.5266597241998389,0.7846014492753624,0.09258359455976466,80,0.7922705314009661,0.6720523178618144,0.12360520869351603,80,0.6666666666666666,0.77421875,0.09045843488285488,80,0.765625,0.5879371465952349,0.13849027884497492,80,0.554945054945055,0.8083333333333333,0.1478871352822725,80,0.8888888888888888
IMPUTED,config_strat80,SVC_linear,standard,undersample,on,0.5267564589464829,0.1636125023246274,1680,0.5266597241998389,0.7798654244306418,0.08748594533284595,1680,0.7922705314009661,0.6626592217741273,0.11145282504842753,1680,0.6666666666666666,0.7689732142857143,0.08218480784938613,1680,0.75,0.5828581060895303,0.1281384379355137,1680,0.5454545454545454,0.8047619047619048,0.17117551163958625,1680,0.8888888888888888
IMPUTED,config_strat80,LogisticRegression,standard,none,off,0.5256916306793259,0.16502994200929738,120,0.5266597241998389,0.760426731078905,0.087967228762928,120,0.7705314009661836,0.6417940613974401,0.12378767102578844,120,0.6428571428571429,0.7828125,0.07738356155372725,120,0.78125,0.6544600378694806,0.19082340606572476,120,0.6125,0.7092592592592593,0.2185425192683405,120,0.7222222222222222
IMPUTED,config_strat80,SVC_linear,robust,undersample,off,0.525540526430951,0.17479460713495146,240,0.5266597241998389,0.7803140096618357,0.0930893155306985,240,0.7922705314009661,0.6631403541261663,0.11868611428371872,240,0.6666666666666666,0.765625,0.08903319041692205,240,0.75,0.5769632752295291,0.13206843248931296,240,0.5625,0.8138888888888888,0.1701784067333199,240,0.8888888888888888
IMPUTED,config_strat80,LinearDiscriminantAnalysis_svd,maxabs,smote,on,0.525193788809191,0.16767120979494876,560,0.5266597241998389,0.7791666666666667,0.08634902559657857,560,0.7922705314009661,0.6651268099816169,0.11226872954375973,560,0.6666666666666666,0.77265625,0.0816019666044391,560,0.78125,0.5866748888090385,0.13304160507822452,560,0.5625,0.794047619047619,0.15082338828285488,560,0.7777777777777778
IMPUTED,config_strat80,LogisticRegression,standard,undersample,on,0.5227404727270991,0.15005945744553723,1680,0.5266597241998389,0.7818696802392455,0.08007111545878927,1680,0.7922705314009661,0.66214971746149,0.10115516057842819,1680,0.6666666666666666,0.7573288690476191,0.0800948344425427,1680,0.75,0.5606013979785265,0.11283632212024299,1680,0.5333333333333333,0.837962962962963,0.1490436559452788,1680,0.8888888888888888
IMPUTED,config_strat80,LogisticRegression,robust,undersample,off,0.522634455527934,0.1520475651420268,240,0.5516772843673705,0.7823067632850241,0.08075729286590354,240,0.7922705314009661,0.6611499276267547,0.10310445141465421,240,0.6666666666666666,0.7575520833333333,0.0749821101106507,240,0.75,0.5581908049738932,0.11318246489787095,240,0.5333333333333333,0.8388888888888889,0.15670690337957827,240,0.8888888888888888
IMPUTED,config_strat80,LogisticRegression,robust,none,off,0.5224685003558674,0.15549585703003999,120,0.5266597241998389,0.7570048309178744,0.08766541449518785,120,0.7705314009661836,0.6346572746712066,0.12447661643245768,120,0.6428571428571429,0.784375,0.07149091292081883,120,0.78125,0.6610680295510017,0.18485824285731822,120,0.625,0.6944444444444444,0.2283242516612499,120,0.6666666666666666
IMPUTED,config_strat80,SVC_linear,standard,undersample,off,0.5224225017277089,0.16935231446164714,240,0.5266597241998389,0.7772946859903381,0.09141839474812591,240,0.7814009661835748,0.6592099788704613,0.1160891416362384,240,0.6666666666666666,0.7661458333333333,0.08623405548657953,240,0.75,0.579974501977211,0.13093669704563476,240,0.5634920634920635,0.8027777777777777,0.17806955368241467,240,0.8888888888888888
IMPUTED,config_strat80,LinearDiscriminantAnalysis_svd,standard,undersample,on,0.5216701196271125,0.15107405358858772,280,0.5266597241998389,0.7797446514837819,0.08067802666953794,280,0.7922705314009661,0.6621026290126362,0.10228353522540509,280,0.6666666666666666,0.7674107142857143,0.07486092883577279,280,0.75,0.5737753534121293,0.11177236064675108,280,0.5505050505050505,0.807936507936508,0.15101342518207403,280,0.8888888888888888
IMPUTED,config_strat80,LogisticRegression,robust,smote,on,0.5216424435047916,0.17161922467206062,3360,0.5266597241998389,0.7781199677938808,0.08898505962529385,3360,0.7922705314009661,0.6602123044171406,0.1203211243478671,3360,0.6666666666666666,0.7682291666666666,0.07969984728305038,3360,0.75,0.578403645963354,0.13347837865283046,3360,0.5384615384615384,0.8007275132275132,0.16878028591377445,3360,0.8888888888888888
IMPUTED,config_strat80,SVC_linear,robust,smote,on,0.5200391070120586,0.2038718775802259,3360,0.5691908489504616,0.7741632160110421,0.10517137378163881,3360,0.7922705314009661,0.6534422823849223,0.15874037943033167,3360,0.6923076923076923,0.7775297619047619,0.08817161888860045,3360,0.78125,0.5893447767990974,0.1681150779216284,3360,0.5714285714285714,0.766468253968254,0.20486611163956975,3360,0.7777777777777778
IMPUTED,config_strat80,SVC_linear,standard,smoteenn,on,0.5175944338511156,0.15993097386739788,3360,0.5235477814280327,0.7763644467448815,0.08421326380732384,3360,0.7826086956521738,0.657350273330467,0.10575371144629656,3360,0.6666666666666666,0.7582403273809524,0.08200778597545097,3360,0.75,0.5671456842280731,0.12634497839800587,3360,0.5384615384615384,0.8177910052910053,0.16431814233237332,3360,0.8888888888888888
IMPUTED,config_strat80,LogisticRegression,standard,undersample,off,0.5167795132853895,0.15249524693655483,240,0.5266597241998389,0.7799919484702094,0.08187289879462938,240,0.7922705314009661,0.6571740893613867,0.10324527461649491,240,0.6666666666666666,0.7526041666666666,0.0750461126256594,240,0.75,0.5500159017825426,0.10807778126780562,240,0.5333333333333333,0.8425925925925927,0.158498646778768,240,0.8888888888888888
IMPUTED,config_strat80,LinearDiscriminantAnalysis_svd,robust,smote,on,0.5120118830493534,0.17582776607125603,560,0.5266597241998389,0.7699016563146998,0.09069337918137231,560,0.7801932367149759,0.6521952622723178,0.12755332392889088,560,0.6666666666666666,0.7713169642857143,0.08010866517330352,560,0.75,0.5878141639124058,0.14020917509867561,560,0.5384615384615384,0.7666666666666666,0.17498300138610468,560,0.7777777777777778
IMPUTED,config_strat80,LogisticRegression,standard,none,on,0.510882564213638,0.15545442498230339,840,0.5096447293679518,0.7501380262249827,0.09162073418699965,840,0.7705314009661836,0.6218693617117923,0.13372845588528384,840,0.64,0.7800595238095238,0.0724915495778787,840,0.78125,0.6597098403218482,0.18424183686540715,840,0.6,0.6817460317460317,0.24000276425581618,840,0.6666666666666666
IMPUTED,config_strat80,LogisticRegression,standard,smoteenn,on,0.5099104619912755,0.16603640655530705,3360,0.5204358386562267,0.7748102139406486,0.08733184587986517,3360,0.7826086956521738,0.6543906876286261,0.10773284658732317,3360,0.6666666666666666,0.7472098214285714,0.08738471898225952,3360,0.75,0.5498606873125891,0.12352588671591919,3360,0.5294117647058824,0.8378968253968254,0.15253367621886732,3360,0.8888888888888888
IMPUTED,config_kfold,LogisticRegression,standard,smote,on,0.508581475241017,0.039667698750164376,6720,0.5082247470285293,0.7719483630298848,0.022071613600841235,6720,0.771969696969697,0.6466277684261484,0.027686999976177455,6720,0.6467693623736159,0.7671223958333333,0.01817552606240197,6720,0.76875,0.5694656778056477,0.03076420200007694,6720,0.5673809523809524,0.7820641534391535,0.05423664538267383,6720,0.79
IMPUTED,config_strat80,LogisticRegression,none,undersample,off,0.5085263904947632,0.14245863122741165,240,0.5266597241998389,0.7746578099838969,0.0801667823841725,240,0.7922705314009661,0.6492755641206981,0.09986391161572274,240,0.6666666666666666,0.7591145833333334,0.05919557415741202,240,0.75,0.5541340054710797,0.08477994463708838,240,0.5333333333333333,0.8101851851851851,0.17918771056696656,240,0.8888888888888888
STRICT,config_kfold,LogisticRegression,standard,smote,on,0.5077580049338007,0.0541000804673684,6720,0.5138175328433825,0.7680294398062255,0.030234351256729682,6720,0.7714231601731601,0.6520918782843952,0.03863499012256619,6720,0.6573593073593074,0.7652326462194073,0.023723804643770368,6720,0.7690476190476191,0.5819924567499064,0.03764290218411793,6720,0.5840734265734266,0.7752281746031746,0.06283349374446087,6720,0.7805555555555556
STRICT,config_loo,LogisticRegression,standard,smote,on,0.5069502270076881,0.03437659365078782,336,0.5081533951691829,0.7746932892653917,0.01952980476485481,336,0.7762803234501348,0.65870571523068,0.022576431316059565,336,0.6601941747572816,0.7674147361647362,0.016892852313310204,336,0.7668918918918919,0.565482636344225,0.024587996098478337,336,0.5652769324406574,0.7915249433106576,0.04779618962261554,336,0.8095238095238095
IMPUTED,config_strat80,LinearDiscriminantAnalysis_svd,maxabs,undersample,off,0.5049628739650528,0.14345398215547478,40,0.5278622408751513,0.7705314009661836,0.07770007035602462,40,0.7910628019323671,0.6504292424196852,0.09762014320800655,40,0.6678260869565218,0.7625,0.06890280222056397,40,0.765625,0.5665295402911502,0.10569071434269467,40,0.554945054945055,0.7888888888888889,0.1546984936307524,40,0.8333333333333333
IMPUTED,config_strat80,LinearDiscriminantAnalysis_svd,none,undersample,off,0.5049628739650528,0.14345398215547478,40,0.5278622408751513,0.7705314009661836,0.07770007035602462,40,0.7910628019323671,0.6504292424196852,0.09762014320800655,40,0.6678260869565218,0.7625,0.06890280222056397,40,0.765625,0.5665295402911502,0.10569071434269467,40,0.554945054945055,0.7888888888888889,0.1546984936307524,40,0.8333333333333333
IMPUTED,config_strat80,LinearDiscriminantAnalysis_svd,robust,undersample,off,0.5049628739650528,0.14345398215547478,40,0.5278622408751513,0.7705314009661836,0.07770007035602462,40,0.7910628019323671,0.6504292424196852,0.09762014320800655,40,0.6678260869565218,0.7625,0.06890280222056397,40,0.765625,0.5665295402911502,0.10569071434269467,40,0.554945054945055,0.7888888888888889,0.1546984936307524,40,0.8333333333333333
IMPUTED,config_strat80,LinearDiscriminantAnalysis_svd,standard,undersample,off,0.5049628739650528,0.14345398215547478,40,0.5278622408751513,0.7705314009661836,0.07770007035602462,40,0.7910628019323671,0.6504292424196852,0.09762014320800655,40,0.6678260869565218,0.7625,0.06890280222056397,40,0.765625,0.5665295402911502,0.10569071434269467,40,0.554945054945055,0.7888888888888889,0.1546984936307524,40,0.8333333333333333
IMPUTED,config_strat80,LogisticRegression,none,smoteenn,off,0.5048884432056985,0.1608262705816785,480,0.5516772843673705,0.7710849436392915,0.08327872565035051,480,0.8019323671497585,0.6544227427736455,0.1045058059113561,480,0.6666666666666666,0.751953125,0.08960392078862485,480,0.75,0.5578115943832855,0.1221488877892244,480,0.5454545454545454,0.8148148148148148,0.12969864838119446,480,0.8888888888888888
IMPUTED,config_random80,LogisticRegression,standard,smote,on,0.5038366044509932,0.13946338080679171,3360,0.4970501217477084,0.7809628136741436,0.07949188754496293,3360,0.7708333333333333,0.6313862830585589,0.10497913605857336,3360,0.631578947368421,0.770219494047619,0.06783430824775166,3360,0.75,0.5403591056663536,0.12505026159826943,3360,0.5384615384615384,0.7972596880632594,0.15103434981156974,3360,0.7777777777777778
IMPUTED,config_strat80,LinearDiscriminantAnalysis_svd,maxabs,undersample,on,0.503752858758714,0.14684744197373173,280,0.5266597241998389,0.7704623878536923,0.07823317269091676,280,0.786231884057971,0.6511899418326653,0.09842284934406519,280,0.6666666666666666,0.7589285714285714,0.07401588082593707,280,0.765625,0.5621244044176374,0.10762519719490296,280,0.5590277777777778,0.7968253968253969,0.1450957086232701,280,0.8333333333333333
STRICT,config_loo,LinearDiscriminantAnalysis_svd,standard,smote,on,0.500794012486509,0.036113819083347314,56,0.4977837854963974,0.7695498010524965,0.021922671280701158,56,0.7677448337825696,0.6540082602100262,0.024272028009335877,56,0.6530612244897959,0.769546332046332,0.014386920588176992,56,0.7702702702702703,0.5704145231525682,0.020741324869561345,56,0.5714285714285714,0.7695578231292517,0.05816317489242792,56,0.7619047619047619
IMPUTED,config_strat80,SVC_linear,none,smoteenn,off,0.5007479171488539,0.17430587510837606,480,0.5266597241998389,0.7709842995169082,0.09211219465673506,480,0.78743961352657,0.6507671011119412,0.11231923355986471,480,0.6666666666666666,0.7403645833333333,0.0951676764163209,480,0.75,0.5406103763624501,0.12448540120227325,480,0.5294117647058824,0.8409722222222222,0.1423071584769991,480,0.8888888888888888
STRICT,config_kfold,LogisticRegression,standard,undersample,on,0.5005617871726152,0.048476733127670396,3360,0.504111023948038,0.7672284494605923,0.027126095118897256,3360,0.7693903318903319,0.6488727929972435,0.03381154433774353,3360,0.6514951714951714,0.7543280162639768,0.02290169225913398,3360,0.7566666666666666,0.563475032373805,0.03508724106760826,3360,0.5632539682539682,0.7970886243386244,0.05930360896467933,3360,0.805
IMPUTED,config_strat80,SVC_linear,robust,undersample,on,0.5003894663102759,0.19422744046129528,1680,0.5204358386562267,0.765378421900161,0.10282990745282777,1680,0.7826086956521738,0.6387334058359727,0.15476165631881372,1680,0.6666666666666666,0.7583333333333333,0.09602272159927232,1680,0.75,0.561665836037178,0.16181957941053227,1680,0.5454545454545454,0.7814814814814814,0.21147552450563234,1680,0.8888888888888888
IMPUTED,config_strat80,LogisticRegression,robust,undersample,on,0.49998903529009103,0.15992601708183105,1680,0.5266597241998389,0.7695824706694272,0.08518512369796435,1680,0.7922705314009661,0.6475434123715982,0.10747906889068216,1680,0.6666666666666666,0.7488095238095238,0.08166243873234226,1680,0.75,0.5492986457732542,0.11500068561117376,1680,0.5333333333333333,0.8170634920634922,0.1582998743607781,1680,0.8888888888888888
STRICT,config_kfold,LinearDiscriminantAnalysis_svd,standard,smote,on,0.499818526360788,0.056289192019193926,1120,0.5008990697442544,0.7616804138321995,0.030860989902751525,1120,0.7630321067821069,0.645075998681772,0.040341837573180044,1120,0.6447548466026727,0.7667838083509265,0.02450608367590441,1120,0.77,0.5871514119833309,0.04159430993827695,1120,0.5876984126984126,0.7505496031746032,0.06459295875205436,1120,0.755
STRICT,config_kfold,LogisticRegression,standard,smoteenn,on,0.4990323611864097,0.054024242482644494,6720,0.5035739049155842,0.768368413084931,0.030202566286358846,6720,0.7711363636363636,0.6483187474131535,0.03567129265531483,6720,0.6511369332421963,0.7442063296583001,0.026964938114530077,6720,0.7438095238095238,0.5483920655355239,0.03526259396934599,6720,0.5474801587301588,0.8245104166666667,0.06374260763441192,6720,0.8333333333333334
IMPUTED,config_kfold,LinearDiscriminantAnalysis_svd,standard,smote,on,0.4986839001644267,0.04186084827552785,1120,0.496978335424441,0.7645742126231257,0.023224829416038175,1120,0.7649242424242424,0.6392286937381441,0.02900952187886688,1120,0.6384643134643134,0.7690513392857142,0.019835987979332892,1120,0.76875,0.5739247637958386,0.033944578095720206,1120,0.5721428571428572,0.7539890873015873,0.057321966699787924,1120,0.75
IMPUTED,config_loo,LogisticRegression,standard,smote,on,0.4981285682631651,0.024706249431130572,336,0.4986331041694657,0.7727482646663681,0.015161113939426794,336,0.7754702194357367,0.6480098414156317,0.01635478198989761,336,0.6486486486486487,0.7628348214285714,0.011675392874502658,336,0.7625,0.5482350143165892,0.017702062942922422,336,0.5441176470588235,0.7947781385281386,0.04521139819713906,336,0.7954545454545454
IMPUTED,config_strat80,LogisticRegression,maxabs,smote,on,0.4981044236077019,0.19287750562339703,3360,0.5204358386562267,0.7631815044858522,0.10687984802997137,3360,0.7801932367149759,0.6217867622293066,0.18631932566436563,3360,0.6666666666666666,0.7654761904761904,0.07724586070786182,3360,0.75,0.5651076113132448,0.18219066744349774,3360,0.5625,0.7579365079365079,0.2564152120981942,3360,0.8888888888888888
STRICT,config_strat80,SVC_linear,none,smoteenn,off,0.4976687572026481,0.13209856196711703,480,0.5017840908171767,0.7612929894179895,0.06662316689370504,480,0.7619047619047619,0.6580582192898958,0.07878676637642008,480,0.6547619047619048,0.7459027777777778,0.07879791483114669,480,0.7333333333333333,0.5778883863384637,0.12356278005211112,480,0.5454545454545454,0.7997685185185185,0.12016015463150719,480,0.7777777777777778
IMPUTED,config_strat80,SVC_linear,none,undersample,off,0.497441323138862,0.17787236502196221,240,0.4732058754737091,0.7605475040257649,0.09776817357952086,240,0.748792270531401,0.6399464652244796,0.12788892601278756,240,0.6234817813765182,0.7598958333333333,0.09463782307189872,240,0.75,0.5819509598302167,0.1412206784411602,240,0.5454545454545454,0.7620370370370371,0.1908576445797127,240,0.7777777777777778
IMPUTED,config_kfold,SVC_linear,standard,smote,on,0.49621246720986717,0.045239885861325366,5684,0.4963295060749318,0.7614622257516882,0.025605699152573696,5684,0.7603030303030304,0.6350390134040025,0.03198630340736052,5684,0.6353515928515929,0.7696989356087263,0.020418694385927513,5684,0.76875,0.5791664813157643,0.03589448485970392,5684,0.5783333333333334,0.7420944757213229,0.06194071276538378,5684,0.735
IMPUTED,config_loo,LinearDiscriminantAnalysis_svd,standard,smote,on,0.4958440844206735,0.03217999432575924,56,0.4942411406855747,0.768472906403941,0.01821909604489311,56,0.7672413793103448,0.6460944880894629,0.021308570144513206,56,0.6457528957528957,0.7687499999999999,0.018386630518346256,56,0.76875,0.559960104417143,0.029372019095667314,56,0.5564467312348669,0.7678571428571429,0.05213587650530166,56,0.7613636363636364
IMPUTED,config_random80,LogisticRegression,standard,undersample,on,0.4955513002439524,0.1271030563368609,1680,0.492658951723038,0.7797171947406434,0.0721521293460006,1680,0.7703703703703704,0.6247456765928264,0.09710805020344422,1680,0.6153846153846154,0.7546502976190477,0.06848909228680077,1680,0.75,0.5212567933616419,0.1268721047236596,1680,0.5,0.8232586196871912,0.13383318677075579,1680,0.8
IMPUTED,config_random80,LinearDiscriminantAnalysis_svd,maxabs,undersample,on,0.4946360855936095,0.14045299857815058,280,0.48687298371029364,0.7754227233876628,0.0797172174861037,280,0.7564102564102564,0.6251379457579306,0.10374980486713069,280,0.631578947368421,0.7658482142857143,0.07153514874353985,280,0.75,0.5390638475669988,0.12973235871287978,280,0.5384615384615384,0.7860197540554683,0.14716643275147007,280,0.7596153846153846
IMPUTED,config_random80,LinearDiscriminantAnalysis_svd,standard,smote,on,0.49438618402409146,0.15321414708820133,560,0.4938291646584311,0.7727042971466803,0.08831277040622917,560,0.7706018518518518,0.622923462378879,0.11712423529050359,560,0.6363636363636364,0.7719866071428572,0.06964915622908298,560,0.75,0.5448223834988541,0.13294078977200297,560,0.5454545454545454,0.7685010029652887,0.17394107251128266,560,0.75
IMPUTED,config_strat80,LinearDiscriminantAnalysis_svd,robust,undersample,on,0.4937909448408612,0.1618800324131673,280,0.5204358386562267,0.7645617667356798,0.08665705231337452,280,0.7801932367149759,0.6424633095008421,0.11241686560070117,280,0.6666666666666666,0.7566964285714286,0.07620611308672683,280,0.75,0.5589044639755055,0.11489067172033463,280,0.5384615384615384,0.7825396825396825,0.1676904325436491,280,0.7777777777777778
STRICT,config_loo,LogisticRegression,standard,smoteenn,on,0.4935587901984783,0.03839920828993844,336,0.4930055884664934,0.7708213002182005,0.0222655295550938,336,0.7715633423180592,0.6491907553919231,0.0239816601076819,336,0.6483983983983984,0.7474662162162162,0.01777636031581403,336,0.7432432432432432,0.5367589809609395,0.02209756277149124,336,0.532258064516129,0.8248299319727892,0.059001157540314354,336,0.8333333333333334
STRICT,config_kfold,LogisticRegression,robust,smoteenn,off,0.4934696553637871,0.046582999207792436,960,0.4962545574102615,0.7631302609427609,0.027751346730075645,960,0.7656240981240982,0.6441371702649549,0.03236136131844939,960,0.6469794698055567,0.7504587780514504,0.022537306239091913,960,0.7505747126436781,0.5591471783773933,0.030753166847111504,960,0.5582142857142858,0.7928773148148148,0.06436148316132163,960,0.79
STRICT,config_loo,LogisticRegression,standard,smote,off,0.49319395680383465,0.022611613440948006,48,0.4977014396548559,0.765386343216532,0.014142027168640783,48,0.7678571428571428,0.6494359375808734,0.015696621847746988,48,0.6526175687666371,0.7668918918918918,0.009855742668776691,48,0.7635135135135135,0.5670604325611427,0.015354370922349779,48,0.5648370497427101,0.7619047619047619,0.04281772362536055,48,0.7738095238095237
STRICT,config_loo,LogisticRegression,standard,none,off,0.4930081795069732,0.02864769358390929,12,0.5047622053370361,0.7452455825097335,0.017876000909756735,12,0.742475292003594,0.631098378971108,0.01675956807705908,12,0.6276424939791276,0.7826576576576576,0.032446932330626885,12,0.7871621621621622,0.6355981249605017,0.09525510059236941,12,0.6380635245901639,0.6587301587301587,0.11897544709854997,12,0.6547619047619048
STRICT,config_kfold,SVC_linear,standard,smote,on,0.4929414406101733,0.05621192636106942,6300,0.4945411012521209,0.756582305481115,0.03148181423339896,6300,0.7575000000000001,0.6387545975782395,0.041755802544127474,6300,0.6409523809523809,0.7662284854171554,0.023924928774973785,6300,0.7645977011494253,0.5892468245022351,0.041655013529394075,6300,0.5876984126984126,0.7348625220458553,0.06873929343260515,6300,0.7388888888888889
STRICT,config_random80,LinearDiscriminantAnalysis_svd,maxabs,none,off,0.4925396194250773,0.11609670921087965,20,0.4886363636363636,0.7356247013855709,0.0658450728996697,20,0.7432771033314511,0.5920221934927817,0.09228431213051401,20,0.6153846153846154,0.8,0.05514467945790076,20,0.8,0.6752380952380952,0.1657581755608044,20,0.6666666666666666,0.5804761904761905,0.17490317509636533,20,0.5982142857142857
STRICT,config_random80,LinearDiscriminantAnalysis_svd,none,none,off,0.4925396194250773,0.11609670921087965,20,0.4886363636363636,0.7356247013855709,0.0658450728996697,20,0.7432771033314511,0.5920221934927817,0.09228431213051401,20,0.6153846153846154,0.8,0.05514467945790076,20,0.8,0.6752380952380952,0.1657581755608044,20,0.6666666666666666,0.5804761904761905,0.17490317509636533,20,0.5982142857142857
STRICT,config_random80,LinearDiscriminantAnalysis_svd,robust,none,off,0.4925396194250773,0.11609670921087965,20,0.4886363636363636,0.7356247013855709,0.0658450728996697,20,0.7432771033314511,0.5920221934927817,0.09228431213051401,20,0.6153846153846154,0.8,0.05514467945790076,20,0.8,0.6752380952380952,0.1657581755608044,20,0.6666666666666666,0.5804761904761905,0.17490317509636533,20,0.5982142857142857
STRICT,config_random80,LinearDiscriminantAnalysis_svd,standard,none,off,0.4925396194250773,0.11609670921087965,20,0.4886363636363636,0.7356247013855709,0.0658450728996697,20,0.7432771033314511,0.5920221934927817,0.09228431213051401,20,0.6153846153846154,0.8,0.05514467945790076,20,0.8,0.6752380952380952,0.1657581755608044,20,0.6666666666666666,0.5804761904761905,0.17490317509636533,20,0.5982142857142857
STRICT,config_kfold,SVC_linear,standard,smoteenn,on,0.49243116847284785,0.059237395267522724,6300,0.4947041864636956,0.7615111706635517,0.032636662966412,6300,0.7634090909090909,0.6417979297972279,0.04063254983134317,6300,0.6443434343434344,0.7509236375009773,0.02902448167540553,6300,0.7509523809523809,0.5619862815373835,0.04342300073297405,6300,0.5615873015873015,0.7863029982363317,0.07036550061137505,6300,0.788888888888889
STRICT,config_kfold,SVC_linear,none,smoteenn,off,0.4921326176668983,0.048458904283171816,900,0.4872492383739533,0.7635313451980119,0.026507063229543226,900,0.7627272727272727,0.6436820375571458,0.03200414580539948,900,0.6428971028971029,0.7451302499543879,0.022421074626013376,900,0.7432183908045977,0.5510355275421929,0.03391652469182142,900,0.5471479500891265,0.8065024691358025,0.05298791302874675,900,0.805
IMPUTED,config_strat80,SVC_linear,standard,smoteenn,off,0.49211076305053475,0.1680583259317078,480,0.5174307236488221,0.7625704508856683,0.08842196754869115,480,0.7705314009661836,0.6395817582210844,0.11173863668403222,480,0.6428571428571429,0.7397135416666667,0.08813416166835449,480,0.734375,0.5451792207883412,0.12976677387715949,480,0.5147058823529411,0.8148148148148148,0.1772279442903812,480,0.8888888888888888
IMPUTED,config_random80,SVC_linear,robust,smote,off,0.49176488142244584,0.15403320823310673,480,0.48344880295571363,0.7689335657271155,0.08639005893651706,480,0.7703703703703704,0.6205401490164413,0.11430044264473714,480,0.6086956521739131,0.7776041666666667,0.0676002663900488,480,0.765625,0.556648572016219,0.1405030556118167,480,0.5,0.741424247049247,0.16622942778479588,480,0.75
IMPUTED,config_kfold,LogisticRegression,standard,undersample,on,0.4917201861121118,0.043633028962565226,3360,0.48950372998794,0.7653104021582282,0.023309307095088824,3360,0.7654265480895915,0.6356666842361616,0.029729416880832527,3360,0.6349767699882116,0.7514508928571428,0.02215370201672808,3360,0.75,0.5463700564347408,0.03366106133013286,3360,0.5442857142857143,0.7954861111111111,0.05482549946474783,3360,0.7972222222222223
STRICT,config_kfold,SVC_linear,standard,undersample,on,0.4910169185898523,0.05532064739477494,3150,0.4959223929158198,0.7581712544950641,0.031198090199165505,3150,0.7604437229437229,0.6386557661555384,0.040874080774067595,3150,0.6427777777777778,0.7578603748012614,0.026774661011482032,3150,0.7583333333333333,0.5748912848728417,0.04532097642160607,3150,0.5738461538461539,0.7593093474426807,0.07657424447405871,3150,0.763888888888889
STRICT,config_random80,LogisticRegression,none,none,off,0.4909944281325463,0.12617806101080206,120,0.4796874435475382,0.7540400843118235,0.06458634950400625,120,0.7443181818181819,0.6109912777268747,0.10459321748985774,120,0.6153846153846154,0.7733333333333333,0.07749582079632661,120,0.7666666666666667,0.6016052928552929,0.17229866400394556,120,0.6,0.6971031746031746,0.1740889133863285,120,0.7071428571428571
IMPUTED,config_strat80,LinearDiscriminantAnalysis_svd,standard,smoteenn,on,0.49072600884338635,0.1684191288914807,560,0.4865336327998411,0.764156314699793,0.08917077556141238,560,0.7681159420289855,0.6421136343319281,0.10977589050751795,560,0.64,0.7396205357142858,0.08862739069130977,560,0.75,0.5408550324957612,0.12223400327751291,560,0.5294117647058824,0.8202380952380952,0.15868876707104343,560,0.8888888888888888
IMPUTED,config_random80,LogisticRegression,none,smote,off,0.49050900677852194,0.13199856889164285,480,0.4938291646584311,0.767543210018539,0.07122584696378795,480,0.7636363636363637,0.6216142456861936,0.1056401976748476,480,0.6282894736842105,0.7759114583333333,0.06314889638607352,480,0.78125,0.5514816896066895,0.13476155429365463,480,0.5555555555555556,0.7469457799145299,0.13704217481741848,480,0.75
IMPUTED,config_random80,LinearDiscriminantAnalysis_svd,none,smote,off,0.4902910134337257,0.13875398862164764,80,0.4805092388636314,0.7692395862676183,0.07956485290038952,80,0.7593485461906515,0.619758229212084,0.10437807386941414,80,0.6086956521739131,0.772265625,0.06784752712010429,80,0.75,0.5505997127872128,0.1325187235568915,80,0.5384615384615384,0.7527064255189255,0.16040380144349023,80,0.75
STRICT,config_loo,SVC_linear,standard,smoteenn,on,0.49012569405888157,0.04392685855052226,231,0.4977837854963974,0.7663455891218693,0.025546289544176176,231,0.7724618149146452,0.6471073783988108,0.02883614126659068,231,0.6530612244897959,0.7561425061425062,0.01977002644144777,231,0.7567567567567568,0.5503198903586135,0.027125248492883,231,0.546875,0.7899402185116471,0.06741159791006651,231,0.7857142857142857
STRICT,config_kfold,LogisticRegression,standard,smote,off,0.4894080341431255,0.04363082694237805,960,0.4944241116711019,0.7562992875180375,0.02440194210221389,960,0.7601370851370852,0.6380468894929315,0.03257722900607609,960,0.6391847041847042,0.7621851053639846,0.017641283121326973,960,0.7636781609195402,0.5802529352455823,0.032258752245192916,960,0.5814285714285714,0.7435972222222222,0.05563522094825825,960,0.7416666666666667
IMPUTED,config_strat80,LogisticRegression,standard,smoteenn,off,0.48817436120850105,0.1739673583546107,480,0.5174307236488221,0.7632648953301128,0.0922950820928919,480,0.7705314009661836,0.638705110848704,0.11395116673511652,480,0.6428571428571429,0.7309895833333333,0.09006056530816141,480,0.71875,0.5292618477583647,0.12177950377095478,480,0.5,0.837037037037037,0.16986164166877632,480,0.8888888888888888
STRICT,config_kfold,LogisticRegression,standard,smoteenn,off,0.4877855940602911,0.04806253234359219,960,0.49178990929674604,0.7615341510341511,0.027835721668475203,960,0.7652272727272728,0.6405122017631201,0.03303021465688752,960,0.6448408075524781,0.7429769088669951,0.022401929738423455,960,0.7428571428571429,0.5469792998574925,0.030386059553550834,960,0.542718253968254,0.8048657407407408,0.06597547478907008,960,0.8099999999999999
IMPUTED,config_random80,LogisticRegression,robust,smote,off,0.48745765259910784,0.14134046712594844,480,0.48378865373226965,0.7663613125007813,0.0780890288143754,480,0.7525303643724697,0.6187839682469087,0.10962831867508127,480,0.6168478260869565,0.7747395833333334,0.06365014711203294,480,0.75,0.5491534772417126,0.13394754740942785,480,0.5454545454545454,0.7451320207570208,0.15433680647598974,480,0.7142857142857143
STRICT,config_kfold,LogisticRegression,robust,smote,off,0.48739460115742667,0.04253399354363425,960,0.49156373679253595,0.7549436778499279,0.023782905489678013,960,0.7568181818181818,0.6365915074147895,0.03199173166392187,960,0.6392763883862955,0.761945197044335,0.0177537465064972,960,0.7633333333333333,0.5806154784077578,0.03237625484107502,960,0.5823137973137973,0.7396805555555556,0.05099554280029491,960,0.74
IMPUTED,config_strat80,SVC_linear,robust,smoteenn,off,0.48721911049680117,0.16374804521789074,480,0.5096447293679518,0.7613425925925926,0.08698450370360501,480,0.7693236714975845,0.6380185748874513,0.10764544158834115,480,0.64,0.741796875,0.08262947163764195,480,0.71875,0.5424104226276246,0.11739994101671704,480,0.5,0.8060185185185185,0.17043158629798735,480,0.7777777777777778
STRICT,config_loo,LogisticRegression,robust,smoteenn,off,0.48699667021997123,0.03519506573922849,48,0.48758791515595,0.7651242887091944,0.02150837888573531,48,0.7632524707996406,0.6454134422823702,0.022556245907485478,48,0.6464460784313726,0.7545045045045046,0.012570097296618236,48,0.7567567567567568,0.5472764310225187,0.01615319187934481,48,0.55,0.7896825396825397,0.06042046697903069,48,0.8095238095238095
IMPUTED,config_random80,LogisticRegression,standard,smote,off,0.48667264158313217,0.13273772288769106,480,0.4938291646584311,0.7672976846540681,0.07390998748437289,480,0.7672064777327935,0.6183985241343799,0.1031172257413687,480,0.625,0.7703125,0.06387449978151066,480,0.75,0.544681184148096,0.13194161415250688,480,0.5454545454545454,0.7554662698412699,0.1474105566032387,480,0.75
STRICT,config_loo,LinearDiscriminantAnalysis_svd,maxabs,none,off,0.4862652153958905,0.0,2,0.4862652153958905,0.7194519317160827,0.0,2,0.7194519317160827,0.6027397260273972,0.0,2,0.6027397260273972,0.8040540540540541,0.0,2,0.8040540540540541,0.7096774193548387,0.0,2,0.7096774193548387,0.5238095238095238,0.0,2,0.5238095238095238
STRICT,config_loo,LinearDiscriminantAnalysis_svd,none,none,off,0.4862652153958905,0.0,2,0.4862652153958905,0.7194519317160827,0.0,2,0.7194519317160827,0.6027397260273972,0.0,2,0.6027397260273972,0.8040540540540541,0.0,2,0.8040540540540541,0.7096774193548387,0.0,2,0.7096774193548387,0.5238095238095238,0.0,2,0.5238095238095238
STRICT,config_loo,LinearDiscriminantAnalysis_svd,robust,none,off,0.4862652153958905,0.0,2,0.4862652153958905,0.7194519317160827,0.0,2,0.7194519317160827,0.6027397260273972,0.0,2,0.6027397260273972,0.8040540540540541,0.0,2,0.8040540540540541,0.7096774193548387,0.0,2,0.7096774193548387,0.5238095238095238,0.0,2,0.5238095238095238
STRICT,config_loo,LinearDiscriminantAnalysis_svd,standard,none,off,0.4862652153958905,0.0,2,0.4862652153958905,0.7194519317160827,0.0,2,0.7194519317160827,0.6027397260273972,0.0,2,0.6027397260273972,0.8040540540540541,0.0,2,0.8040540540540541,0.7096774193548387,0.0,2,0.7096774193548387,0.5238095238095238,0.0,2,0.5238095238095238
STRICT,config_kfold,LogisticRegression,standard,undersample,off,0.4862111717375059,0.04335565661210727,480,0.4828513247175382,0.75909139009139,0.025044766620425932,480,0.7578968253968255,0.6382534681332529,0.03061311152106615,480,0.6398550724637682,0.7504072249589491,0.018662515933846477,480,0.7504761904761905,0.5578184203173561,0.03068829519097639,480,0.5596620046620047,0.7792037037037037,0.06091339912964413,480,0.765
IMPUTED,config_random80,LinearDiscriminantAnalysis_svd,standard,undersample,on,0.4858477460494008,0.1479603465680774,280,0.49543964320306977,0.7709568806419084,0.08186130607159757,280,0.7613636363636364,0.6174074717759925,0.11052707184743019,280,0.6086956521739131,0.7580357142857143,0.07570711208517004,280,0.75,0.5302347786433921,0.14200325571019584,280,0.5,0.7866014739229025,0.15278221572679318,280,0.75
IMPUTED,config_kfold,SVC_linear,standard,undersample,on,0.4856213754879207,0.04688491526635307,2842,0.4846876647211292,0.7566029520026628,0.025474866800334613,2842,0.756219806763285,0.6264362680312423,0.03385601024148798,2842,0.6268453768453768,0.7596960767065447,0.026701749562380868,2842,0.7625,0.5666895363212329,0.04722755610348279,2842,0.5648809523809524,0.7483673469387756,0.07037403117435093,2842,0.75
IMPUTED,config_random80,LogisticRegression,standard,smoteenn,on,0.48553964873555056,0.1353332019610758,3360,0.4729696357398171,0.777481218102663,0.07778210880500451,3360,0.777552856500225,0.6166143287307053,0.10247468259297296,3360,0.6086956521739131,0.7385974702380952,0.07508294005509343,3360,0.71875,0.49954037554988456,0.12108657113415533,3360,0.4666666666666667,0.8496996191639049,0.1406839662706915,3360,0.8571428571428571
STRICT,config_kfold,LinearDiscriminantAnalysis_svd,standard,undersample,on,0.4852912706146399,0.05443615618864238,560,0.48465118419564035,0.757010126777984,0.029743833786243155,560,0.7575018037518038,0.6372568356045396,0.03854651736280364,560,0.6378034987178209,0.754788470560638,0.02514721758593335,560,0.7566666666666666,0.5657506016791455,0.04202250794616192,560,0.5588293650793651,0.7624404761904763,0.061963132118616426,560,0.763888888888889
IMPUTED,config_kfold,LogisticRegression,robust,smote,off,0.4849927356430681,0.031149005809058522,960,0.48580575730752246,0.7570287293222075,0.017275598713201182,960,0.7573484848484848,0.6312464397516304,0.023221043627887704,960,0.631156512046605,0.7632942708333333,0.015662423683147828,960,0.7625,0.567048957270513,0.027102074087883735,960,0.5640949328449328,0.7430856481481481,0.04153332924553436,960,0.7430555555555556
IMPUTED,config_loo,SVC_linear,standard,smote,on,0.4847538888707273,0.03103426777777313,230,0.48760661964655005,0.7619054109308981,0.018842192034911734,230,0.7613636363636364,0.6384054912968238,0.021026684696352452,230,0.6395876288659794,0.7657065217391305,0.015013758641578084,230,0.7625,0.5561061218821187,0.024592864214418475,230,0.5535714285714286,0.7534584980237153,0.05606736781308665,230,0.75
IMPUTED,config_random80,SVC_linear,standard,smote,on,0.4846699838043335,0.1546920294513254,3360,0.4730684412529962,0.7687159306499471,0.08977011004842149,3360,0.7571428571428571,0.6168883837124765,0.11296570306898876,3360,0.625,0.7689360119047619,0.06760013190408938,3360,0.75,0.5390850054571168,0.12976066441994244,3360,0.5333333333333333,0.7597200963718821,0.17249553586673824,3360,0.75
IMPUTED,config_strat80,GaussianNB,maxabs,undersample,off,0.48437022478064234,0.14073874092733393,120,0.5034847357280339,0.7583333333333333,0.07392062497981743,120,0.7753623188405797,0.6383290343314573,0.09186382218116919,120,0.6533333333333333,0.7546875,0.0696595204693286,120,0.765625,0.5595010096113037,0.10590235243997742,120,0.5539772727272727,0.7666666666666667,0.14069322833905987,120,0.7777777777777778
IMPUTED,config_strat80,GaussianNB,none,undersample,off,0.48437022478064234,0.1407387409273339,120,0.5034847357280339,0.7583333333333333,0.0739206249798174,120,0.7753623188405797,0.6383290343314573,0.09186382218116919,120,0.6533333333333333,0.7546875,0.06965952046932856,120,0.765625,0.5595010096113037,0.10590235243997748,120,0.5539772727272727,0.7666666666666667,0.14069322833905987,120,0.7777777777777778
IMPUTED,config_strat80,GaussianNB,robust,undersample,off,0.48437022478064234,0.14073874092733393,120,0.5034847357280339,0.7583333333333333,0.07392062497981743,120,0.7753623188405797,0.6383290343314573,0.09186382218116919,120,0.6533333333333333,0.7546875,0.0696595204693286,120,0.765625,0.5595010096113037,0.10590235243997742,120,0.5539772727272727,0.7666666666666667,0.14069322833905987,120,0.7777777777777778
IMPUTED,config_strat80,GaussianNB,standard,undersample,off,0.48437022478064234,0.14073874092733393,120,0.5034847357280339,0.7583333333333333,0.07392062497981743,120,0.7753623188405797,0.6383290343314573,0.09186382218116919,120,0.6533333333333333,0.7546875,0.0696595204693286,120,0.765625,0.5595010096113037,0.10590235243997742,120,0.5539772727272727,0.7666666666666667,0.14069322833905987,120,0.7777777777777778
STRICT,config_loo,LogisticRegression,standard,undersample,on,0.4842994511512507,0.03356114971388464,168,0.48223380406606214,0.7630358747272494,0.018089011257096548,168,0.7606693620844565,0.6443709700563847,0.021546825896712685,168,0.6432323232323233,0.7550675675675675,0.019892498557071026,168,0.7567567567567568,0.5496038510372758,0.027426050955608468,168,0.5517241379310345,0.7814625850340136,0.04105958645157195,168,0.7857142857142857
IMPUTED,config_kfold,LogisticRegression,standard,smote,off,0.48419486156424235,0.0327773657060213,960,0.48559362761309144,0.7570691447994436,0.018321660829078233,960,0.7573484848484849,0.6307085535095865,0.024831564219472566,960,0.6313492063492063,0.7622265625,0.015799227408687375,960,0.7625,0.564606911275787,0.02638915501753253,960,0.5622435897435898,0.7455081018518519,0.04391135144315297,960,0.745
IMPUTED,config_strat80,LinearDiscriminantAnalysis_svd,none,smoteenn,off,0.48416482518409965,0.1822691374738475,80,0.5174307236488221,0.763707729468599,0.09942996402676296,80,0.7801932367149759,0.6378654744219675,0.11698311799486512,80,0.6428571428571429,0.72109375,0.09803939868552973,80,0.71875,0.5141941784574962,0.11377399890156117,80,0.5,0.861111111111111,0.15960178606168648,80,0.8888888888888888
STRICT,config_loo,LogisticRegression,robust,undersample,off,0.48360076513906836,0.024270607239530458,24,0.48253340223388963,0.76270964360587,0.015301715314769022,24,0.7619047619047619,0.6437813861518491,0.016196547761791302,24,0.6436206727468864,0.7561936936936937,0.006583159677566825,24,0.7567567567567568,0.5499259264048474,0.008667076593013053,24,0.5483870967741935,0.7777777777777778,0.04365863534557549,24,0.7857142857142857
IMPUTED,config_strat80,LinearDiscriminantAnalysis_svd,standard,none,on,0.4833543782902676,0.14340788848659586,140,0.4596940590980118,0.7064527260179434,0.0730886545341302,140,0.71256038647343,0.5702209735568868,0.13536501127362396,140,0.5882352941176471,0.7995535714285714,0.05470573492053917,140,0.78125,0.7639208410636982,0.18965603860590305,140,0.775,0.4936507936507937,0.1550130018535834,140,0.5555555555555556
STRICT,config_kfold,LogisticRegression,robust,undersample,off,0.48322894545798134,0.04050004414584269,480,0.4822729397200566,0.7564890121452622,0.02298598219682797,480,0.7544552669552669,0.6361394513629964,0.028865843808665435,480,0.6373968253968254,0.7523485221674877,0.018600342093116964,480,0.7505747126436781,0.5616988757966893,0.03151232458956029,480,0.5632570207570207,0.7663171296296297,0.05416829778049969,480,0.763888888888889
IMPUTED,config_random80,SVC_linear,standard,smote,off,0.48284061286861424,0.13610416914805268,480,0.4676593023870102,0.7630312276952008,0.07839832151947937,480,0.7518518518518519,0.61282558606613,0.10382579772077087,480,0.6086956521739131,0.775390625,0.05971627213978139,480,0.75,0.5539399836274836,0.13107793436847384,480,0.5384615384615384,0.727958892958893,0.16227647955028018,480,0.7
IMPUTED,config_strat80,LogisticRegression,robust,none,on,0.48263765406474923,0.17950238181868822,840,0.4965077541203082,0.7338221762134806,0.10117461947054521,840,0.7560386473429952,0.5900090904703996,0.17358127029372336,840,0.6339712918660287,0.7758184523809524,0.07127585735341074,840,0.78125,0.6429054733883902,0.2179057414372768,840,0.6,0.6378306878306877,0.26558248153152636,840,0.6666666666666666
IMPUTED,config_random80,LogisticRegression,robust,undersample,off,0.4825021324813706,0.1452570885876186,240,0.4526019054848144,0.7694040833167454,0.07950227887592383,240,0.7525303643724697,0.6158450751009729,0.11426588143434342,240,0.6086956521739131,0.7578125,0.06875713161945866,240,0.75,0.5233987485825721,0.1410369455020736,240,0.5,0.7882002950752951,0.14527929708165724,240,0.75
IMPUTED,config_strat80,LinearDiscriminantAnalysis_svd,maxabs,none,off,0.48188161713903616,0.16203236430180543,20,0.49607021632979176,0.711111111111111,0.06545661505127778,20,0.7234299516908212,0.5895329575824932,0.10759189518248466,20,0.6076923076923078,0.79375,0.06601933528580053,20,0.796875,0.7327994227994228,0.21776885039844437,20,0.7166666666666667,0.5222222222222223,0.11456616476020419,20,0.5
IMPUTED,config_strat80,LinearDiscriminantAnalysis_svd,none,none,off,0.48188161713903616,0.16203236430180543,20,0.49607021632979176,0.711111111111111,0.06545661505127778,20,0.7234299516908212,0.5895329575824932,0.10759189518248466,20,0.6076923076923078,0.79375,0.06601933528580053,20,0.796875,0.7327994227994228,0.21776885039844437,20,0.7166666666666667,0.5222222222222223,0.11456616476020419,20,0.5
IMPUTED,config_strat80,LinearDiscriminantAnalysis_svd,robust,none,off,0.48188161713903616,0.16203236430180543,20,0.49607021632979176,0.711111111111111,0.06545661505127778,20,0.7234299516908212,0.5895329575824932,0.10759189518248466,20,0.6076923076923078,0.79375,0.06601933528580053,20,0.796875,0.7327994227994228,0.21776885039844437,20,0.7166666666666667,0.5222222222222223,0.11456616476020419,20,0.5
IMPUTED,config_strat80,LinearDiscriminantAnalysis_svd,standard,none,off,0.48188161713903616,0.16203236430180543,20,0.49607021632979176,0.711111111111111,0.06545661505127778,20,0.7234299516908212,0.5895329575824932,0.10759189518248466,20,0.6076923076923078,0.79375,0.06601933528580053,20,0.796875,0.7327994227994228,0.21776885039844437,20,0.7166666666666667,0.5222222222222223,0.11456616476020419,20,0.5
IMPUTED,config_kfold,LogisticRegression,standard,smoteenn,on,0.4818792570678166,0.046118900634082916,6720,0.4820286366396349,0.7623510333014409,0.025107154274830307,6720,0.7625757575757576,0.6307791749887234,0.03008532225234501,6720,0.6308513708513709,0.7350930059523809,0.02618615417598243,6720,0.73125,0.5251979214619306,0.03416793117811944,6720,0.523126505847094,0.8222161044973545,0.05437737200481959,6720,0.825
STRICT,config_random80,LogisticRegression,standard,smote,on,0.4815795130313094,0.16297738251329313,3360,0.4796874435475382,0.7673026491135962,0.08497828777234517,3360,0.7692307692307692,0.6191183069080101,0.1283989928714231,3360,0.631578947368421,0.7399007936507936,0.1008245097505078,3360,0.7333333333333333,0.524736045025809,0.1436156823635643,3360,0.5384615384615384,0.8091345427059713,0.14809252625048233,3360,0.8
STRICT,config_strat80,LinearDiscriminantAnalysis_svd,maxabs,none,off,0.48156992315065705,0.13162159256986405,20,0.49856255684579104,0.7071428571428571,0.06836462053129534,20,0.7023809523809523,0.5790287559018209,0.10790187125261509,20,0.5798319327731092,0.79,0.04848584528480925,20,0.8,0.7624206349206349,0.1840313584039403,20,0.7638888888888888,0.5,0.15505349220541348,20,0.4444444444444444
STRICT,config_strat80,LinearDiscriminantAnalysis_svd,none,none,off,0.48156992315065705,0.13162159256986405,20,0.49856255684579104,0.7071428571428571,0.06836462053129534,20,0.7023809523809523,0.5790287559018209,0.10790187125261509,20,0.5798319327731092,0.79,0.04848584528480925,20,0.8,0.7624206349206349,0.1840313584039403,20,0.7638888888888888,0.5,0.15505349220541348,20,0.4444444444444444
STRICT,config_strat80,LinearDiscriminantAnalysis_svd,robust,none,off,0.48156992315065705,0.13162159256986405,20,0.49856255684579104,0.7071428571428571,0.06836462053129534,20,0.7023809523809523,0.5790287559018209,0.10790187125261509,20,0.5798319327731092,0.79,0.04848584528480925,20,0.8,0.7624206349206349,0.1840313584039403,20,0.7638888888888888,0.5,0.15505349220541348,20,0.4444444444444444
STRICT,config_strat80,LinearDiscriminantAnalysis_svd,standard,none,off,0.48156992315065705,0.13162159256986405,20,0.49856255684579104,0.7071428571428571,0.06836462053129534,20,0.7023809523809523,0.5790287559018209,0.10790187125261509,20,0.5798319327731092,0.79,0.04848584528480925,20,0.8,0.7624206349206349,0.1840313584039403,20,0.7638888888888888,0.5,0.15505349220541348,20,0.4444444444444444
IMPUTED,config_random80,SVC_linear,standard,undersample,on,0.4812940319235101,0.15927455830533857,1680,0.4938291646584311,0.7655807055046867,0.091312492940647,1680,0.7703703703703704,0.6106242087304163,0.11767321016228327,1680,0.6086956521739131,0.7629092261904762,0.07604842166121153,1680,0.75,0.539059797967361,0.1454582235295545,1680,0.5,0.7593030481423338,0.18539239256944157,1680,0.75
IMPUTED,config_kfold,SVC_linear,standard,smoteenn,on,0.4812638773456337,0.048518395766165436,5684,0.481881562989532,0.7594057806440008,0.026313966463621566,5684,0.759903381642512,0.6288471877497346,0.0323042362735748,5684,0.6287606837606837,0.7433750439831105,0.028301605519405974,5684,0.74375,0.5385663718256252,0.039299581533666465,5684,0.5363095238095238,0.7940825123152708,0.062155192844664704,5684,0.7972222222222223
STRICT,config_loo,SVC_linear,standard,smote,on,0.4811350631365751,0.06582841357759682,233,0.4771061411472772,0.7579830360608366,0.03780650332929434,233,0.7583108715184187,0.6433870248548973,0.03448986854151187,233,0.64,0.7632851467347176,0.022929371860028885,233,0.7635135135135135,0.5656147430607797,0.03894837791651835,233,0.5645161290322581,0.7501955643882535,0.06140627829612205,233,0.7619047619047619
IMPUTED,config_kfold,LinearDiscriminantAnalysis_svd,standard,undersample,on,0.48079696883772993,0.04954825133218,560,0.4817104549402841,0.7563730197942155,0.026022992199610878,560,0.7567424242424243,0.6277418278057605,0.033939578698468066,560,0.6279196013749789,0.7559151785714285,0.02528956971328108,560,0.75625,0.5557687948323728,0.03978422842170272,560,0.5527976190476191,0.7569861111111111,0.05782136049658473,560,0.7619444444444444
STRICT,config_strat80,LinearDiscriminantAnalysis_svd,standard,smote,on,0.4800257500658139,0.16238064790180495,560,0.5048267902790238,0.7444727891156463,0.08280066634926318,560,0.7619047619047619,0.636286046064316,0.10663731260834929,560,0.6666666666666666,0.7575,0.0762316871466427,560,0.7666666666666667,0.6031352260877361,0.1392717363693129,560,0.5833333333333334,0.7119047619047619,0.1747791372756388,560,0.6666666666666666
STRICT,config_kfold,LogisticRegression,standard,none,off,0.48001573336606695,0.04306750888109295,240,0.47744723261744976,0.7372786495911495,0.027317226543339262,240,0.7372204184704185,0.612972292031424,0.03861522503178158,240,0.6187928153717627,0.771731527093596,0.02750367678964856,240,0.7666995073891625,0.6287959020826668,0.08057376876998958,240,0.6077380952380952,0.6576712962962963,0.11310711362695537,240,0.6444444444444445
STRICT,config_loo,LogisticRegression,standard,undersample,off,0.47968323562445075,0.021762800023193668,24,0.4777053374829322,0.7609501347708895,0.014163765159520262,24,0.7607816711590296,0.6412044638893922,0.01454071080492043,24,0.6407766990291263,0.7528153153153153,0.006583159677566833,24,0.7567567567567568,0.5454313912926853,0.009305856724114846,24,0.5483870967741935,0.7797619047619048,0.045636795952706255,24,0.7857142857142857
IMPUTED,config_strat80,LogisticRegression,robust,smoteenn,off,0.47914257444109026,0.16482341890788527,480,0.4845437118523489,0.7574074074074074,0.08810248167880669,480,0.7608695652173914,0.6324931469990871,0.10671923098173697,480,0.6363636363636364,0.7341145833333333,0.08350129320210022,480,0.71875,0.5329371610215263,0.11514590817562127,480,0.5,0.8106481481481481,0.17320669280843812,480,0.8888888888888888
STRICT,config_kfold,LinearDiscriminantAnalysis_svd,maxabs,smote,on,0.478305202259643,0.04720069959938335,1120,0.47915637589201726,0.7507236265718409,0.026536734897437443,1120,0.7509018759018758,0.6315337639436316,0.03435837455207863,1120,0.630993006993007,0.7576122155758855,0.021033266941366226,1120,0.7567816091954023,0.5735911470111907,0.035166141625235986,1120,0.5707142857142857,0.7352222222222222,0.06163533560598601,1120,0.735
STRICT,config_random80,LogisticRegression,standard,none,off,0.478230308805906,0.15689104526246997,120,0.4803844614152614,0.7489548686016078,0.08099090684410802,120,0.7422360248447204,0.6040851494479506,0.11994448750378564,120,0.6153846153846154,0.765,0.09114378499098917,120,0.7666666666666667,0.5867237826816001,0.17483486424004113,120,0.5714285714285714,0.697744708994709,0.18889616745378718,120,0.7083333333333333
IMPUTED,config_loo,LinearDiscriminantAnalysis_svd,maxabs,smote,off,0.47820953775303143,0.007527767945959676,8,0.4778932379516889,0.7572492163009404,0.003113733538999858,8,0.7572492163009404,0.6342429918194168,0.0037703257279766357,8,0.6340835399580393,0.765625,0.01377432912548348,8,0.765625,0.557478068533493,0.02409678473121847,8,0.5568783068783069,0.7386363636363636,0.03644471480623966,8,0.7386363636363636
STRICT,config_loo,LinearDiscriminantAnalysis_svd,maxabs,smote,on,0.4779145590792044,0.031773665838031234,56,0.4670841238700822,0.7571717366191759,0.01946145347540536,56,0.7511230907457322,0.638882720348494,0.021453632917764722,56,0.6328744263662912,0.7591698841698842,0.013902782291668003,56,0.7567567567567568,0.5571331542592132,0.02087165664358748,56,0.5576923076923077,0.7525510204081632,0.05826435031117652,56,0.7619047619047619
STRICT,config_strat80,LinearDiscriminantAnalysis_svd,maxabs,smote,on,0.4777333550757446,0.15573186036732736,560,0.5048267902790238,0.7421201814058956,0.07764845059382719,560,0.753968253968254,0.6356955348250153,0.09967135769769471,560,0.6666666666666666,0.756904761904762,0.0777845112471955,560,0.7666666666666667,0.6075386188857828,0.14195969629597133,560,0.5833333333333334,0.7051587301587301,0.15942270194742672,560,0.6666666666666666
IMPUTED,config_strat80,SVC_linear,robust,smoteenn,on,0.47757762936079495,0.18560836375980577,3360,0.5174307236488221,0.7547633425350816,0.0980515149068697,3360,0.7705314009661836,0.6320807027039597,0.12359638559584696,3360,0.6428571428571429,0.7393415178571429,0.09840420108756401,3360,0.75,0.5453149900881311,0.13599410709991216,3360,0.5333333333333333,0.7900132275132274,0.17944678120776822,3360,0.7777777777777778
IMPUTED,config_random80,LogisticRegression,standard,undersample,off,0.4771662315848042,0.14312546851302108,240,0.4702759709795405,0.7677781516834721,0.07979927210347568,240,0.750925925925926,0.6120270145105645,0.11062508302582794,240,0.6086956521739131,0.7494791666666667,0.07209136450451421,240,0.75,0.5153595294955589,0.13963110929019878,240,0.5,0.7985523504273504,0.1464938172556086,240,0.7596153846153846
STRICT,config_kfold,SVC_linear,robust,smoteenn,off,0.4769606295309425,0.05318097804372791,900,0.4824190031995375,0.7510632355299023,0.03028354315076928,900,0.7538636363636364,0.630530041636173,0.03822073055071615,900,0.6355594405594406,0.7508975916803503,0.025460625294599085,900,0.7547619047619047,0.5653946202089392,0.04026546754076887,900,0.5653113553113552,0.7515839506172839,0.06611781769628336,900,0.76
IMPUTED,config_strat80,GaussianNB,standard,undersample,on,0.47656625069972663,0.15499312551360228,840,0.47986975413677513,0.751552795031056,0.08166396089929585,840,0.7427536231884058,0.6309704798001777,0.10421601783613281,840,0.625,0.7459821428571428,0.08602668864191107,840,0.75,0.5601167046993009,0.12997473117260594,840,0.5333333333333333,0.7642857142857142,0.15580009373589926,840,0.7777777777777778
IMPUTED,config_random80,LogisticRegression,standard,smoteenn,off,0.47592123686992444,0.12501880894626044,480,0.4581228472908512,0.770687931241993,0.07082226866261007,480,0.7793522267206479,0.6073171854004756,0.10014219339915187,480,0.5833333333333334,0.735546875,0.07115395508503526,480,0.71875,0.4981329360175142,0.1265733591694305,480,0.4666666666666667,0.8328547262922262,0.1481383594730598,480,0.8571428571428571
STRICT,config_random80,LogisticRegression,standard,undersample,off,0.4756612431848802,0.14979249857294727,240,0.4796874435475382,0.7642019081964734,0.07576929951377542,240,0.7613636363636364,0.6173134667700894,0.1201900073852424,240,0.631578947368421,0.7288888888888889,0.10597521120404159,240,0.7333333333333333,0.5160465445430615,0.14323147009917878,240,0.5,0.8238425925925926,0.11795057592543261,240,0.75
STRICT,config_kfold,LinearDiscriminantAnalysis_svd,maxabs,undersample,on,0.47547914709483813,0.04676898228451113,560,0.48242836913471654,0.7516621572871574,0.02631781574277394,560,0.7515873015873016,0.6311906019739707,0.03234118909801929,560,0.6359307359307359,0.7508257095941825,0.022680361827524063,560,0.7505254515599343,0.5608768382644432,0.035830608229965026,560,0.5587246087246087,0.753968253968254,0.06197155657392154,560,0.7555555555555555
IMPUTED,config_random80,LinearDiscriminantAnalysis_svd,maxabs,smote,off,0.47532638050819953,0.14839631861768096,80,0.44447357271190713,0.7583513861922043,0.08081982203717526,80,0.739025974025974,0.6082586050056941,0.11585886937131906,80,0.6086956521739131,0.77109375,0.06795334604656382,80,0.765625,0.5474868881118881,0.14371808435622346,80,0.5358974358974359,0.7251388888888889,0.15850531608125412,80,0.7142857142857143
IMPUTED,config_loo,LogisticRegression,standard,smote,off,0.47463002861964604,0.023155354294175663,48,0.4771087555223537,0.758555381400209,0.014718006788506868,48,0.7578369905956113,0.632703684941554,0.015794528777942084,48,0.6341393754760092,0.7572916666666667,0.008288888571989924,48,0.75625,0.5421533302084155,0.012123750209430554,48,0.5396825396825397,0.7613636363636364,0.04245416647514116,48,0.7727272727272727
STRICT,config_random80,LogisticRegression,standard,undersample,on,0.47446095898959534,0.14870576136963287,1680,0.4796874435475382,0.7634675915440667,0.07732852843620303,1680,0.7670454545454546,0.614635710982322,0.11933738853988105,1680,0.631578947368421,0.7255952380952381,0.10618944855613667,1680,0.7666666666666667,0.5119336244394294,0.13900979059297472,1680,0.5333333333333333,0.8289866780045352,0.13199750564366558,1680,0.875
STRICT,config_kfold,SVC_linear,robust,smote,off,0.47442144187870394,0.04294263271086927,900,0.4785507207687393,0.7451053551386885,0.023028803965356674,900,0.7453282828282829,0.6246812028075024,0.032154368437796225,900,0.6246115288220551,0.7620612479474548,0.020090723694287015,900,0.7632183908045977,0.5857745620936797,0.03889343823103181,900,0.5857142857142856,0.7064975308641975,0.05130777329170696,900,0.71
IMPUTED,config_loo,SVC_linear,standard,smoteenn,on,0.47440558841381253,0.03745691078279743,229,0.4685790789045568,0.7617811528931843,0.020432779229368127,229,0.7586206896551724,0.6322259934354557,0.023872543393350525,229,0.6296296296296297,0.7414028384279476,0.025561482095293128,229,0.74375,0.5216993795007314,0.03174385872442082,229,0.5205479452054794,0.8070662961492655,0.05053412664862629,229,0.8181818181818182
IMPUTED,config_kfold,SVC_linear,robust,smote,off,0.4743655971604155,0.03706871803869342,800,0.4744914211325917,0.7484268994290733,0.019598826326854647,800,0.7480643390425998,0.6196825196991952,0.02664305645813774,800,0.6207251082251082,0.764234375,0.018819483010575934,800,0.7625,0.5728138294711824,0.03550337684008664,800,0.5733333333333334,0.712723611111111,0.045457675725608486,800,0.71
IMPUTED,config_random80,SVC_linear,standard,smoteenn,on,0.4743577154955824,0.13774255423242213,3360,0.4700159919404217,0.7688917138216304,0.08087655068408908,3360,0.7651821862348178,0.6088821758850974,0.1031691788822379,3360,0.6,0.7438802083333333,0.07243914181779111,3360,0.75,0.5051954686635829,0.1195136919162251,3360,0.5,0.8125280176173033,0.16034863856131745,3360,0.8
IMPUTED,config_loo,LogisticRegression,robust,smote,off,0.47424154712538,0.02318974477240948,48,0.4777210195786547,0.7579186259143156,0.013200193051510701,48,0.7601880877742947,0.6325851788352198,0.015642860853700147,48,0.6355140186915887,0.7580729166666668,0.012430547301131757,48,0.753125,0.5438872224094468,0.018564733049092202,48,0.5359703020993343,0.7575757575757575,0.03487440518375128,48,0.7727272727272727
IMPUTED,config_random80,SVC_linear,none,smote,off,0.4742220385366023,0.14285010022590797,480,0.4730684412529962,0.7612327799078729,0.07963082362816813,480,0.7518518518518519,0.6101018400965772,0.10753306248313457,480,0.6086956521739131,0.763671875,0.06841952086740646,480,0.75,0.5361305942831679,0.13438672463857151,480,0.5,0.7487930530118031,0.1530271162850716,480,0.75
IMPUTED,config_random80,LinearDiscriminantAnalysis_svd,maxabs,smote,on,0.47396735071553164,0.1711290824040743,560,0.4526019054848144,0.7600952395141878,0.09745020493063009,560,0.740909090909091,0.6087145327408318,0.1316398680213256,560,0.6153846153846154,0.7669642857142858,0.0744756030422379,560,0.75,0.5368348708947448,0.14037816459566474,560,0.5358974358974359,0.7414105834641549,0.18477014357747695,560,0.7142857142857143
STRICT,config_kfold,LogisticRegression,none,smote,off,0.47390281419707814,0.03981358331430417,960,0.4753396887724486,0.7461596019721021,0.021351261111822128,960,0.7489448051948051,0.6259820818998278,0.03069994734137978,960,0.6293284493284493,0.7601522304324029,0.017752787070612192,960,0.7623809523809524,0.5794911707811523,0.03352729898842345,960,0.5806060606060606,0.7156018518518519,0.043017691773852715,960,0.72
IMPUTED,config_kfold,SVC_linear,standard,smote,off,0.47387209436541766,0.035373162858346456,812,0.4741785422912791,0.7478149047770487,0.018581993271224676,812,0.7487121212121213,0.6189029114274226,0.025321184819564618,812,0.6181876094919574,0.7643857758620689,0.01851746162330746,812,0.7625,0.5736995652122655,0.03593828377357732,812,0.5733531746031746,0.7103927203065133,0.04478455222285096,812,0.7055555555555555
STRICT,config_loo,LogisticRegression,none,smote,off,0.4738307427173501,0.014147182729864044,48,0.4771061411472772,0.7549930742737346,0.006927573618418418,48,0.7581985624438454,0.6372233446226975,0.008884209906182734,48,0.64,0.7588682432432433,0.009571367336413325,48,0.7567567567567568,0.5565700586464027,0.015341784030564779,48,0.5517241379310345,0.746031746031746,0.017934370884635915,48,0.75
STRICT,config_kfold,SVC_linear,standard,smoteenn,off,0.47369244034238067,0.05116876603999316,900,0.4791669915540957,0.749736544011544,0.028969080556505,900,0.7522727272727272,0.6276420787427294,0.036583901779630085,900,0.6323718386876281,0.7485624521072797,0.025374156941406097,900,0.7498850574712643,0.5605326044411958,0.03949059322354046,900,0.5576923076923077,0.7526759259259259,0.0637344237910629,900,0.7583333333333333
IMPUTED,config_loo,LinearDiscriminantAnalysis_svd,robust,smote,off,0.4735451479510086,0.03739075206949808,8,0.4681651043548546,0.7550940438871473,0.016764043339882715,8,0.7515673981191222,0.6318664561202705,0.023855045458051817,8,0.6276472853292261,0.7625,0.025442512229955375,8,0.7625,0.5535061115706277,0.038303699456756914,8,0.5531660692951015,0.7386363636363636,0.021041365903921607,8,0.75
STRICT,config_kfold,SVC_linear,robust,undersample,off,0.4731789436111308,0.04880542996356249,450,0.4751602152217731,0.7477487173320507,0.025925546140371285,450,0.7471049783549784,0.6262284670966125,0.03507915432655528,450,0.6272195640616693,0.7515791278963693,0.02776544328194454,450,0.7563218390804598,0.568333661318233,0.0487966908635014,450,0.5677671451355663,0.7395345679012346,0.06559288023975114,450,0.7388888888888889
STRICT,config_strat80,LogisticRegression,standard,smote,on,0.47275728951249957,0.17823127198985453,3360,0.5091750772173156,0.7420445956160242,0.09041983365299092,3360,0.7619047619047619,0.6336261686025613,0.11551147399766348,3360,0.6666666666666666,0.7492063492063492,0.08545835811018856,3360,0.7666666666666667,0.5903624063466224,0.14720741423656697,3360,0.5714285714285714,0.7241402116402116,0.180363489823078,3360,0.7777777777777778
IMPUTED,config_random80,LinearDiscriminantAnalysis_svd,robust,smote,off,0.4723648893345514,0.15442227678532677,80,0.4817813765182186,0.7575540374110168,0.08641681142646777,80,0.75,0.6068856546995429,0.11667823153490513,80,0.6086956521739131,0.76796875,0.07132598518755055,80,0.75,0.5450547369297369,0.14244614258905275,80,0.5192307692307692,0.7268696581196581,0.16566011771499486,80,0.7142857142857143
IMPUTED,config_kfold,LogisticRegression,robust,undersample,off,0.4722998969915135,0.04174805929674135,480,0.46822704694452477,0.7533486541135997,0.022787329638479653,480,0.7518181818181818,0.6225487958960183,0.02926424090614488,480,0.6223382826324003,0.7480729166666666,0.01980620871829392,480,0.75,0.5429880581091882,0.03108107893139324,480,0.5375763125763126,0.7649606481481482,0.055124677926867,480,0.7694444444444445
STRICT,config_kfold,LinearDiscriminantAnalysis_svd,standard,smoteenn,on,0.47229450772842824,0.05445093482069793,1120,0.4741663427709198,0.7532950487012987,0.029610558878825258,1120,0.7542045454545454,0.6315690062783869,0.035661492824038396,1120,0.6322619546869921,0.7322442235514895,0.02975229447352233,1120,0.7303448275862069,0.5354366142988295,0.03934463417602723,1120,0.5319612332112331,0.8024613095238096,0.06284231177383305,1120,0.8083333333333332
IMPUTED,config_kfold,LogisticRegression,robust,smote,on,0.4720759437970702,0.08879458129854523,6720,0.4945522593542973,0.7521492787606918,0.0474333512511683,6720,0.7634057971014493,0.6222666373723682,0.05970644544261713,6720,0.6370334928229665,0.7515866815476191,0.040982565078609465,6720,0.7625,0.5492301541551702,0.05840641872743913,6720,0.5587301587301587,0.7527007275132275,0.08059077469957747,6720,0.7577777777777778
STRICT,config_loo,LogisticRegression,robust,smote,off,0.4720143845966939,0.015390482236241785,48,0.4723669596130192,0.7535938903863433,0.008520636350985685,48,0.7534815813117699,0.6357269574304041,0.010003831623480355,48,0.6359806193385296,0.759009009009009,0.009384544117227247,48,0.7567567567567568,0.5572250825556336,0.014797696478944017,48,0.5535714285714286,0.7410714285714285,0.02534320792383815,48,0.7380952380952381
IMPUTED,config_kfold,LogisticRegression,standard,none,off,0.4719788948952768,0.0408771098212151,240,0.47171155145174604,0.7329123115210071,0.033130550125040195,240,0.7291062801932366,0.5973088852156095,0.044284607384690526,240,0.6036286589227766,0.7747916666666667,0.026706081401461287,240,0.775,0.6222286714260399,0.08527157009414704,240,0.5948273948273948,0.6392268518518519,0.13867994130859773,240,0.6263888888888889
STRICT,config_random80,LogisticRegression,robust,undersample,off,0.47197024039553265,0.14765809773168428,240,0.4796874435475382,0.7611169778289343,0.07440857382965507,240,0.7613636363636364,0.6148543569278022,0.11694859559512263,240,0.631578947368421,0.7333333333333333,0.1016827273136284,240,0.7333333333333333,0.5221223158936007,0.14473126589673105,240,0.5333333333333333,0.8043055555555555,0.1230550688787544,240,0.75
STRICT,config_loo,LogisticRegression,robust,none,off,0.4717257285584999,0.018972265209386538,12,0.47663716169430104,0.7321428571428571,0.029979964139194962,12,0.7365229110512129,0.6095297401822157,0.03785306412671704,12,0.6182015461820154,0.7759009009009009,0.0252540931108266,12,0.7736486486486487,0.6290167669035903,0.08795474628764857,12,0.6298387096774194,0.6309523809523809,0.14903662324763645,12,0.6428571428571428
IMPUTED,config_loo,LinearDiscriminantAnalysis_svd,maxabs,smote,on,0.47149487689455355,0.03218411108935313,56,0.4685790789045568,0.7545622480967308,0.018377918183873323,56,0.7572492163009404,0.629705497482591,0.021711052073449758,56,0.6296296296296297,0.7602678571428572,0.017452393502354883,56,0.7625,0.5491923933995351,0.027648804474352383,56,0.546875,0.7418831168831169,0.05244376821633807,56,0.7272727272727273
IMPUTED,config_loo,LogisticRegression,standard,smoteenn,on,0.4714569265239343,0.03802740689067517,336,0.4641580590412252,0.7615455665024631,0.021038697303478886,336,0.7584247648902821,0.630088803365131,0.023706207626525498,336,0.6260869565217392,0.7345982142857143,0.02242205463634273,336,0.73125,0.5122557534277141,0.026458281396466957,336,0.5070422535211268,0.8214285714285714,0.04661250380082245,336,0.8181818181818182
IMPUTED,config_loo,LogisticRegression,standard,undersample,on,0.4713939394893749,0.0340305684026025,168,0.4702613770474478,0.7578369905956113,0.01823382185176021,168,0.7578369905956113,0.6307936110183637,0.02212391618900757,168,0.6306306306306306,0.7508928571428571,0.020613323612429107,168,0.74375,0.5343020770140031,0.029411910974257518,168,0.5223880597014925,0.7732683982683982,0.043504181728131544,168,0.7727272727272727
IMPUTED,config_strat80,SVC_linear,robust,none,off,0.4713098361605708,0.13158504758247078,120,0.4414147946478204,0.686352657004831,0.07010438613390804,120,0.6787439613526569,0.5310243145227665,0.13828608328397687,120,0.5333333333333333,0.7994791666666666,0.04558057533686049,120,0.78125,0.8140674603174604,0.18488009101272082,120,0.8166666666666667,0.42777777777777776,0.1549072792761391,120,0.4444444444444444
IMPUTED,config_kfold,LogisticRegression,standard,undersample,off,0.4712409249270952,0.043891582064864404,480,0.46549169360700393,0.7533292618211096,0.023682676611063314,480,0.7516304347826086,0.6221434491182324,0.030455484026844067,480,0.6229256854256855,0.7446875,0.0211576187928932,480,0.74375,0.5387283175917077,0.0329331566202956,480,0.5338690476190475,0.7722800925925927,0.05786554986495307,480,0.77
STRICT,config_loo,SVC_linear,maxabs,smote,off,0.47078439233950076,0.03170149491078279,36,0.4681623224484551,0.752427123889388,0.017001749407396523,36,0.7535938903863432,0.6345666819654895,0.021062469946425605,36,0.6336633663366337,0.7591966966966966,0.016324667734135146,36,0.7533783783783784,0.5583363585678002,0.024937816579639976,36,0.5495098039215687,0.7367724867724867,0.03729796865740006,36,0.75
IMPUTED,config_strat80,LinearDiscriminantAnalysis_svd,maxabs,none,on,0.47057816608900793,0.12906178164870427,140,0.48724053883425567,0.7006901311249137,0.06847750812924455,140,0.7004830917874396,0.5584933546317024,0.12153050955531035,140,0.5714285714285714,0.7919642857142857,0.04969718167454366,140,0.78125,0.7508673469387754,0.19143077449656115,140,0.775,0.49206349206349204,0.17127539796821617,140,0.4444444444444444
IMPUTED,config_kfold,LinearDiscriminantAnalysis_svd,maxabs,smote,on,0.47039628442764875,0.03976921760183192,1120,0.47263224573769236,0.7489851072840203,0.022572020888381967,1120,0.7496980676328502,0.6192431185124226,0.028752260451182492,1120,0.6207602339181286,0.7584263392857142,0.018422440806865382,1120,0.7593749999999999,0.5587824846998055,0.03204866006598705,1120,0.5596825396825397,0.7277053571428571,0.05770763428146427,1120,0.725
STRICT,config_kfold,LogisticRegression,none,undersample,off,0.47038830341589455,0.044887355885162565,480,0.4703110612385599,0.7478852212602213,0.02454086556702142,480,0.7470454545454546,0.6263727083290926,0.03278069981264328,480,0.6284926576691283,0.7505464559386973,0.022608712116494532,480,0.7509523809523809,0.5620406410038762,0.03575806203361639,480,0.5674786324786325,0.7424259259259258,0.048089880224227874,480,0.7388888888888889
IMPUTED,config_kfold,LogisticRegression,none,smote,off,0.47006499376035527,0.030437801496364048,960,0.4668436356606482,0.7488604066022544,0.01642833575833475,960,0.7483091787439614,0.6206559739016954,0.023107249538949777,960,0.6197970003852357,0.7571028645833333,0.01659511105005651,960,0.75625,0.5584118130688612,0.028000178709350922,960,0.5550700280112044,0.730556712962963,0.03501896944822827,960,0.7305555555555555
STRICT,config_kfold,SVC_linear,standard,undersample,off,0.4700545978845223,0.04870828143596696,450,0.47211874420072,0.7461918390251723,0.02609207254950096,450,0.7470454545454546,0.6240804187781623,0.03506080605929768,450,0.6248917748917748,0.7505353402663747,0.027787880204259523,450,0.7561904761904762,0.5662366590429027,0.047287053306108454,450,0.5677355977355977,0.7367382716049383,0.06614544308309193,450,0.7319444444444444
STRICT,config_kfold,SVC_linear,standard,smote,off,0.4695484376940771,0.040179973613492626,900,0.4761866234478679,0.742543911335578,0.02270285509542772,900,0.7438636363636364,0.6218391204335997,0.030742421756198925,900,0.627035681896363,0.7602394818463784,0.017923205329431608,900,0.7619868637110017,0.5830313863696217,0.03377427901707298,900,0.5804184704184704,0.7023783950617284,0.05371223205410659,900,0.7
IMPUTED,config_strat80,SVC_linear,standard,none,off,0.4694926871245008,0.13359914864482378,120,0.4414147946478204,0.6859903381642511,0.06947234855285218,120,0.6787439613526569,0.5309381549822726,0.13883823355010888,120,0.5333333333333333,0.7989583333333333,0.045966035293031574,120,0.78125,0.8105555555555556,0.18604380052002698,120,0.8333333333333334,0.4277777777777778,0.15220480793477062,120,0.4444444444444444
STRICT,config_random80,LogisticRegression,none,smoteenn,off,0.469475010940793,0.15322065438794946,480,0.431794300167913,0.7634110007343703,0.07808197333860163,480,0.7556818181818181,0.608422379694447,0.12480229825124314,480,0.5833333333333334,0.7277083333333334,0.088143448828198,480,0.7,0.502181090117671,0.14366854058594714,480,0.5,0.8262781084656085,0.1426084232875719,480,0.875
IMPUTED,config_strat80,LogisticRegression,robust,smoteenn,on,0.46935860320781303,0.1738517999762759,3360,0.4865336327998411,0.7522961237635151,0.09261862578296447,3360,0.7681159420289855,0.6272526501421747,0.11285940746384601,3360,0.64,0.7301525297619048,0.08862921247427252,3360,0.71875,0.5294618179132774,0.12165003676256295,3360,0.5,0.8029100529100529,0.1719456093462783,3360,0.7777777777777778
STRICT,config_kfold,LogisticRegression,robust,smote,on,0.46908516617684526,0.1088812831602393,6720,0.5023167799161257,0.7472090032982891,0.05840915818753954,6720,0.7643181818181819,0.6265618813456033,0.07327217338091019,6720,0.6482621326042377,0.7482309846352334,0.050542586777052555,6720,0.7636781609195402,0.5605256808646556,0.06819456696160818,6720,0.5778571428571428,0.7456805555555556,0.09221376507741774,6720,0.76
STRICT,config_loo,SVC_linear,robust,smoteenn,off,0.4690370915203853,0.0367066049530925,31,0.4583558374945771,0.7554198185665014,0.021692558424123674,31,0.7491015274034142,0.6340819470253294,0.023858101613668335,31,0.6285714285714286,0.745640802092415,0.01775269633330186,31,0.75,0.5369135757834284,0.023118180779202826,31,0.5396825396825397,0.7780337941628265,0.05779623051777034,31,0.7857142857142857
IMPUTED,config_kfold,SVC_linear,robust,undersample,off,0.4689322536253534,0.04136485579717065,400,0.4700438334263404,0.746534173254282,0.02202158145586063,400,0.7440030742204655,0.615566010363796,0.0299835055482427,400,0.6152030240291111,0.753625,0.027472930399975653,400,0.75625,0.5616185003764724,0.0477358277715909,400,0.5595833333333333,0.7297499999999999,0.06776948582244721,400,0.73
STRICT,config_random80,LogisticRegression,standard,smote,off,0.46863296311138813,0.15523422762969033,480,0.4308202184276645,0.7590480501282132,0.07921946094158205,480,0.7528409090909091,0.613051526925635,0.12005415311249433,480,0.6,0.7419444444444444,0.09535691133685392,480,0.7333333333333333,0.5280600903869093,0.14401195946365486,480,0.5,0.7793535052910053,0.13042253688221808,480,0.75
STRICT,config_loo,LogisticRegression,standard,smoteenn,off,0.4686155890742656,0.032369312844420094,48,0.4781164350793879,0.7558681491464511,0.020035595201500535,48,0.7606693620844565,0.6335849957578472,0.020992002556061085,48,0.6407547169811321,0.7429617117117117,0.010519206722195858,48,0.7432432432432432,0.5324487619979,0.01357567654610325,48,0.53125,0.7857142857142857,0.06251356778481199,48,0.7857142857142857
STRICT,config_loo,SVC_linear,maxabs,smote,on,0.4685760674083835,0.03730387075203471,196,0.4581312606193058,0.7514969353295738,0.020973908057145062,196,0.7486522911051213,0.6327396776531897,0.02505223802119175,196,0.6274509803921569,0.7574595662153266,0.017691096805551546,196,0.7567567567567568,0.555397526648231,0.025879636551316622,196,0.5555555555555556,0.737793639623337,0.04933119058786012,196,0.7380952380952381
STRICT,config_kfold,LogisticRegression,none,none,off,0.4683385645090455,0.03835630883609673,240,0.4713866155090059,0.7286332972582972,0.02418741326603035,240,0.7268416305916305,0.6010656573981449,0.03619661249588223,240,0.5987949039264828,0.7712941981390258,0.026814307563715004,240,0.7703448275862069,0.6326231876783347,0.07930386156688421,240,0.6134997029114676,0.630361111111111,0.10407976756520196,240,0.6277777777777778
IMPUTED,config_random80,SVC_linear,robust,undersample,off,0.4681973940549002,0.15523038152296922,240,0.4676593023870102,0.7576443155768575,0.08821604131445775,240,0.7550607287449393,0.6013105007002739,0.11688115823038174,240,0.5833333333333334,0.7518229166666667,0.08078457713939804,240,0.75,0.5308979492657898,0.15481651342793104,240,0.5,0.7586953093203093,0.18045558097662256,240,0.75
IMPUTED,config_strat80,GaussianNB,robust,smote,on,0.46801325617102046,0.15945493417422935,1680,0.4732058754737091,0.7406142167011732,0.07827185870521061,1680,0.7463768115942029,0.6223298306352919,0.1096083920803869,1680,0.6282894736842105,0.7595982142857143,0.08098999395782283,1680,0.75,0.5854282225403964,0.14439260624615033,1680,0.5634920634920635,0.6972222222222222,0.1473035006752592,1680,0.6666666666666666
STRICT,config_strat80,LogisticRegression,standard,smote,off,0.46786795140692805,0.14990815941637234,480,0.4987413913553295,0.7392195767195767,0.07903830286737781,480,0.746031746031746,0.6278920159473397,0.09809035567211379,480,0.6363636363636364,0.7536111111111111,0.06787982248636891,480,0.7666666666666667,0.5920617655084567,0.11723939562344937,480,0.5833333333333334,0.7032407407407407,0.1765960248719778,480,0.6666666666666666
IMPUTED,config_strat80,LogisticRegression,maxabs,smote,off,0.4678517542980637,0.1782620259426854,480,0.4865336327998411,0.7470209339774557,0.09757538053859127,480,0.7705314009661836,0.5979995419308326,0.18545442035193788,480,0.64,0.7453125,0.07459332156520067,480,0.75,0.5350611766759212,0.1919102068259798,480,0.5333333333333333,0.750925925925926,0.2620318765220847,480,0.8888888888888888
STRICT,config_strat80,SVC_linear,standard,smote,on,0.46785162007054554,0.17822182556115687,3360,0.5048267902790238,0.7366732804232804,0.09075953713755688,3360,0.753968253968254,0.6262675116333198,0.11855061936948474,3360,0.6666666666666666,0.7546230158730158,0.08204848586847033,3360,0.7666666666666667,0.6013463402168622,0.14701078852102847,3360,0.5833333333333334,0.6917989417989417,0.1855177206232468,3360,0.6666666666666666
IMPUTED,config_kfold,LinearDiscriminantAnalysis_svd,robust,smote,off,0.4678004892152779,0.03206975515991514,160,0.4661265126309614,0.7470040898111551,0.01797278295715196,160,0.7455681818181819,0.6190826392994366,0.023803045944641242,160,0.6183044733044734,0.7599218750000001,0.016988647418683812,160,0.7625,0.5618763134332987,0.02688292176999536,160,0.5614285714285714,0.7180694444444444,0.04491383637801217,160,0.7238888888888888
IMPUTED,config_loo,LogisticRegression,standard,none,off,0.46757834361167355,0.013020023932748943,12,0.4600880369617829,0.7322361546499477,0.02637795045312748,12,0.7341300940438872,0.6052337311869213,0.027448270625977402,12,0.6100220534182799,0.7770833333333332,0.026292353998603475,12,0.778125,0.6145745607439156,0.0839369753823437,12,0.6129807692307692,0.6325757575757576,0.14004444573730251,12,0.6363636363636364
STRICT,config_random80,LinearDiscriminantAnalysis_svd,robust,smote,off,0.46702627622150955,0.15876599334057864,80,0.4276686017238498,0.7569931095474574,0.08350105963180701,80,0.7556818181818181,0.6119013315228317,0.1195514883709805,80,0.6043478260869566,0.7458333333333333,0.0977057495857317,80,0.75,0.5339907211811237,0.14103464350882908,80,0.5454545454545454,0.7642460317460318,0.1376267691971908,80,0.75
STRICT,config_loo,LinearDiscriminantAnalysis_svd,standard,undersample,on,0.4668442475153041,0.03531122359882772,28,0.45280655864562935,0.7515081504299833,0.017810985693353983,28,0.7477538185085355,0.6325178437002806,0.02297395716619923,28,0.6249653259361997,0.7528957528957528,0.022629518481171916,28,0.75,0.5496647128665878,0.03343789664816234,28,0.5471698113207547,0.7482993197278912,0.04069015520391466,28,0.7619047619047619
IMPUTED,config_kfold,SVC_linear,standard,undersample,off,0.46682683010613246,0.04130032566068362,406,0.4695437500460961,0.745123369051405,0.022384557490229804,406,0.7457575757575757,0.6133759367744617,0.02953827024270847,406,0.6128427128427129,0.7525400246305419,0.027624478637603114,406,0.75625,0.560695343168425,0.046160053711538036,406,0.5572619047619047,0.7276299945265462,0.06744404597668041,406,0.725
STRICT,config_kfold,LogisticRegression,robust,none,off,0.4667116042614253,0.04297748282265657,240,0.4613645769383563,0.7273871151996152,0.033419984346070825,240,0.7317045454545454,0.5966926728048279,0.05156698021533675,240,0.6045687645687645,0.7694265188834154,0.024770525318927046,240,0.7699425287356322,0.6318921031310737,0.08237521026734493,240,0.6095238095238095,0.6301342592592593,0.13484592581550794,240,0.6527777777777778
IMPUTED,config_kfold,SVC_linear,none,smote,off,0.4665786194100479,0.03624007910024881,812,0.46284671297711166,0.7440263134125579,0.019642843056801487,812,0.7432575757575758,0.6138429590751394,0.026466742671099535,812,0.6126673881673882,0.758720751231527,0.020961244193223035,812,0.75625,0.5673655220383095,0.03840884954540473,812,0.5599999999999999,0.7105986590038313,0.05202311282973449,812,0.7194444444444443
STRICT,config_kfold,LogisticRegression,standard,none,on,0.46626507693093994,0.07330041108356987,1680,0.4755276020059984,0.7301769394626537,0.05073312983182528,1680,0.7327272727272727,0.5962903191788398,0.07625105061364078,1680,0.6090476190476191,0.7673179881147861,0.025617332718885198,1680,0.7701149425287357,0.6178498510474406,0.07399743845177753,1680,0.6011904761904762,0.6442354497354498,0.16568234150175928,1680,0.6527777777777778
STRICT,config_random80,SVC_linear,none,smoteenn,off,0.4661129260142103,0.12541603068755738,456,0.47575621265314805,0.7610025581779015,0.06703970527508449,456,0.7556818181818181,0.6072503537688103,0.10477064577260306,456,0.625,0.7250730994152047,0.08273407695541381,456,0.7333333333333333,0.5028434075505119,0.12213026489905857,456,0.5,0.8233239348370928,0.1404130507995965,456,0.875
STRICT,config_loo,LinearDiscriminantAnalysis_svd,none,smote,off,0.46595046949352265,0.015397800080632492,8,0.4625701843060087,0.7480907457322552,0.010241349030131474,8,0.7450584007187782,0.6299933095490555,0.010653233931535474,8,0.6283322317691121,0.7601351351351351,0.01251108242935879,8,0.7601351351351351,0.5620871272606507,0.02355258844784448,8,0.5585071707953064,0.7202380952380952,0.047191962331672103,8,0.7142857142857143
IMPUTED,config_random80,SVC_linear,standard,undersample,off,0.46588578135218134,0.16010979418492294,240,0.46772801949736664,0.7565914561608689,0.09207064825683177,240,0.7525303643724697,0.5997915210385185,0.11849998213023324,240,0.5833333333333334,0.7549479166666667,0.07776415970992365,240,0.75,0.5310163651707769,0.15170570296028282,240,0.5,0.7490043752543752,0.18499762584031118,240,0.75
IMPUTED,config_kfold,LinearDiscriminantAnalysis_svd,maxabs,smote,off,0.46582435351038487,0.03338772657139273,160,0.465180355239291,0.7460363554018445,0.01949994655199703,160,0.7434469696969697,0.6174367882517566,0.02410614892847729,160,0.6163475413475413,0.7581249999999999,0.01674705456126503,160,0.75625,0.559650803627487,0.025831869796083203,160,0.559047619047619,0.7188958333333333,0.048714708915696556,160,0.7224999999999999
STRICT,config_kfold,LinearDiscriminantAnalysis_svd,maxabs,none,off,0.4656832690403102,0.047510276547285714,40,0.47350612067847186,0.7065452741702741,0.018951909850858113,40,0.7056295093795093,0.5695747032465299,0.03164472282462332,40,0.5691269841269841,0.7923940886699508,0.018580738777828724,40,0.7969540229885057,0.7116565656565657,0.06337872272327844,40,0.7183333333333333,0.5078611111111111,0.025762370751840825,40,0.5063888888888889
STRICT,config_kfold,LinearDiscriminantAnalysis_svd,none,none,off,0.4656832690403102,0.047510276547285714,40,0.47350612067847186,0.7065452741702741,0.018951909850858113,40,0.7056295093795093,0.5695747032465299,0.03164472282462332,40,0.5691269841269841,0.7923940886699508,0.018580738777828724,40,0.7969540229885057,0.7116565656565657,0.06337872272327844,40,0.7183333333333333,0.5078611111111111,0.025762370751840825,40,0.5063888888888889
STRICT,config_kfold,LinearDiscriminantAnalysis_svd,robust,none,off,0.4656832690403102,0.047510276547285714,40,0.47350612067847186,0.7065452741702741,0.018951909850858113,40,0.7056295093795093,0.5695747032465299,0.03164472282462332,40,0.5691269841269841,0.7923940886699508,0.018580738777828724,40,0.7969540229885057,0.7116565656565657,0.06337872272327844,40,0.7183333333333333,0.5078611111111111,0.025762370751840825,40,0.5063888888888889
STRICT,config_kfold,LinearDiscriminantAnalysis_svd,standard,none,off,0.4656832690403102,0.047510276547285714,40,0.47350612067847186,0.7065452741702741,0.018951909850858113,40,0.7056295093795093,0.5695747032465299,0.03164472282462332,40,0.5691269841269841,0.7923940886699508,0.018580738777828724,40,0.7969540229885057,0.7116565656565657,0.06337872272327844,40,0.7183333333333333,0.5078611111111111,0.025762370751840825,40,0.5063888888888889
IMPUTED,config_kfold,LinearDiscriminantAnalysis_svd,robust,smote,on,0.46567173033887393,0.0897671880828155,1120,0.4873234576353052,0.7466525052544074,0.04746126817751741,1120,0.7562082784365394,0.6160195719335507,0.06370066825996334,1120,0.6312906537906537,0.755546875,0.040258180570241706,1120,0.7625,0.5551048653972691,0.062229016212743814,1120,0.5639602064602064,0.7262986111111112,0.08417752398173355,1120,0.735
IMPUTED,config_kfold,LogisticRegression,standard,none,on,0.4655195345779941,0.06933846130851536,1680,0.48012236461410107,0.7289742037350733,0.0527686403530982,1680,0.7303787878787878,0.5845272034883693,0.07696484595706142,1680,0.6008237677355324,0.7723139880952381,0.02472098616171063,1680,0.76875,0.6186119025205256,0.08784748705090549,1680,0.5822156790577843,0.6321256613756613,0.18507735633930567,1680,0.6277777777777778
STRICT,config_kfold,LinearDiscriminantAnalysis_svd,robust,smote,off,0.465362946495119,0.05232505805912587,160,0.47850872098526465,0.7406281565656566,0.02736995429080246,160,0.7444895382395382,0.6197997804292595,0.03705084246210251,160,0.6251612766318648,0.7582321428571428,0.022812141979931092,160,0.7578571428571428,0.5796926386521974,0.0431686166176181,160,0.5869078144078144,0.7012638888888889,0.05622303254830455,160,0.7069444444444444
IMPUTED,config_random80,LogisticRegression,robust,smoteenn,off,0.46513621978484776,0.14434355474297172,480,0.4528709474549494,0.7644230581990403,0.08019424946549,480,0.7708333333333333,0.6011551201026795,0.11277592501218124,480,0.5833333333333334,0.7346354166666667,0.07474031169250521,480,0.71875,0.49435540084485513,0.13147232506802708,480,0.4615384615384615,0.816319826007326,0.15645715596361473,480,0.8
STRICT,config_loo,LogisticRegression,standard,none,on,0.46501982753249405,0.07255771140191278,84,0.4703339477104215,0.7336135712146494,0.05165141768985969,84,0.7437106918238994,0.6066090752461514,0.07085468064527954,84,0.6275112948188022,0.7718790218790219,0.023770307331791685,84,0.7702702702702703,0.6059825137839453,0.06907733465637078,84,0.5666666666666667,0.645124716553288,0.17262994001359433,84,0.6666666666666666
IMPUTED,config_random80,LinearDiscriminantAnalysis_svd,standard,smote,off,0.46497518880516553,0.1492275106580684,80,0.44431419507388914,0.7542562617217937,0.08244814749991268,80,0.7454545454545455,0.6006768520642696,0.11543992660470936,80,0.6086956521739131,0.76171875,0.07297080193561384,80,0.75,0.5374807484182484,0.14222252193109922,80,0.5166666666666666,0.7280685286935287,0.16548265977213739,80,0.7142857142857143
IMPUTED,config_random80,LogisticRegression,none,undersample,off,0.46474621322908977,0.16567038649681465,240,0.4475323507759939,0.7568626187726589,0.0866155356938384,240,0.75,0.6042156662998021,0.13161354005229997,240,0.6086956521739131,0.7518229166666667,0.07852755423342969,240,0.75,0.5188948095749566,0.16043231706397634,240,0.5,0.7645192307692308,0.14734220165130824,240,0.75
IMPUTED,config_random80,LogisticRegression,robust,smote,on,0.4644561075985721,0.17927561613201182,3360,0.4526019054848144,0.7577640416109312,0.09994637054756775,3360,0.75,0.6042521481331738,0.13269762414035094,3360,0.6086956521739131,0.7567522321428571,0.08398477274878145,3360,0.75,0.5208851599262369,0.1416808649089151,3360,0.5333333333333333,0.75587715855573,0.17903725065118453,3360,0.75
IMPUTED,config_loo,LinearDiscriminantAnalysis_svd,standard,undersample,on,0.4642873153525815,0.03356569857131375,28,0.4509939284626683,0.75,0.016313996861019836,28,0.7480407523510972,0.6251550374683618,0.0214702218312793,28,0.6181457282276073,0.7580357142857144,0.023622779563076703,28,0.7625,0.547769352740325,0.035667028581758305,28,0.5555555555555556,0.7321428571428571,0.03929530331098973,28,0.75
STRICT,config_kfold,LinearDiscriminantAnalysis_svd,standard,smote,off,0.4642408504962849,0.05097918054039542,160,0.46614301173956607,0.7398993957431458,0.026387824283394534,160,0.7405573593073593,0.6190029273528802,0.035779514722937195,160,0.6226065601065601,0.7580482348111659,0.022494842067805037,160,0.7570771756978654,0.5787956937176171,0.04235331212226561,160,0.5777546146663793,0.6996597222222223,0.053571887705596295,160,0.6950000000000001
STRICT,config_kfold,LogisticRegression,robust,undersample,on,0.4641345129183381,0.1048229758139573,3360,0.4917944152844441,0.7473945878856593,0.056982632635270786,3360,0.7632395382395382,0.6247829724900582,0.06981945217087343,3360,0.6442028985507247,0.7382902103370084,0.04920548589460757,3360,0.7508784893267652,0.5436369332800393,0.06307433668030624,3360,0.5583333333333333,0.7686838624338624,0.09311099197120798,3360,0.7849999999999999
STRICT,config_kfold,LinearDiscriminantAnalysis_svd,maxabs,smote,off,0.46406762019905246,0.05421680374671316,160,0.4676717290356506,0.7403147095959597,0.02885539057768141,160,0.7388636363636364,0.6190453929852049,0.03877821725626477,160,0.6172835497835498,0.7573715106732348,0.023222416451733303,160,0.7571921182266009,0.5773256790186937,0.04371769520734436,160,0.5772619047619048,0.7023680555555556,0.05751558148128127,160,0.6950000000000001
IMPUTED,config_random80,LinearDiscriminantAnalysis_svd,robust,smote,on,0.46372185966762486,0.19153530350054054,560,0.4622501635210242,0.7557578210929796,0.10710856571531671,560,0.7524441445494077,0.6011410074716759,0.14475693816041468,560,0.6086956521739131,0.7609375,0.08437800216616159,560,0.75,0.5277102563053193,0.15061957707087834,560,0.5358974358974359,0.7387981859410431,0.19820785329445942,560,0.75
STRICT,config_random80,LinearDiscriminantAnalysis_svd,standard,smote,on,0.4633375256984895,0.18681385708211276,560,0.4796874435475382,0.7547328715108219,0.09910097730548806,560,0.7613636363636364,0.6066639627022657,0.13775679244801467,560,0.625,0.7395238095238095,0.10767307824864251,560,0.7666666666666667,0.5281056865452597,0.1535477860308084,560,0.5454545454545454,0.7691978458049886,0.17129134098331178,560,0.75
STRICT,config_random80,SVC_linear,standard,smote,on,0.4632480753259554,0.17413890276613234,3192,0.472455591261534,0.7533964623332065,0.09100244992989712,3192,0.7613636363636364,0.6049341472150593,0.1346197733395132,3192,0.625,0.7414055973266499,0.10086468355884964,3192,0.7666666666666667,0.5318747249947638,0.15273562519941214,3192,0.5454545454545454,0.7608455662966942,0.1726396262535553,3192,0.75
IMPUTED,config_random80,LinearDiscriminantAnalysis_svd,maxabs,undersample,off,0.4630600136950325,0.1570762304396552,40,0.45176867919282215,0.7549742981084514,0.08817081833681276,40,0.7291666666666667,0.5963190465701571,0.120079546532184,40,0.5714285714285714,0.746875,0.07937304409057984,40,0.71875,0.5265302099860923,0.1649691408987373,40,0.4641025641025641,0.7578021978021978,0.18351336688216302,40,0.75
IMPUTED,config_random80,LinearDiscriminantAnalysis_svd,none,undersample,off,0.4630600136950325,0.1570762304396552,40,0.45176867919282215,0.7549742981084514,0.08817081833681274,40,0.7291666666666667,0.5963190465701571,0.12007954653218404,40,0.5714285714285714,0.746875,0.07937304409057981,40,0.71875,0.5265302099860923,0.16496914089873732,40,0.4641025641025641,0.7578021978021978,0.183513366882163,40,0.75
IMPUTED,config_random80,LinearDiscriminantAnalysis_svd,robust,undersample,off,0.4630600136950325,0.1570762304396552,40,0.45176867919282215,0.7549742981084514,0.08817081833681276,40,0.7291666666666667,0.5963190465701571,0.120079546532184,40,0.5714285714285714,0.746875,0.07937304409057984,40,0.71875,0.5265302099860923,0.1649691408987373,40,0.4641025641025641,0.7578021978021978,0.18351336688216302,40,0.75
IMPUTED,config_random80,LinearDiscriminantAnalysis_svd,standard,undersample,off,0.4630600136950325,0.1570762304396552,40,0.45176867919282215,0.7549742981084514,0.08817081833681276,40,0.7291666666666667,0.5963190465701571,0.120079546532184,40,0.5714285714285714,0.746875,0.07937304409057984,40,0.71875,0.5265302099860923,0.1649691408987373,40,0.4641025641025641,0.7578021978021978,0.18351336688216302,40,0.75
STRICT,config_loo,LogisticRegression,none,none,off,0.46293126235412513,0.021285423092609845,12,0.456563218857709,0.7297843665768194,0.015093391529249557,12,0.730570530098832,0.6097931685060398,0.015530645255437946,12,0.6124862486248626,0.7725225225225225,0.029287153228400836,12,0.7702702702702703,0.6167738378431956,0.08533932337076024,12,0.6052631578947368,0.630952380952381,0.11190706454294864,12,0.6309523809523809
STRICT,config_random80,LogisticRegression,none,smote,off,0.4628929098351174,0.12526265181912044,480,0.4308202184276645,0.7576457770037933,0.06601124111772705,480,0.7613636363636364,0.6087381839264032,0.10000470470436142,480,0.6,0.7438888888888889,0.07392415045236311,480,0.7333333333333333,0.5216354016354017,0.12281974979179014,480,0.5384615384615384,0.7730481150793651,0.12179793741577669,480,0.75
IMPUTED,config_kfold,LinearDiscriminantAnalysis_svd,none,smote,off,0.462797330795807,0.031221990236462892,160,0.46097072811246076,0.7449893225735618,0.017083779417936054,160,0.7442424242424241,0.6158326781461915,0.022361517794372416,160,0.6178496503496502,0.7556640625,0.018289643056678923,160,0.75625,0.555285449210662,0.02785628891180827,160,0.5562004662004663,0.7211909722222222,0.04204123955980212,160,0.725
STRICT,config_kfold,LinearDiscriminantAnalysis_svd,none,smote,off,0.46274693861381816,0.046642079691155094,160,0.46879579156368745,0.740002886002886,0.02524305008226889,160,0.7418650793650794,0.618842400592271,0.03416983107958248,160,0.6187592098976538,0.755576354679803,0.021522249135375832,160,0.7571428571428571,0.574683552864619,0.03868616733695416,160,0.5785485347985347,0.7053888888888888,0.05405358925812133,160,0.7066666666666666
IMPUTED,config_strat80,GaussianNB,maxabs,none,off,0.46245306646704193,0.18127468858544532,60,0.4728661581643262,0.7239130434782609,0.08168649254325619,60,0.751207729468599,0.6005103668261563,0.1368387353471791,60,0.6333333333333333,0.778125,0.07109818795516855,60,0.765625,0.6359373959373958,0.1894278504094824,60,0.5773809523809523,0.6,0.16003766035123357,60,0.6666666666666666
IMPUTED,config_strat80,GaussianNB,none,none,off,0.46245306646704193,0.18127468858544532,60,0.4728661581643262,0.7239130434782609,0.08168649254325619,60,0.751207729468599,0.6005103668261563,0.1368387353471791,60,0.6333333333333333,0.778125,0.07109818795516855,60,0.765625,0.6359373959373958,0.1894278504094824,60,0.5773809523809523,0.6,0.16003766035123357,60,0.6666666666666666
IMPUTED,config_strat80,GaussianNB,robust,none,off,0.46245306646704193,0.18127468858544532,60,0.4728661581643262,0.7239130434782609,0.08168649254325619,60,0.751207729468599,0.6005103668261563,0.1368387353471791,60,0.6333333333333333,0.778125,0.07109818795516855,60,0.765625,0.6359373959373958,0.1894278504094824,60,0.5773809523809523,0.6,0.16003766035123357,60,0.6666666666666666
IMPUTED,config_strat80,GaussianNB,standard,none,off,0.46245306646704193,0.18127468858544532,60,0.4728661581643262,0.7239130434782609,0.08168649254325619,60,0.751207729468599,0.6005103668261563,0.1368387353471791,60,0.6333333333333333,0.778125,0.07109818795516855,60,0.765625,0.6359373959373958,0.1894278504094824,60,0.5773809523809523,0.6,0.16003766035123357,60,0.6666666666666666
STRICT,config_kfold,LinearDiscriminantAnalysis_svd,robust,smote,on,0.46208803937739235,0.10819345177364584,1120,0.49008231918695677,0.7416054743867243,0.057851907038104944,1120,0.7569444444444444,0.6190589673666819,0.07673802037781109,1120,0.6401379519285698,0.7509200680272109,0.04694493602591707,1120,0.7636781609195402,0.5652932820594806,0.06895255295386542,1120,0.5817261904761906,0.7207152777777778,0.09936294813153837,1120,0.7388888888888889
STRICT,config_random80,LogisticRegression,maxabs,smote,on,0.4618912377480979,0.21368138108590445,3360,0.471824981758758,0.7525561097086718,0.11420318783307484,3360,0.7613636363636364,0.57732417733187,0.21310510553735867,3360,0.6086956521739131,0.7520833333333333,0.09694973320787464,3360,0.7666666666666667,0.5125452501881625,0.21475155602198015,3360,0.5358974358974359,0.7403935185185185,0.27417686948024184,3360,0.8571428571428571
STRICT,config_strat80,LogisticRegression,robust,smote,off,0.46179662310650804,0.15096601463841272,480,0.4987413913553295,0.7351521164021163,0.0782941226590565,480,0.746031746031746,0.6236140452055783,0.09784876402427571,480,0.6363636363636364,0.7518055555555556,0.06910287139640235,480,0.7666666666666667,0.5920692791005291,0.1222337129684707,480,0.5714285714285714,0.6935185185185185,0.1735021888269337,480,0.6666666666666666
STRICT,config_random80,LinearDiscriminantAnalysis_svd,standard,smote,off,0.46176848876786003,0.15914629136960382,80,0.4641111023447422,0.7539765141259707,0.0848101847808591,80,0.7613636363636364,0.6073809128047586,0.11665969429649442,80,0.6125,0.7483333333333333,0.0903034422029361,80,0.7666666666666667,0.5346823315573316,0.1382894126949731,80,0.5454545454545454,0.7497718253968254,0.14651082755463096,80,0.75
IMPUTED,config_kfold,LinearDiscriminantAnalysis_svd,standard,smote,off,0.46173692473446587,0.032478747913430014,160,0.4549905718408716,0.7438025774044796,0.01771222517642727,160,0.7425757575757576,0.6147731730529171,0.024184273242440307,160,0.6113795342084816,0.757421875,0.0187327947790993,160,0.75625,0.5578773603847134,0.030252939172916216,160,0.5566071428571429,0.7133125,0.042110212579540146,160,0.7150000000000001
IMPUTED,config_loo,LinearDiscriminantAnalysis_svd,robust,smote,on,0.4612592387581143,0.09104623535315097,56,0.4883492802470944,0.7495521719659651,0.04919332396956841,56,0.7644984326018809,0.6233721784280702,0.060631677306810655,56,0.6411560074926412,0.7544642857142857,0.04189601382024277,56,0.76875,0.5411984368614603,0.05749970101680503,56,0.5538461538461539,0.7386363636363636,0.08073200045719907,56,0.75
IMPUTED,config_loo,SVC_linear,robust,smoteenn,off,0.4612516108312363,0.02985678237788185,27,0.4675917504593828,0.7532508998026239,0.014889415442686309,27,0.7543103448275862,0.6245660148391655,0.01891115893462767,27,0.6285714285714286,0.7425925925925926,0.02286805255449899,27,0.74375,0.5236576631532638,0.02988960650464201,27,0.5245901639344263,0.7769360269360269,0.033966578079866964,27,0.7727272727272727
IMPUTED,config_random80,SVC_linear,standard,smoteenn,off,0.46053627819247644,0.1194092465004518,480,0.4581228472908512,0.7598474203847964,0.07161657790144546,480,0.7535714285714286,0.5987959886418157,0.0907117216907251,480,0.5833333333333334,0.7395833333333334,0.06725557565367064,480,0.75,0.5028137551052605,0.11886157158630178,480,0.48529411764705876,0.7924965659340659,0.155209829670182,480,0.7692307692307693
IMPUTED,config_kfold,LogisticRegression,robust,smoteenn,off,0.46022289859798765,0.03849126056621613,960,0.46314759076559586,0.7495641217427902,0.02107377890652158,960,0.7507954545454545,0.6175733514906082,0.02489484156452935,960,0.6201873126873126,0.7307682291666667,0.022456197799113085,960,0.73125,0.5205472573939225,0.02923297100550404,960,0.5194733534439417,0.7909456018518519,0.05164776968703562,960,0.79
IMPUTED,config_random80,LogisticRegression,none,none,off,0.46020463687242025,0.15589723776313388,120,0.4511631888015458,0.7340289476393596,0.08827595035097191,120,0.7340909090909091,0.5806323418434066,0.1299955368442885,120,0.6043478260869566,0.7807291666666667,0.06886965968051392,120,0.78125,0.588865046990047,0.16509740776963094,120,0.5505050505050505,0.6351271876271876,0.20746403021386947,120,0.625
IMPUTED,config_kfold,SVC_linear,none,smoteenn,off,0.4599876711941655,0.04774566353745174,812,0.4641432564579059,0.7485024343888662,0.025982644076555907,812,0.75006038647343,0.6173734310255556,0.030411820002931068,812,0.6197211611917494,0.729979987684729,0.029511173400712222,812,0.73125,0.5235199684995434,0.03726235467383772,812,0.5250396825396826,0.7885207991242474,0.05257037196237914,812,0.7849999999999999
IMPUTED,config_kfold,SVC_linear,robust,smote,on,0.45991769651250985,0.09341303623031894,5592,0.4822812053601958,0.7421714234463814,0.04968370667105165,5592,0.7525966183574879,0.6087570759889348,0.06899485740469873,5592,0.6248906313097321,0.7558364628040057,0.04128585431202002,5592,0.7625,0.556719364008787,0.06672584973802338,5592,0.5696897546897547,0.7108218089333969,0.09070035893739922,5592,0.72
IMPUTED,config_kfold,LinearDiscriminantAnalysis_svd,standard,smoteenn,on,0.45985245688460463,0.049903439880763005,1120,0.4589754084485286,0.7503701043823326,0.026346741537539003,1120,0.7492210144927537,0.6171204841983862,0.03197010739416378,1120,0.6147063462852936,0.7242522321428572,0.032656553842448484,1120,0.725,0.5121742138725119,0.0408505143870725,1120,0.5078390237213766,0.8080228174603175,0.053013773754785436,1120,0.8150000000000001
IMPUTED,config_kfold,LinearDiscriminantAnalysis_svd,maxabs,undersample,on,0.4597895104055952,0.0507932989799406,560,0.4626211819830114,0.7446577420164378,0.026765339548262615,560,0.745387022397892,0.6127586642127604,0.03544273735051484,560,0.6152969156447416,0.7478348214285715,0.024919919900337827,560,0.75,0.5447791332549459,0.04077617624575712,560,0.5449376114081996,0.7372757936507937,0.06276087934306224,560,0.7302777777777778
IMPUTED,config_loo,LogisticRegression,robust,smote,on,0.45962819850485015,0.08400631454568255,336,0.48760661964655005,0.7516070495596358,0.04602340559430722,336,0.7644984326018809,0.6233442626639502,0.05430371781053523,336,0.6414892669457558,0.7455729166666666,0.0395305601993776,336,0.75625,0.5272663664327004,0.0497078175472163,336,0.5373134328358209,0.7650162337662338,0.07294871127049476,336,0.7954545454545454
STRICT,config_random80,LinearDiscriminantAnalysis_svd,maxabs,smote,on,0.4593625545131968,0.18811601672759343,560,0.45758853337646055,0.7531084264682868,0.09972495802203306,560,0.7613636363636364,0.6026814989396355,0.1398676497127019,560,0.6168478260869565,0.7388095238095238,0.10441349493927372,560,0.7666666666666667,0.5238525334989842,0.1564479781480522,560,0.5,0.7662089002267574,0.1759873103577415,560,0.75
IMPUTED,config_kfold,LogisticRegression,standard,smoteenn,off,0.45918310962632186,0.04034530968229911,960,0.45947605990241513,0.7498739775472113,0.022656129270187956,960,0.7490338164251207,0.6169031732816905,0.026164734042135557,960,0.6171817875107348,0.7271744791666667,0.020971923724656453,960,0.725,0.5146791432362463,0.027486817239299546,960,0.5136895122421438,0.80015625,0.05588800443794579,960,0.7972222222222222
STRICT,config_loo,LogisticRegression,none,smoteenn,off,0.45913040196313076,0.04470074930504905,48,0.4587398801526479,0.7518016247379454,0.025085892505792413,48,0.7513477088948787,0.6286129265473936,0.02796836927312888,48,0.6285403050108933,0.7360641891891891,0.017652856727352444,48,0.7331081081081081,0.5231230283850937,0.02091138757629715,48,0.5192585459797785,0.7881944444444445,0.047679693735444395,48,0.7857142857142857
IMPUTED,config_random80,LogisticRegression,robust,undersample,on,0.459077456033232,0.17982112998602415,1680,0.4526019054848144,0.7577058810164808,0.09944957857779346,1680,0.7518518518518519,0.6003632621440778,0.13407176808798194,1680,0.6086956521739131,0.7441592261904761,0.08481298149255807,1680,0.75,0.5039625398169737,0.145227932738899,1680,0.5,0.7812166041630326,0.1737749632464106,1680,0.7692307692307693
IMPUTED,config_random80,LogisticRegression,none,smoteenn,off,0.4590495781144898,0.1268157835359404,480,0.4547940268270977,0.7611450243275066,0.07287071421841264,480,0.7681818181818182,0.6037475808558942,0.08972462891545097,480,0.6086956521739131,0.7342447916666667,0.07305776715953248,480,0.71875,0.49496108245648684,0.11568627146852088,480,0.5,0.811601483007733,0.11982045488638447,480,0.8
IMPUTED,config_loo,SVC_linear,robust,smote,off,0.45897010126120336,0.027465213610551906,33,0.4578029269547624,0.7457252778569393,0.015558253345691567,33,0.7456896551724138,0.6205754993876569,0.01895281585550333,33,0.62,0.7602272727272726,0.015214785627952341,33,0.7625,0.5508622419445547,0.024951620247539108,33,0.5483870967741935,0.7134986225895317,0.0443543682174027,33,0.7045454545454546
STRICT,config_random80,LogisticRegression,standard,none,on,0.4586522259730614,0.18109391988760312,840,0.4522670168666454,0.7371558916124133,0.0934810153600492,840,0.7386363636363636,0.5830632682357871,0.14812434386976042,840,0.6,0.7553968253968254,0.09751230241602907,840,0.7666666666666667,0.5759360887854917,0.19434108963359983,840,0.5714285714285714,0.6824981103552532,0.22293904387437127,840,0.75
STRICT,config_strat80,LinearDiscriminantAnalysis_svd,maxabs,undersample,on,0.45864447260027047,0.13630716703820328,280,0.4665694748158434,0.7332766439909296,0.0714408745074461,280,0.7380952380952381,0.6214559161650434,0.08770669118135846,280,0.631578947368421,0.7469047619047618,0.06923331962242403,280,0.7666666666666667,0.5887758471073375,0.11957377896763738,280,0.5714285714285714,0.6992063492063492,0.17011378973971938,280,0.6666666666666666
STRICT,config_random80,LogisticRegression,standard,smoteenn,on,0.45849210554564485,0.15354240337084887,3360,0.4588314677411235,0.7565962621028615,0.08187015131717396,3360,0.75,0.6018951000743586,0.12201476469149405,3360,0.6086956521739131,0.7105555555555556,0.10309469424994866,3360,0.7333333333333333,0.4894722772590035,0.130881657879059,3360,0.5,0.8392427248677248,0.1471056018220694,3360,0.875
IMPUTED,config_kfold,LogisticRegression,robust,undersample,on,0.4584751781827906,0.08416616173513325,3360,0.4762722621729585,0.7472515495273648,0.045016076135559906,3360,0.7576086956521739,0.6137234749397231,0.05612078170206835,3360,0.6262626262626263,0.737905505952381,0.03961661075752241,3360,0.74375,0.5284389736831988,0.05461168819009238,3360,0.5367507002801122,0.7673892195767196,0.07884023572304817,3360,0.775
IMPUTED,config_loo,LogisticRegression,none,smote,off,0.45818101256546107,0.021013245524691377,48,0.4506693490173787,0.7499265282131661,0.00949244010310575,48,0.7472570532915361,0.6225879214973119,0.013193692431586444,48,0.6181818181818182,0.7488281250000001,0.015290637888847939,48,0.74375,0.5316232526344774,0.02222364397749983,48,0.5238095238095238,0.7523674242424243,0.015002185625110628,48,0.75
STRICT,config_loo,LogisticRegression,none,undersample,off,0.4580208229801026,0.01001528275518277,24,0.4570621065928872,0.7465932914046122,0.00786949060553595,24,0.7464061096136568,0.6264677073189827,0.007613662947012341,24,0.6262254901960784,0.7511261261261262,0.006805542637639678,24,0.75,0.546323189114896,0.012011549624884894,24,0.5432190760059612,0.7361111111111112,0.03642607920314653,24,0.7380952380952381
STRICT,config_kfold,SVC_linear,robust,smote,on,0.4577847400319889,0.11332858454517646,6300,0.4890491232906065,0.7379315593577498,0.06049624643518169,6300,0.7540909090909091,0.6124660491849044,0.0869038342087211,6300,0.6353264571685624,0.7528542367138426,0.04818212748968682,6300,0.764367816091954,0.5674732399288864,0.07762581589717993,6300,0.5860064935064935,0.7039430335097001,0.11057354484998194,6300,0.73
STRICT,config_kfold,LogisticRegression,robust,smoteenn,on,0.45755410304690625,0.10750489533667931,6720,0.4880617811641124,0.7447802289476396,0.05851273447527061,6720,0.761453823953824,0.6223814403661239,0.06809893370527698,6720,0.6416966062423334,0.7272247194854954,0.05584084684165929,6720,0.7428571428571429,0.53132021792088,0.06505518375561276,6720,0.5457002801120447,0.786032242063492,0.08967274055903637,6720,0.8
STRICT,config_random80,SVC_linear,standard,smoteenn,on,0.45753522504438976,0.1583717986371839,3192,0.4629100498862757,0.7539766955466531,0.08429406136134657,3192,0.75,0.6006721164959815,0.12548496529511413,3192,0.6153846153846154,0.7236006683375104,0.09635921650807784,3192,0.7333333333333333,0.5038162058067301,0.13547717284415253,3192,0.5,0.8035997732426304,0.16881943152268944,3192,0.7777777777777778
IMPUTED,config_loo,LogisticRegression,robust,smoteenn,off,0.45748898570793567,0.025644843017433045,48,0.4593099608919506,0.753200104493208,0.014058639759174705,48,0.7547021943573669,0.6219144825132217,0.016257803311055252,48,0.6218487394957983,0.7333333333333334,0.01606861396044875,48,0.73125,0.5106589244359502,0.02042599540407062,48,0.5073545316893793,0.7973484848484849,0.036865889922141855,48,0.7954545454545454
STRICT,config_kfold,SVC_linear,none,smote,off,0.4574778873816402,0.049050122134016175,900,0.4629635326305216,0.7357323793490461,0.027430803183226767,900,0.7371482683982684,0.6121450809024727,0.03785128176446669,900,0.6146336996336996,0.7555575989782886,0.020351444095953186,900,0.7570114942528736,0.5766904900072599,0.04124410990395936,900,0.5773809523809523,0.6910913580246912,0.0663214625318533,900,0.6861111111111111
STRICT,config_loo,LinearDiscriminantAnalysis_svd,standard,smoteenn,on,0.45740808654377735,0.04874588067730326,56,0.4528417945174295,0.7512755102040816,0.027300657313857477,56,0.7504492362982929,0.6265314982838986,0.030327669684903864,56,0.6228509752524863,0.727557915057915,0.025252136566712845,56,0.722972972972973,0.5141880380519842,0.029155465222521416,56,0.5078297039393198,0.8061224489795918,0.06507509124137761,56,0.8095238095238095
IMPUTED,config_loo,LogisticRegression,maxabs,smote,on,0.4573221923366454,0.08237502426756703,336,0.48408746684993376,0.7428464136438274,0.062447690822326575,336,0.7656739811912225,0.5984772311176837,0.12147863634862864,336,0.6393387877775922,0.7587425595238095,0.01120409125685652,336,0.7625,0.5598121299653622,0.055835401293075966,336,0.546875,0.707521645021645,0.19154059029140977,336,0.7727272727272727
IMPUTED,config_strat80,LinearDiscriminantAnalysis_svd,robust,none,on,0.456968860872552,0.18889332755798707,140,0.4779733235482032,0.6939613526570049,0.09018604430574077,140,0.7004830917874396,0.5338348054225984,0.1976211786813019,140,0.5714285714285714,0.796875,0.05801100351465205,140,0.78125,0.7266269841269841,0.2589367220867182,140,0.75,0.45873015873015865,0.19761561946548967,140,0.5555555555555556
STRICT,config_random80,LogisticRegression,robust,none,off,0.4569626412475321,0.16191825808300975,120,0.4803844614152614,0.7332730383545601,0.08470385694198637,120,0.740436194240542,0.5819459451087193,0.12459120894248539,120,0.6086956521739131,0.76,0.09183267372047775,120,0.7666666666666667,0.5911868658946832,0.18981410159897993,120,0.5714285714285714,0.659212962962963,0.20549696639463777,120,0.625
IMPUTED,config_loo,LogisticRegression,standard,smoteenn,off,0.4569510377123828,0.025840657412450417,48,0.45166427807584464,0.7537878787878788,0.014876087458308018,48,0.7511755485893417,0.6212536592574276,0.015894483548422305,48,0.6180371352785146,0.7286458333333333,0.01338821263607105,48,0.7281249999999999,0.5046230197000624,0.015327340963158723,48,0.5035211267605634,0.8096590909090909,0.03855378591396222,48,0.8181818181818182
STRICT,config_loo,SVC_linear,standard,smote,off,0.4567083005972452,0.01972941410119129,34,0.456563218857709,0.7419269594630304,0.01199539956896551,34,0.7414645103324349,0.6232005682576259,0.014136679845670344,34,0.6236559139784946,0.7599364069952306,0.008838782975239561,34,0.7567567567567568,0.5624207497831892,0.01524941519356883,34,0.56,0.700280112044818,0.0361885997932071,34,0.6904761904761905
STRICT,config_random80,LogisticRegression,robust,smote,off,0.4566574835964163,0.1577681885307677,480,0.4161491018758874,0.7524785434975653,0.08062377211541508,480,0.75,0.6041341671252325,0.12173124469041462,480,0.5882352941176471,0.7359722222222221,0.09539369724007321,480,0.7,0.52062527642636,0.1459372349390518,480,0.5,0.7705753968253968,0.13880730944086617,480,0.75
IMPUTED,config_loo,LinearDiscriminantAnalysis_svd,standard,smote,off,0.45652908314221485,0.02165629106645597,8,0.4494356000546268,0.7448079937304075,0.01156501537395957,8,0.7456896551724137,0.6191797362329023,0.014543446485967285,8,0.616688510266492,0.7578125,0.016620098633023456,8,0.753125,0.5475662637702539,0.02738297842379962,8,0.5411412358133669,0.7159090909090909,0.043801095984519624,8,0.7159090909090909
IMPUTED,config_loo,SVC_linear,standard,undersample,on,0.45644247534682725,0.03839602416224341,118,0.4673320904329671,0.745764600138977,0.01879786516851917,118,0.7443181818181818,0.6203534058651496,0.02420970277254859,118,0.6236559139784946,0.752489406779661,0.028625238290125195,118,0.75625,0.5419956926654338,0.04109233387904348,118,0.5454545454545454,0.7313041283672493,0.047657587259248915,118,0.7272727272727273
STRICT,config_loo,RandomForestClassifier,standard,smote,off,0.45623780253688345,0.03673040057686561,260,0.4515991474810198,0.7330171400926118,0.015247048885910627,260,0.7318059299191375,0.6158348372569318,0.02236525922880703,260,0.6122448979591837,0.7715696465696466,0.02128567658278608,260,0.7702702702702703,0.5933245839753972,0.04440143234136789,260,0.5869565217391305,0.6438644688644688,0.03388347190737444,260,0.6428571428571429
IMPUTED,config_loo,LinearDiscriminantAnalysis_svd,standard,smoteenn,on,0.45622074966046283,0.04167463261882932,56,0.4582647523849861,0.7525890058217645,0.021784050312524516,56,0.7505877742946708,0.6209193245753386,0.026887066555922767,56,0.6218487394957983,0.7274553571428571,0.03199517389540807,56,0.725,0.5058980709071085,0.03677082230633608,56,0.5,0.8084415584415584,0.040853300538144253,56,0.8181818181818182
STRICT,config_random80,LinearDiscriminantAnalysis_svd,maxabs,smote,off,0.456220722812564,0.15910481689043912,80,0.42924441007575714,0.7511149372970025,0.08425271848453189,80,0.7471590909090909,0.602998017961085,0.11875173093869472,80,0.5882352941176471,0.7416666666666667,0.09539318294838425,80,0.75,0.5277687140216165,0.13903160750183483,80,0.5192307692307692,0.7535218253968254,0.14988520034990607,80,0.75
IMPUTED,config_loo,LogisticRegression,standard,none,on,0.45610545065275865,0.06177884301068991,84,0.4675917504593828,0.7260598596805493,0.05036835903953836,84,0.728448275862069,0.5897401111444607,0.06708267437282484,84,0.6007944389275075,0.7720238095238094,0.024283330685227294,84,0.76875,0.6060663065659299,0.08270735956031648,84,0.5555555555555556,0.6239177489177489,0.18488664720001877,84,0.625
IMPUTED,config_random80,SVC_linear,none,smoteenn,off,0.4560469822884212,0.11865163891203458,480,0.47547147964401015,0.7589949188384185,0.07005108402076636,480,0.780096618357488,0.5989595924283668,0.08860331207563434,480,0.6153846153846154,0.7330078125,0.06846355160322616,480,0.71875,0.49246283965217785,0.11303308008260182,480,0.46862745098039216,0.8068082900895401,0.13825954642376959,480,0.8
IMPUTED,config_loo,LinearDiscriminantAnalysis_svd,none,smote,off,0.45604480462703323,0.02480185996089282,8,0.46305509006995826,0.7449549373040752,0.008252629921770128,8,0.7494122257053292,0.619478275346129,0.013893867276250348,8,0.6244520678482943,0.75546875,0.02419173320283486,8,0.759375,0.5452580113077325,0.03780761853294009,8,0.5479472140762462,0.7215909090909091,0.03156204885588247,8,0.7272727272727273
STRICT,config_random80,SVC_linear,standard,undersample,on,0.45584869854447296,0.16082914775901508,1596,0.472455591261534,0.7473263458328022,0.08321053884166817,1596,0.75,0.5981419418174346,0.1270168118611379,1596,0.625,0.7271303258145363,0.10846361012664565,1596,0.7333333333333333,0.5233619156595133,0.15645404779365712,1596,0.5384615384615384,0.7735036997255043,0.17430790636930343,1596,0.75
IMPUTED,config_strat80,RandomForestClassifier,robust,none,off,0.4556413590516956,0.16343777299922352,1440,0.4127594582445936,0.700637412775094,0.0763196384848531,1440,0.6787439613526569,0.5660815897016092,0.12985760024188597,1440,0.5333333333333333,0.7864583333333334,0.06676305430723531,1440,0.78125,0.7076013916638916,0.19166239821759914,1440,0.6666666666666666,0.5044753086419753,0.14497073597091115,1440,0.4444444444444444
IMPUTED,config_random80,LinearDiscriminantAnalysis_svd,standard,smoteenn,on,0.4556020139740875,0.1352800638422044,560,0.4475323507759939,0.7588876636958322,0.07547393431151968,560,0.7578347578347578,0.5961322117270568,0.10865387023300786,560,0.5925925925925926,0.7233258928571429,0.07758920539274047,560,0.71875,0.48406498995439173,0.12572111205255918,560,0.4615384615384615,0.8260573652537939,0.14957374970634868,560,0.8461538461538461
STRICT,config_loo,LogisticRegression,maxabs,smote,on,0.4553752290247414,0.09998946318319844,336,0.48324409799817286,0.7404858169682967,0.0704486788914952,336,0.7631401617250674,0.5958909530063975,0.15305211446840902,336,0.6429769392033543,0.7565958815958816,0.017156299020277342,336,0.7567567567567568,0.5758923464809731,0.07803225034543669,336,0.5573770491803278,0.7032312925170068,0.21068832002276575,336,0.7857142857142857
IMPUTED,config_loo,LogisticRegression,robust,undersample,off,0.4553589677899901,0.027936984770898475,24,0.4506693490173787,0.7492163009404389,0.015428429575808474,24,0.7484326018808778,0.6204103740260035,0.017629841973333376,24,0.6181818181818182,0.74375,0.017677669529663664,24,0.7406250000000001,0.5249826853940572,0.024755330366440027,24,0.5187697874265038,0.7613636363636364,0.04185339641214897,24,0.7727272727272727
STRICT,config_strat80,LogisticRegression,standard,none,off,0.45512685492321364,0.13016686016492654,120,0.4879500364742665,0.7205026455026454,0.07208275221191758,120,0.7142857142857142,0.5998532393432784,0.09744735515906217,120,0.6,0.7583333333333333,0.0609985381955841,120,0.7666666666666667,0.6354430836048482,0.15041237742502922,120,0.5833333333333334,0.625925925925926,0.19106145172311365,120,0.6666666666666666
STRICT,config_random80,LinearDiscriminantAnalysis_svd,maxabs,undersample,off,0.45510621551893593,0.11930569134620218,40,0.42924441007575714,0.7521247804128239,0.05941987052622984,40,0.7386363636363636,0.6011963249206486,0.09877447082792579,40,0.5941176470588235,0.725,0.0879490917238077,40,0.7333333333333333,0.5103202759143162,0.13790340598528467,40,0.5,0.7934722222222221,0.12871044172651017,40,0.75
STRICT,config_random80,LinearDiscriminantAnalysis_svd,none,undersample,off,0.45510621551893593,0.11930569134620216,40,0.42924441007575714,0.7521247804128239,0.05941987052622985,40,0.7386363636363636,0.6011963249206486,0.09877447082792584,40,0.5941176470588235,0.725,0.08794909172380769,40,0.7333333333333333,0.5103202759143162,0.13790340598528464,40,0.5,0.7934722222222221,0.12871044172651014,40,0.75
STRICT,config_random80,LinearDiscriminantAnalysis_svd,robust,undersample,off,0.45510621551893593,0.11930569134620218,40,0.42924441007575714,0.7521247804128239,0.05941987052622984,40,0.7386363636363636,0.6011963249206486,0.09877447082792579,40,0.5941176470588235,0.725,0.0879490917238077,40,0.7333333333333333,0.5103202759143162,0.13790340598528467,40,0.5,0.7934722222222221,0.12871044172651017,40,0.75
STRICT,config_random80,LinearDiscriminantAnalysis_svd,standard,undersample,off,0.45510621551893593,0.11930569134620218,40,0.42924441007575714,0.7521247804128239,0.05941987052622984,40,0.7386363636363636,0.6011963249206486,0.09877447082792579,40,0.5941176470588235,0.725,0.0879490917238077,40,0.7333333333333333,0.5103202759143162,0.13790340598528467,40,0.5,0.7934722222222221,0.12871044172651017,40,0.75
IMPUTED,config_strat80,RandomForestClassifier,none,none,off,0.45504914313231193,0.16286823050129343,1440,0.4252964776724258,0.7006441223832528,0.07620127568771011,1440,0.6787439613526569,0.5659794937268352,0.12973827891816705,1440,0.5333333333333333,0.7861979166666667,0.06651813926897537,1440,0.78125,0.706191459003959,0.19106287752159437,1440,0.6666666666666666,0.5050925925925925,0.14506867841159438,1440,0.4444444444444444
STRICT,config_loo,LinearDiscriminantAnalysis_svd,robust,smote,on,0.45468712755588764,0.11087384007018966,56,0.4873614669848471,0.7442481709664998,0.06036953461390513,56,0.7630278526504941,0.6228117083757304,0.0773185766911554,56,0.6464646464646465,0.7516891891891893,0.04561322657601131,56,0.7635135135135135,0.546520762727698,0.06379936108926161,56,0.5629598189020939,0.7270408163265306,0.10462055455433389,56,0.7619047619047619
STRICT,config_random80,LinearDiscriminantAnalysis_svd,none,smote,off,0.4546604629186488,0.1658546555998012,80,0.47129874671690697,0.750493758204356,0.08787478456819463,80,0.7556818181818181,0.6033854464884213,0.11983702817284674,80,0.6043478260869566,0.7424999999999999,0.09575739974638235,80,0.7666666666666667,0.5276838133271957,0.1401775088820034,80,0.5454545454545454,0.7515128968253968,0.14806762477284313,80,0.75
IMPUTED,config_kfold,LogisticRegression,none,none,off,0.45448317901015656,0.03797575140330219,240,0.46117475995832957,0.7224319096764749,0.028523660569236713,240,0.7249242424242424,0.5823844588639128,0.04271848169593808,240,0.587386649298414,0.7703125,0.028726568585158683,240,0.7718750000000001,0.6175177886484,0.08883622162381609,240,0.5832112332112331,0.6153518518518518,0.12788643598917196,240,0.6277777777777778
STRICT,config_loo,LogisticRegression,maxabs,undersample,on,0.4544755828532494,0.03711091494965046,154,0.4583558374945771,0.7457001668591965,0.027475153679114267,154,0.7515723270440251,0.6211671966474489,0.03477326881352159,154,0.6285714285714286,0.7406984906984907,0.016820249453109535,154,0.7432432432432432,0.5336893903519356,0.025635203120686963,154,0.532258064516129,0.7572665429808287,0.10031880185009348,154,0.7857142857142857
IMPUTED,config_kfold,LogisticRegression,maxabs,smote,on,0.4543932087453906,0.11171628559025973,6720,0.4838637889202851,0.7397507793384153,0.06931669298447403,6720,0.7605676328502415,0.5856844927153483,0.14558693730903055,6720,0.6308724627774971,0.7566573660714286,0.017325128067803137,6720,0.75625,0.5419407073870116,0.0707296116424793,6720,0.5536381673881674,0.7013700396825397,0.20655264342827007,6720,0.775
STRICT,config_loo,LogisticRegression,robust,smote,on,0.45436030575027964,0.10784513687520307,336,0.48747469107039854,0.7454421233902366,0.05868104999560498,336,0.7605570530098833,0.6240570954289881,0.07154514377889779,336,0.6451612903225806,0.7469031531531531,0.0471825044271763,336,0.7635135135135135,0.5399425886982953,0.061788742151564255,336,0.5625,0.7420634920634921,0.09547471198846279,336,0.7380952380952381
IMPUTED,config_strat80,GaussianNB,maxabs,smote,off,0.454276659961877,0.1363509285170858,240,0.40633714567003787,0.735024154589372,0.05734149739179871,240,0.7198067632850242,0.618552129252644,0.08459153614460811,240,0.5916666666666667,0.7515625,0.07070258771814394,240,0.734375,0.5742460317460317,0.14922724889929748,240,0.5192307692307692,0.6972222222222223,0.0825274843980996,240,0.6666666666666666
IMPUTED,config_strat80,RandomForestClassifier,standard,none,off,0.4542330794896749,0.1625460108109545,1440,0.4127594582445936,0.699916129898014,0.07596928356170062,1440,0.6787439613526569,0.5648653257931369,0.12891340752038383,1440,0.5333333333333333,0.7858940972222223,0.06650945255555821,1440,0.78125,0.7066238583946917,0.19152891298123112,1440,0.6666666666666666,0.5033950617283951,0.14488169227045292,1440,0.4444444444444444
STRICT,config_kfold,LogisticRegression,maxabs,smote,on,0.45419333883449786,0.12185265662699363,6720,0.48820238688528456,0.737099010942761,0.07180414885471628,6720,0.7586363636363636,0.5902296173052133,0.16067250627850732,6720,0.6396214896214896,0.753888624990226,0.02117555943506165,6720,0.7560919540229885,0.5451074308467815,0.10192528917875798,6720,0.5673809523809524,0.6984844576719578,0.2146230878619949,6720,0.7805555555555556
IMPUTED,config_kfold,LogisticRegression,robust,none,off,0.4541887671662211,0.050481554462356644,240,0.4633063063909215,0.7217063844971453,0.04201252479237406,240,0.7288647342995169,0.577659007181306,0.06536414766362694,240,0.5947309785158081,0.7709375,0.02396729487967659,240,0.76875,0.6180311421035106,0.08299329476172203,240,0.5840384615384615,0.6117222222222222,0.15962110012185668,240,0.625
IMPUTED,config_loo,SVC_linear,maxabs,smote,off,0.4539767500661275,0.03198411167358441,32,0.4595638849768418,0.734509698275862,0.042386290767856,32,0.7503918495297806,0.597778764616883,0.07486207544496405,32,0.6238532110091743,0.7591796875,0.017096763791936097,32,0.75,0.5838796840744912,0.12945645721017704,32,0.5357142857142857,0.6796875,0.15288038850623076,32,0.7386363636363636
STRICT,config_kfold,LogisticRegression,none,smoteenn,off,0.45396592480732834,0.04535966518236705,960,0.4533239436047837,0.7423582288660414,0.024238915516260163,960,0.7427272727272728,0.6179427548314727,0.030148828717307303,960,0.6184646271602794,0.7320219109195403,0.022001280341113986,960,0.7305747126436781,0.5338205246264457,0.032130843619741736,960,0.5348412698412699,0.7672112268518518,0.04680526224457967,960,0.775
IMPUTED,config_kfold,LogisticRegression,none,smoteenn,off,0.45370305570719793,0.04437586679176009,960,0.4536616657713926,0.7453312609793589,0.024307100320863296,960,0.7452272727272727,0.6128399437297317,0.02900042683053954,960,0.6126646964146965,0.7321614583333333,0.023835276604251544,960,0.7375,0.5226374745073468,0.032116294345929594,960,0.5227380952380953,0.7735086805555557,0.05115523704895507,960,0.7722222222222223
STRICT,config_random80,LinearDiscriminantAnalysis_svd,standard,undersample,on,0.45345242988168794,0.1578869816065346,280,0.4308202184276645,0.7495076033352431,0.08360184722650724,280,0.7471590909090909,0.6006158803801631,0.11852853617742991,280,0.6,0.7273809523809524,0.10440461813263376,280,0.7333333333333333,0.5164642928696445,0.14641920232230854,280,0.5384615384615384,0.7805895691609978,0.1519019874450068,280,0.75
STRICT,config_strat80,LinearDiscriminantAnalysis_svd,standard,undersample,on,0.4534383746893829,0.1470672774890529,280,0.4629100498862757,0.7293083900226758,0.07508331815557948,280,0.7380952380952381,0.6167302476305797,0.09546102133315132,280,0.625,0.7407142857142858,0.07677986107821555,280,0.7666666666666667,0.5872480460715754,0.14069081214797358,280,0.5714285714285714,0.7007936507936509,0.17893709439593938,280,0.6666666666666666
STRICT,config_random80,LinearDiscriminantAnalysis_svd,maxabs,undersample,on,0.45341754671681506,0.17253509039174503,280,0.4276686017238498,0.7493504614777907,0.09004358390784119,280,0.7471590909090909,0.5977128620757796,0.13142766316859852,280,0.5882352941176471,0.7264285714285714,0.10601176107303055,280,0.7333333333333333,0.5132302256566962,0.15607098441750103,280,0.5,0.7823866213151928,0.17021509687333866,280,0.75
IMPUTED,config_strat80,RandomForestClassifier,maxabs,none,off,0.4533729154422795,0.16250024370308552,1440,0.4127594582445936,0.6998020665593129,0.07600761696784804,1440,0.6787439613526569,0.5646057585534354,0.1290884010846094,1440,0.5333333333333333,0.7854600694444445,0.06649754722283041,1440,0.78125,0.7050225276266943,0.19149593362286368,1440,0.6666666666666666,0.5040123456790123,0.14522080173616062,1440,0.4444444444444444
STRICT,config_strat80,LogisticRegression,robust,none,off,0.4532814393582644,0.13742084568685947,120,0.4629100498862757,0.7169312169312169,0.07767531104509516,120,0.7142857142857142,0.5912872112121338,0.11161672006579029,120,0.6,0.76,0.06043724898128447,120,0.7666666666666667,0.6463239687872041,0.15800319865956652,120,0.6,0.6092592592592593,0.2052244959820359,120,0.5555555555555556
IMPUTED,config_loo,LinearDiscriminantAnalysis_svd,maxabs,none,off,0.453110138691783,0.0,2,0.453110138691783,0.6927899686520376,0.0,2,0.6927899686520376,0.5555555555555556,0.0,2,0.5555555555555556,0.8,0.0,2,0.8,0.7142857142857143,0.0,2,0.7142857142857143,0.4545454545454545,0.0,2,0.4545454545454545
IMPUTED,config_loo,LinearDiscriminantAnalysis_svd,none,none,off,0.453110138691783,0.0,2,0.453110138691783,0.6927899686520376,0.0,2,0.6927899686520376,0.5555555555555556,0.0,2,0.5555555555555556,0.8,0.0,2,0.8,0.7142857142857143,0.0,2,0.7142857142857143,0.4545454545454545,0.0,2,0.4545454545454545
IMPUTED,config_loo,LinearDiscriminantAnalysis_svd,robust,none,off,0.453110138691783,0.0,2,0.453110138691783,0.6927899686520376,0.0,2,0.6927899686520376,0.5555555555555556,0.0,2,0.5555555555555556,0.8,0.0,2,0.8,0.7142857142857143,0.0,2,0.7142857142857143,0.4545454545454545,0.0,2,0.4545454545454545
IMPUTED,config_loo,LinearDiscriminantAnalysis_svd,standard,none,off,0.453110138691783,0.0,2,0.453110138691783,0.6927899686520376,0.0,2,0.6927899686520376,0.5555555555555556,0.0,2,0.5555555555555556,0.8,0.0,2,0.8,0.7142857142857143,0.0,2,0.7142857142857143,0.4545454545454545,0.0,2,0.4545454545454545
STRICT,config_loo,LinearDiscriminantAnalysis_svd,robust,smote,off,0.45307266262965795,0.028782869293698558,8,0.4514584940759625,0.7397237196765499,0.014971267236732281,8,0.7428122192273137,0.620667591286148,0.01959782076484069,8,0.6224096636467771,0.7584459459459459,0.0156388530366985,8,0.75,0.5611253173518211,0.026717267459733886,8,0.5482374768089053,0.6964285714285714,0.037646162621052144,8,0.7023809523809523
STRICT,config_loo,LinearDiscriminantAnalysis_svd,maxabs,undersample,off,0.4530489987145031,0.05292968308546369,4,0.4530489987145031,0.7440476190476191,0.024510152937295457,4,0.7440476190476191,0.6243927125506072,0.03260743423155988,4,0.6243927125506072,0.7466216216216216,0.03510913799126099,4,0.7466216216216216,0.5424528301886793,0.04902030587459083,4,0.5424528301886793,0.7380952380952381,0.0,4,0.7380952380952381
STRICT,config_loo,LinearDiscriminantAnalysis_svd,none,undersample,off,0.4530489987145031,0.05292968308546369,4,0.4530489987145031,0.7440476190476191,0.024510152937295457,4,0.7440476190476191,0.6243927125506072,0.03260743423155988,4,0.6243927125506072,0.7466216216216216,0.03510913799126099,4,0.7466216216216216,0.5424528301886793,0.04902030587459083,4,0.5424528301886793,0.7380952380952381,0.0,4,0.7380952380952381
STRICT,config_loo,LinearDiscriminantAnalysis_svd,robust,undersample,off,0.4530489987145031,0.05292968308546369,4,0.4530489987145031,0.7440476190476191,0.024510152937295457,4,0.7440476190476191,0.6243927125506072,0.03260743423155988,4,0.6243927125506072,0.7466216216216216,0.03510913799126099,4,0.7466216216216216,0.5424528301886793,0.04902030587459083,4,0.5424528301886793,0.7380952380952381,0.0,4,0.7380952380952381
STRICT,config_loo,LinearDiscriminantAnalysis_svd,standard,undersample,off,0.4530489987145031,0.05292968308546369,4,0.4530489987145031,0.7440476190476191,0.024510152937295457,4,0.7440476190476191,0.6243927125506072,0.03260743423155988,4,0.6243927125506072,0.7466216216216216,0.03510913799126099,4,0.7466216216216216,0.5424528301886793,0.04902030587459083,4,0.5424528301886793,0.7380952380952381,0.0,4,0.7380952380952381
IMPUTED,config_random80,SVC_linear,robust,smote,on,0.4528679555170691,0.19126803195711076,3360,0.4472135954999579,0.7494774104280036,0.10711201705911966,3360,0.75,0.5927694137288345,0.14513229933951532,3360,0.6,0.7595610119047619,0.08294037247500996,3360,0.75,0.5233698813507941,0.15198075927250523,3360,0.5,0.722878183324612,0.20028458758835563,3360,0.7142857142857143
IMPUTED,config_kfold,LogisticRegression,none,undersample,off,0.452818963836491,0.03652628951534944,480,0.45405582796046834,0.7414433922558923,0.018978100818294225,480,0.7415151515151515,0.6084493914317988,0.0258210117383342,480,0.6102136752136753,0.742421875,0.022238397801310022,480,0.74375,0.5377290792390444,0.03361654079083588,480,0.5353567266067266,0.738849537037037,0.04399845523756503,480,0.74
IMPUTED,config_kfold,SVC_linear,robust,smoteenn,off,0.452729170402389,0.04353454048683317,800,0.45726305105199044,0.7435005654369785,0.023163782252162358,800,0.7469675010979357,0.6112418215526696,0.02968961675264355,800,0.6155244755244755,0.7349843749999999,0.026782871202443593,800,0.7375,0.5270069243784363,0.03693662882570711,800,0.5246212121212122,0.7620652777777778,0.05523293249289792,800,0.7666666666666666
STRICT,config_strat80,SVC_linear,standard,undersample,on,0.45264078380111716,0.15356972404279506,1680,0.4629100498862757,0.7268518518518519,0.0795907842477253,1680,0.7380952380952381,0.6119008518993204,0.10497074935586766,1680,0.6206896551724138,0.7391269841269842,0.0803392961187657,1680,0.7333333333333333,0.5928863156567988,0.15241025082291065,1680,0.5714285714285714,0.6961640211640211,0.19500444274313633,1680,0.6666666666666666
STRICT,config_loo,SVC_linear,none,smoteenn,off,0.4526216475307098,0.029572181688760087,28,0.4375871418875156,0.7496149403157489,0.01717409483692728,28,0.7396675651392632,0.623975740218496,0.017755165766281986,28,0.6153846153846154,0.7229729729729729,0.010722865508322592,28,0.722972972972973,0.5076334245985668,0.01225370605801245,28,0.5070422535211268,0.8112244897959184,0.046696788423517675,28,0.8095238095238095
STRICT,config_loo,LinearDiscriminantAnalysis_svd,standard,smote,off,0.4525033225933266,0.034073585245332445,8,0.4536561533042916,0.7403414195867026,0.018370885057013273,8,0.7378706199460916,0.6209789914478974,0.022698859467975008,8,0.6197565874985229,0.7567567567567568,0.016151737963978213,8,0.7567567567567568,0.5573831446454179,0.024955956501334798,8,0.5552115583075335,0.7023809523809523,0.03818017741606061,8,0.6904761904761905
STRICT,config_kfold,SVC_linear,robust,undersample,on,0.45246615871184703,0.12071612009020874,3150,0.4868381876420402,0.7376987024439405,0.06539151540802782,3150,0.7568181818181818,0.6080143622594604,0.09808916819714776,3150,0.636627140974967,0.7425952563400838,0.053426348650809766,3150,0.7566666666666666,0.548402271882173,0.08515758603177596,3150,0.5677777777777778,0.7266442680776014,0.13224453852620283,3150,0.7555555555555555
IMPUTED,config_strat80,LinearDiscriminantAnalysis_svd,maxabs,smoteenn,on,0.45231569935318944,0.15749869299790464,560,0.4505243048141937,0.7454537612146308,0.08533861961160251,560,0.7427536231884058,0.618408602502121,0.09797465589375712,560,0.6120401337792643,0.7030133928571428,0.09111334843024352,560,0.6875,0.49836417841181263,0.1050500272872785,560,0.4736842105263157,0.8424603174603175,0.14410088866451637,560,0.8888888888888888
IMPUTED,config_random80,LinearDiscriminantAnalysis_svd,robust,undersample,on,0.4522191939765466,0.18704423521045993,280,0.4472135954999579,0.7518007689267496,0.10288080429196036,280,0.7557452717635784,0.592536461657581,0.14217959728607907,280,0.6,0.746875,0.0857593767405333,280,0.734375,0.5119703383439008,0.1576839754794103,280,0.5,0.7517767748124892,0.19023602884866295,280,0.75
STRICT,config_strat80,LogisticRegression,none,smoteenn,off,0.4520077089189048,0.1346209416228238,480,0.4276686017238498,0.7349206349206349,0.07046307444091972,480,0.7222222222222222,0.6258666737312647,0.08495594115490662,480,0.6086956521739131,0.7280555555555555,0.08215897182886095,480,0.7333333333333333,0.5596741104863202,0.1153576874808247,480,0.5384615384615384,0.7520833333333333,0.14708095137676133,480,0.7777777777777778
IMPUTED,config_strat80,LogisticRegression,maxabs,undersample,on,0.451747854754856,0.21591384943180253,1680,0.4865336327998411,0.7404071773636991,0.11819930367718649,1680,0.7705314009661836,0.58700042896464,0.20841207522562794,1680,0.64,0.7405505952380952,0.09442810668117088,1680,0.71875,0.5138456734548487,0.1987377311886128,1680,0.5,0.740079365079365,0.28071188314421475,1680,0.8888888888888888
IMPUTED,config_kfold,SVC_linear,standard,smoteenn,off,0.4517388626644432,0.04504184812911416,812,0.4571453949606583,0.742771756708226,0.024276681423912604,812,0.7437121212121213,0.6101772417901455,0.030287216788009507,812,0.6130161261740209,0.7347829433497537,0.02605801128709684,812,0.7375,0.5269488697653112,0.037357050127931175,812,0.5255753968253968,0.760205938697318,0.05621386721104587,812,0.7644444444444445
IMPUTED,config_loo,LogisticRegression,robust,none,off,0.45148145541723245,0.03037774987954469,12,0.4600880369617829,0.7223092998955067,0.03473979523129914,12,0.7319749216300941,0.5895231594873315,0.048439500487477645,12,0.6071125136545696,0.7729166666666667,0.02546908405153675,12,0.76875,0.6102534819754545,0.08169284151889937,12,0.6104918032786886,0.6098484848484849,0.152869293144098,12,0.6363636363636364
IMPUTED,config_kfold,SVC_linear,robust,undersample,on,0.45122276690468494,0.09580027699348212,2796,0.4772384137208278,0.7385435000939293,0.050787925605589625,2796,0.7522342995169081,0.6011382461269956,0.07426142610820631,2796,0.6227505827505827,0.7456276824034335,0.04574554453951958,2796,0.75625,0.5429541789707626,0.07515225628857153,2796,0.5530952380952381,0.7214558496264505,0.10419321420491308,2796,0.7305555555555555
STRICT,config_strat80,LinearDiscriminantAnalysis_svd,none,smoteenn,off,0.45116895995826434,0.14955647922839244,80,0.48051340201158727,0.7383928571428571,0.07715884415763498,80,0.753968253968254,0.633700522075926,0.08726456755004573,80,0.6396103896103896,0.72375,0.09235072723795056,80,0.7333333333333333,0.5481504081895916,0.11292270639415543,80,0.5384615384615384,0.775,0.1030477884032261,80,0.7777777777777778
IMPUTED,config_random80,LogisticRegression,standard,none,on,0.45083194813574545,0.16936535906316633,840,0.4547940268270977,0.7341791968071117,0.1004640402726369,840,0.7291666666666667,0.5707933890057912,0.14253343799881868,840,0.5833333333333334,0.7722470238095238,0.06985447471092239,840,0.75,0.5652506509596846,0.15805439972176716,840,0.5384615384615384,0.6509807983022268,0.24526428183673307,840,0.6666666666666666
IMPUTED,config_loo,SVC_linear,standard,smoteenn,off,0.4508014760029654,0.02842197074312069,39,0.452915774053048,0.747598665702114,0.014855827755889632,39,0.7496081504702194,0.6176432471990265,0.018171374962823613,39,0.6194690265486725,0.7373397435897435,0.02200325089464107,39,0.7375,0.5171193374193572,0.027754344103738594,39,0.5138888888888888,0.7703962703962705,0.04098705748032931,39,0.75
IMPUTED,config_loo,SVC_linear,robust,smote,on,0.4502810137745749,0.08402903920305195,229,0.4714511823509503,0.7427573765950782,0.04647167740684481,229,0.7531347962382445,0.6154552353696162,0.05760537468801568,229,0.6306306306306306,0.7517194323144105,0.03689123035774083,229,0.7625,0.5383261326866599,0.0509563135171929,229,0.5538461538461539,0.7229812049116371,0.0864150865803703,229,0.7272727272727273
STRICT,config_random80,SVC_linear,standard,smote,off,0.4502421301396921,0.16679347906485753,456,0.4308202184276645,0.745970682212101,0.08684304745330522,456,0.7556818181818181,0.5978326474699286,0.1254302686896105,456,0.6,0.7421783625730994,0.09434424462012386,456,0.7333333333333333,0.531585771002424,0.14855008983681195,456,0.5384615384615384,0.7360519353940407,0.1602700184578402,456,0.75
STRICT,config_strat80,SVC_linear,robust,smote,off,0.45022669713654545,0.14384662035933868,480,0.4629100498862757,0.7267195767195767,0.07731203680310816,480,0.7380952380952381,0.6093485999889369,0.10031210438525849,480,0.631578947368421,0.7522222222222222,0.06057534912802832,480,0.7666666666666667,0.594849287082743,0.11420990226837716,480,0.5714285714285714,0.662962962962963,0.1885581633069246,480,0.6666666666666666
IMPUTED,config_random80,LogisticRegression,standard,none,off,0.450103741659526,0.15467889686757771,120,0.4473729731379759,0.7309472986155862,0.08862042982378752,120,0.7219317524580682,0.5749424246315206,0.12641231809735334,120,0.6,0.7739583333333333,0.06690531950982284,120,0.75,0.5735337701514173,0.16334761109806853,120,0.5694444444444444,0.6408826821326822,0.20932463475200966,120,0.625
STRICT,config_kfold,LinearDiscriminantAnalysis_svd,robust,undersample,on,0.450061301610501,0.10384426793416038,560,0.47991136849368476,0.7378324572253144,0.05629787918919898,560,0.7500577200577201,0.6125285581758089,0.07414294448737749,560,0.6301767676767676,0.740777269528501,0.04590595640702362,560,0.7506896551724138,0.5471565031545682,0.06445972378570021,560,0.5574458874458874,0.731218253968254,0.09935888250446648,560,0.745
IMPUTED,config_random80,LinearDiscriminantAnalysis_svd,maxabs,none,off,0.4498384544339616,0.17557225435225304,20,0.4058961655584936,0.7024543037689491,0.09591562232125209,20,0.676745951417004,0.5448205011362905,0.15499473331338104,20,0.5298245614035088,0.809375,0.059896429249514584,20,0.78125,0.6683333333333333,0.16577653455911914,20,0.7142857142857143,0.4794139194139194,0.18644458450890802,20,0.41428571428571426
IMPUTED,config_random80,LinearDiscriminantAnalysis_svd,none,none,off,0.4498384544339616,0.17557225435225304,20,0.4058961655584936,0.7024543037689491,0.09591562232125209,20,0.676745951417004,0.5448205011362905,0.15499473331338104,20,0.5298245614035088,0.809375,0.059896429249514584,20,0.78125,0.6683333333333333,0.16577653455911914,20,0.7142857142857143,0.4794139194139194,0.18644458450890802,20,0.41428571428571426
IMPUTED,config_random80,LinearDiscriminantAnalysis_svd,robust,none,off,0.4498384544339616,0.17557225435225304,20,0.4058961655584936,0.7024543037689491,0.09591562232125209,20,0.676745951417004,0.5448205011362905,0.15499473331338104,20,0.5298245614035088,0.809375,0.059896429249514584,20,0.78125,0.6683333333333333,0.16577653455911914,20,0.7142857142857143,0.4794139194139194,0.18644458450890802,20,0.41428571428571426
IMPUTED,config_random80,LinearDiscriminantAnalysis_svd,standard,none,off,0.4498384544339616,0.17557225435225304,20,0.4058961655584936,0.7024543037689491,0.09591562232125209,20,0.676745951417004,0.5448205011362905,0.15499473331338104,20,0.5298245614035088,0.809375,0.059896429249514584,20,0.78125,0.6683333333333333,0.16577653455911914,20,0.7142857142857143,0.4794139194139194,0.18644458450890802,20,0.41428571428571426
STRICT,config_strat80,LogisticRegression,standard,undersample,on,0.4497158728465876,0.1596255197364605,1680,0.4665694748158434,0.7316609977324263,0.0821216470972673,1680,0.746031746031746,0.6188345997117416,0.10238270820188124,1680,0.6363636363636364,0.732579365079365,0.07874142544678352,1680,0.7333333333333333,0.5656441625693339,0.13552994000109264,1680,0.5384615384615384,0.7293650793650793,0.1817620086712645,1680,0.7777777777777778
IMPUTED,config_strat80,GaussianNB,standard,smote,on,0.4491007167613513,0.15525692335079103,1680,0.4252964776724258,0.7326345755693582,0.07604218729326423,1680,0.7246376811594203,0.6126797928958727,0.10359021717484707,1680,0.6,0.7474330357142858,0.08255886809617094,1680,0.75,0.5664403347524753,0.14011341476028819,1680,0.5384615384615384,0.6988095238095238,0.1347499127031288,1680,0.6666666666666666
IMPUTED,config_strat80,GaussianNB,none,smote,off,0.44905354065663716,0.15273513926209736,240,0.4290823322857326,0.73125,0.06585685567818153,240,0.7367149758454106,0.6148213790404866,0.09566020669106079,240,0.6086956521739131,0.750390625,0.07678538984566002,240,0.75,0.5749952131202131,0.15958138374194816,240,0.5384615384615384,0.6875,0.08992954867783468,240,0.6666666666666666
IMPUTED,config_loo,SVC_linear,standard,smote,off,0.44871787795203893,0.03772362268873306,35,0.4387725362554147,0.7420062695924765,0.01995791408724674,35,0.7386363636363636,0.6149803963388442,0.024825591147672195,35,0.6095238095238096,0.7521428571428571,0.01946804373558772,35,0.75,0.5380502695113876,0.02884004213213256,35,0.532258064516129,0.7194805194805195,0.03776657685551931,35,0.7272727272727273
STRICT,config_strat80,LinearDiscriminantAnalysis_svd,maxabs,smoteenn,off,0.44861301573693374,0.12564678178334696,80,0.4550466375675794,0.7365079365079364,0.06518244090225095,80,0.7380952380952381,0.6287631815827482,0.07987415893466568,80,0.6261343012704175,0.73,0.0753052858433548,80,0.7333333333333333,0.5504628602606544,0.09482818872297527,80,0.5419580419580419,0.7527777777777778,0.1131666406017479,80,0.7777777777777778
IMPUTED,config_loo,GaussianNB,robust,undersample,off,0.44792890942040114,0.0,3,0.4479289094204012,0.740203761755486,0.0,3,0.740203761755486,0.6138613861386139,0.0,3,0.6138613861386139,0.75625,0.0,3,0.75625,0.543859649122807,0.0,3,0.543859649122807,0.7045454545454546,0.0,3,0.7045454545454546
IMPUTED,config_loo,GaussianNB,standard,undersample,off,0.44792890942040114,0.0,3,0.4479289094204012,0.740203761755486,0.0,3,0.740203761755486,0.6138613861386139,0.0,3,0.6138613861386139,0.75625,0.0,3,0.75625,0.543859649122807,0.0,3,0.543859649122807,0.7045454545454546,0.0,3,0.7045454545454546
IMPUTED,config_strat80,LinearDiscriminantAnalysis_svd,maxabs,smoteenn,off,0.44788356608490343,0.1537527951509289,80,0.46297041778830694,0.7442028985507246,0.08442575848064261,80,0.7536231884057971,0.6130970742561391,0.09825291851716862,80,0.6180371352785146,0.7015625,0.07828701555045679,80,0.6875,0.4901427346947858,0.09077964013668836,80,0.4705882352941176,0.8416666666666666,0.16181402508875514,80,0.8888888888888888
STRICT,config_loo,LogisticRegression,robust,smoteenn,on,0.4477930133835249,0.11283197390954466,336,0.48758791515595,0.7446198605228255,0.06220179210848499,336,0.7656109613656783,0.621255707659476,0.06944588893655543,336,0.6470588235294118,0.731016731016731,0.05559498053302155,336,0.75,0.5199931117571863,0.06126038803397387,336,0.5378874856486797,0.7760770975056689,0.09613078767759038,336,0.7857142857142857
STRICT,config_loo,LogisticRegression,robust,undersample,on,0.44777269265110253,0.11199657944800301,168,0.48758791515595,0.7431090360672571,0.06110973518014258,168,0.7654986522911051,0.620945917152253,0.07179797321040579,168,0.6470588235294118,0.7386583011583012,0.05362918387955704,168,0.7567567567567568,0.5298587042254708,0.0637822385378242,168,0.5491935483870968,0.7534013605442177,0.09209548911765891,168,0.7857142857142857
STRICT,config_random80,LogisticRegression,none,undersample,off,0.44765686836965857,0.13075576741080844,240,0.4276686017238498,0.7490460460433287,0.06858635494990292,240,0.7357954545454546,0.5977475929580857,0.10632107864048636,240,0.6086956521739131,0.7183333333333334,0.09592826236424357,240,0.7333333333333333,0.5009995048810838,0.13034456982495488,240,0.5,0.7985416666666667,0.1274123909359554,240,0.75
STRICT,config_random80,LogisticRegression,robust,smoteenn,off,0.4475446137013977,0.12288509936419924,480,0.4308202184276645,0.7485106364046582,0.06319069337113481,480,0.7443181818181819,0.5964901312292756,0.10188276374491032,480,0.6,0.7173611111111111,0.09081950750174411,480,0.7,0.49827603562946055,0.1260722446023385,480,0.5,0.8005257936507937,0.13123352130654886,480,0.75
STRICT,config_loo,LinearDiscriminantAnalysis_svd,standard,none,on,0.4474463758414224,0.0964920369270595,14,0.4787939214116299,0.6939096393274291,0.042684670843560396,14,0.7097933513027852,0.5594225939494482,0.0751714972472365,14,0.5882352941176471,0.7924710424710425,0.032827266959158136,14,0.8040540540540541,0.7033475783475784,0.093044705727453,14,0.7407407407407407,0.46598639455782315,0.06970714806775238,14,0.4761904761904761
IMPUTED,config_random80,SVC_linear,robust,smoteenn,off,0.44724438623113055,0.13758056366162982,480,0.4476190476190476,0.752450287482491,0.07839808071397367,480,0.7582010582010582,0.5897403971797395,0.10513600562705651,480,0.5833333333333334,0.7354166666666667,0.06935682247579368,480,0.71875,0.4944891127892289,0.12923979650590697,480,0.4615384615384615,0.7791938848188847,0.16122131085328933,480,0.75
IMPUTED,config_loo,LogisticRegression,standard,undersample,off,0.44694806983198593,0.03732396741800137,24,0.4462794994714042,0.7452651515151515,0.02139922025837631,24,0.7462774294670846,0.6149073961104036,0.024343126474649715,24,0.6153972153972154,0.7380208333333332,0.01851452377404589,24,0.7375,0.5170908342733043,0.024145176816260324,24,0.5147186147186147,0.7613636363636364,0.05147832520802812,24,0.7727272727272727
IMPUTED,config_kfold,LinearDiscriminantAnalysis_svd,robust,undersample,on,0.4468670522795882,0.08819486114653326,560,0.46776504180853096,0.7382580070895288,0.04666044863633217,560,0.7471212121212122,0.6040257744053088,0.06300183972768884,560,0.6196464646464646,0.7423214285714286,0.039861839725379586,560,0.75,0.5359313934566589,0.060515228265179376,560,0.5397002997002998,0.7286111111111111,0.08448545646483441,560,0.7408333333333332
STRICT,config_strat80,LogisticRegression,maxabs,smote,on,0.44654813933596016,0.192220387848171,3360,0.5048267902790238,0.7259920634920636,0.10078851491745369,3360,0.753968253968254,0.5904005370032366,0.1896410262427127,3360,0.64,0.750436507936508,0.07929309550677233,3360,0.7666666666666667,0.5753782296846068,0.20662979248182853,3360,0.5833333333333334,0.6648809523809524,0.24516189053331316,3360,0.6666666666666666
STRICT,config_strat80,LinearDiscriminantAnalysis_svd,maxabs,smoteenn,on,0.44642954958830067,0.12087316434765495,560,0.4629100498862757,0.7349206349206349,0.06353322344768288,560,0.7380952380952381,0.6258219918500679,0.07303368110609743,560,0.631578947368421,0.7161904761904762,0.07900048577511823,560,0.7333333333333333,0.5381869680917392,0.10000251052310566,560,0.5333333333333333,0.7817460317460317,0.13085263647038103,560,0.7777777777777778
STRICT,config_loo,RandomForestClassifier,maxabs,smote,off,0.44640348777129085,0.029286165915188796,259,0.4475740435093612,0.7291729542403397,0.01585543362055038,259,0.731581311769991,0.6095128682095418,0.021032610516480994,259,0.6122448979591837,0.766617969320672,0.015319807169969443,259,0.7635135135135135,0.5825646783501157,0.03092647970637504,259,0.5777777777777777,0.6425813568670711,0.045470282186154946,259,0.6428571428571429
IMPUTED,config_strat80,SVC_linear,standard,none,on,0.4462813052842538,0.16832727249911786,840,0.4127594582445936,0.6799516908212561,0.07767852575925235,840,0.6787439613526569,0.5173310181431588,0.1643730888678944,840,0.5333333333333333,0.7927083333333333,0.053500050590539694,840,0.78125,0.757504724111867,0.24539310048253615,840,0.775,0.42222222222222217,0.16339660503313044,840,0.4444444444444444
IMPUTED,config_kfold,LinearDiscriminantAnalysis_svd,maxabs,none,off,0.4462043739441858,0.038861479718432075,40,0.4436235502463939,0.6947344642072902,0.016632101927671148,40,0.6969625603864735,0.5426554230083642,0.029076162251268738,40,0.5417171717171718,0.7931250000000001,0.013412226530774844,40,0.79375,0.7015169552669552,0.055817402801128325,40,0.6908333333333334,0.47530555555555554,0.029423862612537294,40,0.4788888888888888
IMPUTED,config_kfold,LinearDiscriminantAnalysis_svd,none,none,off,0.4462043739441858,0.038861479718432075,40,0.4436235502463939,0.6947344642072902,0.016632101927671148,40,0.6969625603864735,0.5426554230083642,0.029076162251268738,40,0.5417171717171718,0.7931250000000001,0.013412226530774844,40,0.79375,0.7015169552669552,0.055817402801128325,40,0.6908333333333334,0.47530555555555554,0.029423862612537294,40,0.4788888888888888
IMPUTED,config_kfold,LinearDiscriminantAnalysis_svd,robust,none,off,0.4462043739441858,0.038861479718432075,40,0.4436235502463939,0.6947344642072902,0.016632101927671148,40,0.6969625603864735,0.5426554230083642,0.029076162251268738,40,0.5417171717171718,0.7931250000000001,0.013412226530774844,40,0.79375,0.7015169552669552,0.055817402801128325,40,0.6908333333333334,0.47530555555555554,0.029423862612537294,40,0.4788888888888888
IMPUTED,config_kfold,LinearDiscriminantAnalysis_svd,standard,none,off,0.4462043739441858,0.038861479718432075,40,0.4436235502463939,0.6947344642072902,0.016632101927671148,40,0.6969625603864735,0.5426554230083642,0.029076162251268738,40,0.5417171717171718,0.7931250000000001,0.013412226530774844,40,0.79375,0.7015169552669552,0.055817402801128325,40,0.6908333333333334,0.47530555555555554,0.029423862612537294,40,0.4788888888888888
STRICT,config_kfold,SVC_linear,robust,smoteenn,on,0.4460655948211858,0.1107639548145306,6300,0.4771049510873954,0.7353869545798117,0.05941925284522957,6300,0.7510281385281385,0.6111175662211356,0.07486258203902,6300,0.6293252441859253,0.7312468423384679,0.060357247058158175,6300,0.7494252873563219,0.5407520275857698,0.07525561691406052,6300,0.5576623376623376,0.7454116402116402,0.09460376509532742,6300,0.7611111111111111
IMPUTED,config_loo,LogisticRegression,none,smoteenn,off,0.44605078094939365,0.023945982051806685,48,0.4481472365903107,0.7467182601880878,0.013629937907955676,48,0.7468652037617555,0.614752127514708,0.014705779251371998,48,0.6153846153846154,0.7296874999999999,0.013052930297894868,48,0.725,0.5061171634730088,0.01617794552331635,48,0.5,0.7845643939393939,0.037503174747898146,48,0.7727272727272727
IMPUTED,config_random80,LogisticRegression,maxabs,smote,on,0.44593297202850746,0.19224730317762284,3360,0.4779733235482032,0.7432267284445624,0.10904751729708244,3360,0.75,0.56851196041806,0.1904371435918731,3360,0.6153846153846154,0.7627232142857143,0.07492861808854502,3360,0.75,0.5184900124963289,0.1869136226578945,3360,0.5333333333333333,0.699100510930868,0.2572358977602366,3360,0.75
STRICT,config_random80,LogisticRegression,maxabs,undersample,on,0.44557614558167447,0.20211819813479817,1680,0.4522670168666454,0.7438111376775974,0.10945112088203078,1680,0.75,0.5605214141367977,0.2121634620748259,1680,0.6,0.7340873015873016,0.0987015847383047,1680,0.7333333333333333,0.48478734523294453,0.20833878946044354,1680,0.5,0.7531075207860922,0.29052338357155594,1680,0.8571428571428571
IMPUTED,config_kfold,LogisticRegression,robust,smoteenn,on,0.44550533657388175,0.08186251403060389,6720,0.466687154337332,0.7422245618713009,0.044431973968787654,6720,0.753804347826087,0.6078022343517269,0.0512078252117835,6720,0.6213250268250268,0.7180636160714285,0.04375757061048331,6720,0.73125,0.5062228759895762,0.0508384691234486,6720,0.5149386724386724,0.7950479497354498,0.0717419924844668,6720,0.7972222222222223
STRICT,config_loo,SVC_linear,robust,smote,on,0.4453952276216968,0.11802590130473628,221,0.4807175234644668,0.7374640712598537,0.06305053673728532,221,0.7508984725965858,0.6150758078087288,0.08528334492507508,221,0.6373626373626373,0.7517732664791489,0.048516187484360165,221,0.7702702702702703,0.5485485268078552,0.0731332696362731,221,0.5686274509803921,0.7043740573152337,0.11049006011639229,221,0.7142857142857143
IMPUTED,config_strat80,LinearDiscriminantAnalysis_svd,standard,smoteenn,off,0.4453563733168667,0.1647019141707653,80,0.47558959951095614,0.741123188405797,0.09075638612614505,80,0.7536231884057971,0.6106827764385232,0.10674165383649752,80,0.6261343012704175,0.71171875,0.08245140854205961,80,0.71875,0.5016938984218395,0.098719053286501,80,0.5,0.8083333333333333,0.18199550233233325,80,0.8888888888888888
STRICT,config_loo,LinearDiscriminantAnalysis_svd,maxabs,smote,off,0.44535343010125683,0.022096367225956193,8,0.4361887691641747,0.7361859838274933,0.010833023856053432,8,0.7357367475292004,0.6158672303651087,0.014451556758147027,8,0.6130531420488987,0.7533783783783784,0.01655060637015657,8,0.75,0.5538686873054306,0.027540983186411117,8,0.5491071428571428,0.6964285714285714,0.03764616262105214,8,0.7023809523809523
STRICT,config_strat80,SVC_linear,standard,undersample,off,0.44521630047977145,0.13812587810804647,240,0.4550466375675794,0.7214947089947089,0.07120126350007132,240,0.7142857142857142,0.6049107143862041,0.09208946017854226,240,0.6,0.7375,0.07338054775259233,240,0.7333333333333333,0.5951088644470998,0.15553331459614178,240,0.5590277777777778,0.6814814814814815,0.19066132258921917,240,0.6666666666666666
IMPUTED,config_loo,SVC_linear,none,smoteenn,off,0.4451935026654349,0.018700000941435282,34,0.4444009034750091,0.7465655541213351,0.011197226435576524,34,0.7468652037617555,0.614076729099003,0.011237535625583828,34,0.6140350877192983,0.7275735294117647,0.00974553693728974,34,0.7281249999999999,0.5034280882892682,0.01096550765120142,34,0.5037313432835822,0.7887700534759358,0.038976951168752,34,0.7727272727272727
IMPUTED,config_strat80,GaussianNB,standard,smote,off,0.4449845113096046,0.14931816736346168,240,0.4252964776724258,0.7294685990338164,0.06526622121754186,240,0.7246376811594203,0.6115681728346286,0.09423393174352147,240,0.6,0.7484375,0.07507514540884352,240,0.71875,0.5709888722388723,0.15592521178219665,240,0.5,0.6861111111111111,0.09606386377211049,240,0.6666666666666666
IMPUTED,config_random80,SVC_linear,none,undersample,off,0.44489328760406044,0.14825074863348472,240,0.4472135954999579,0.7463001827289585,0.08485830968495524,240,0.7365393061045235,0.580431113897681,0.1267167226647224,240,0.5882352941176471,0.7411458333333333,0.07368345578355032,240,0.75,0.5068989396253328,0.1533144655842113,240,0.4705882352941176,0.7488820207570208,0.2043543497933459,240,0.75
STRICT,config_random80,SVC_linear,robust,smote,off,0.4444652226767553,0.17238370950498602,456,0.4276686017238498,0.7435247225865074,0.08951465164779046,456,0.7386363636363636,0.5944458050204023,0.12973634164403441,456,0.5882352941176471,0.7361111111111112,0.09809956484880367,456,0.7333333333333333,0.5239186230488985,0.15150638386558996,456,0.5,0.741161932609301,0.16257629895615863,456,0.75
STRICT,config_kfold,LinearDiscriminantAnalysis_svd,maxabs,undersample,off,0.4442949050461474,0.055298741121496645,80,0.4480862772243899,0.733565386002886,0.029473733688239738,80,0.7315331890331891,0.6085346282671427,0.03767658392674984,80,0.6077722715880611,0.7414244663382594,0.028174558402287282,80,0.7432183908045977,0.5486880811182282,0.04420186270120083,80,0.5439850427350428,0.7165138888888889,0.06030059456550909,80,0.7130555555555556
STRICT,config_kfold,LinearDiscriminantAnalysis_svd,none,undersample,off,0.4442949050461474,0.055298741121496645,80,0.4480862772243899,0.733565386002886,0.029473733688239738,80,0.7315331890331891,0.6085346282671427,0.03767658392674984,80,0.6077722715880611,0.7414244663382594,0.028174558402287282,80,0.7432183908045977,0.5486880811182282,0.04420186270120083,80,0.5439850427350428,0.7165138888888889,0.06030059456550909,80,0.7130555555555556
STRICT,config_kfold,LinearDiscriminantAnalysis_svd,robust,undersample,off,0.4442949050461474,0.055298741121496645,80,0.4480862772243899,0.733565386002886,0.029473733688239738,80,0.7315331890331891,0.6085346282671427,0.03767658392674984,80,0.6077722715880611,0.7414244663382594,0.028174558402287282,80,0.7432183908045977,0.5486880811182282,0.04420186270120083,80,0.5439850427350428,0.7165138888888889,0.06030059456550909,80,0.7130555555555556
STRICT,config_kfold,LinearDiscriminantAnalysis_svd,standard,undersample,off,0.4442949050461474,0.055298741121496645,80,0.4480862772243899,0.733565386002886,0.029473733688239738,80,0.7315331890331891,0.6085346282671427,0.03767658392674984,80,0.6077722715880611,0.7414244663382594,0.028174558402287282,80,0.7432183908045977,0.5486880811182282,0.04420186270120083,80,0.5439850427350428,0.7165138888888889,0.06030059456550909,80,0.7130555555555556
IMPUTED,config_random80,LinearDiscriminantAnalysis_svd,maxabs,smoteenn,off,0.44420830621067536,0.128610591432824,80,0.45714285714285713,0.7507227407572088,0.07012589562612717,80,0.7592857142857143,0.590082373287835,0.10587424832528976,80,0.5916666666666667,0.71953125,0.07970708216830424,80,0.703125,0.4809631103545577,0.12531629228386698,80,0.47727272727272724,0.8104983211233211,0.13429602749034308,80,0.8
STRICT,config_loo,GaussianNB,robust,smoteenn,off,0.44411449192801306,0.018673090394543956,9,0.456563218857709,0.7359988020365379,0.015610961365678355,9,0.7464061096136568,0.6144781144781145,0.017676767676767662,9,0.6262626262626263,0.7522522522522522,0.003378378378378398,9,0.75,0.550978896516654,0.010678871090770373,9,0.543859649122807,0.6984126984126985,0.05952380952380953,9,0.7380952380952381
IMPUTED,config_loo,SVC_linear,maxabs,smote,on,0.4439977450141852,0.04824990588510344,219,0.4484638800817062,0.727197963968227,0.04769742150294128,219,0.7417711598746082,0.5878049632488478,0.08066123794166248,219,0.6153846153846154,0.7563641552511416,0.01993541994627908,219,0.75625,0.5850673597050019,0.13459286500913836,219,0.546875,0.662866263007973,0.1647359535357107,219,0.7045454545454546
STRICT,config_strat80,LogisticRegression,standard,smoteenn,off,0.4435971840301142,0.13635944030472463,480,0.4629100498862757,0.7329695767195766,0.07207623336569863,480,0.746031746031746,0.621451993883997,0.08509651107233097,480,0.6363636363636364,0.7248611111111111,0.07296280890838241,480,0.7333333333333333,0.5442570812293143,0.09692913098861654,480,0.5384615384615384,0.7532407407407408,0.1528606124243922,480,0.7777777777777778
IMPUTED,config_loo,LinearDiscriminantAnalysis_svd,none,smoteenn,off,0.4434581955611498,0.0143100240667038,8,0.4410496546753448,0.7449549373040752,0.007521170881314458,8,0.7433385579937304,0.6128209384097912,0.00929521625670601,8,0.6105470287288469,0.7273437500000001,0.019461930558693996,8,0.728125,0.5045960542758698,0.0229728200634881,8,0.5045940170940171,0.7840909090909091,0.04380109598451959,8,0.7840909090909091
IMPUTED,config_kfold,SVC_linear,robust,smoteenn,on,0.4434403859191938,0.08341022792727161,5590,0.4631378608705244,0.7389865727744898,0.04488145520315257,5590,0.7499242424242424,0.6045262404268043,0.05382975942349168,5590,0.6171143826933301,0.7251285778175313,0.04759334209425118,5590,0.7375,0.5165680092753695,0.05717426147990369,5590,0.5257539682539683,0.7687398131584178,0.07357761086677983,5590,0.775
IMPUTED,config_strat80,SVC_linear,maxabs,smote,off,0.4432252650047825,0.25377534690168296,480,0.4732058754737091,0.735738727858293,0.129520697435584,480,0.7584541062801933,0.593846169939413,0.2085516487669281,480,0.6339712918660287,0.7365885416666667,0.1301896950821886,480,0.75,0.5199332898451849,0.20757137965190015,480,0.5294117647058824,0.7337962962962963,0.2594035067229312,480,0.7777777777777778
IMPUTED,config_kfold,LinearDiscriminantAnalysis_svd,maxabs,undersample,off,0.4432058339162709,0.04169091055541179,80,0.43638808909580334,0.7356255489679403,0.022233140262279374,80,0.7330917874396135,0.6027078405518219,0.028006486409654818,80,0.5979084804084804,0.73984375,0.02204387795692366,80,0.7406250000000001,0.5357459124337994,0.03408788833589556,80,0.5308333333333333,0.7256944444444444,0.05511495466611671,80,0.721111111111111
IMPUTED,config_kfold,LinearDiscriminantAnalysis_svd,none,undersample,off,0.4432058339162709,0.04169091055541179,80,0.43638808909580334,0.7356255489679403,0.022233140262279374,80,0.7330917874396135,0.6027078405518219,0.028006486409654818,80,0.5979084804084804,0.73984375,0.02204387795692366,80,0.7406250000000001,0.5357459124337994,0.03408788833589556,80,0.5308333333333333,0.7256944444444444,0.05511495466611671,80,0.721111111111111
IMPUTED,config_kfold,LinearDiscriminantAnalysis_svd,robust,undersample,off,0.4432058339162709,0.04169091055541179,80,0.43638808909580334,0.7356255489679403,0.022233140262279374,80,0.7330917874396135,0.6027078405518219,0.028006486409654818,80,0.5979084804084804,0.73984375,0.02204387795692366,80,0.7406250000000001,0.5357459124337994,0.03408788833589556,80,0.5308333333333333,0.7256944444444444,0.05511495466611671,80,0.721111111111111
IMPUTED,config_kfold,LinearDiscriminantAnalysis_svd,standard,undersample,off,0.4432058339162709,0.04169091055541179,80,0.43638808909580334,0.7356255489679403,0.022233140262279374,80,0.7330917874396135,0.6027078405518219,0.028006486409654818,80,0.5979084804084804,0.73984375,0.02204387795692366,80,0.7406250000000001,0.5357459124337994,0.03408788833589556,80,0.5308333333333333,0.7256944444444444,0.05511495466611671,80,0.721111111111111
STRICT,config_strat80,SVC_linear,standard,smote,off,0.44310696883645306,0.1487571897177953,480,0.4629100498862757,0.7236772486772486,0.07877290649334913,480,0.7380952380952381,0.6068564251702291,0.10183630238510856,480,0.631578947368421,0.7505555555555555,0.06367444065430804,480,0.7666666666666667,0.5902831074154604,0.11428979367206922,480,0.5714285714285714,0.6564814814814814,0.1784814612726133,480,0.6666666666666666
STRICT,config_random80,GaussianNB,maxabs,none,off,0.44291098572854787,0.1513073957714378,57,0.4193139346887673,0.7291175580077182,0.08362919967233073,57,0.7045454545454546,0.576520247988392,0.12189081039354636,57,0.5555555555555556,0.7684210526315789,0.0711083045603227,57,0.7666666666666667,0.5753778385357333,0.14337546315997954,57,0.5555555555555556,0.6280284043441938,0.18925474700543163,57,0.5555555555555556
STRICT,config_random80,GaussianNB,none,none,off,0.44291098572854787,0.1513073957714378,57,0.4193139346887673,0.7291175580077182,0.08362919967233073,57,0.7045454545454546,0.576520247988392,0.12189081039354636,57,0.5555555555555556,0.7684210526315789,0.0711083045603227,57,0.7666666666666667,0.5753778385357333,0.14337546315997954,57,0.5555555555555556,0.6280284043441938,0.18925474700543163,57,0.5555555555555556
STRICT,config_random80,GaussianNB,robust,none,off,0.44291098572854787,0.1513073957714378,57,0.4193139346887673,0.7291175580077182,0.08362919967233073,57,0.7045454545454546,0.576520247988392,0.12189081039354636,57,0.5555555555555556,0.7684210526315789,0.0711083045603227,57,0.7666666666666667,0.5753778385357333,0.14337546315997954,57,0.5555555555555556,0.6280284043441938,0.18925474700543163,57,0.5555555555555556
STRICT,config_random80,GaussianNB,standard,none,off,0.44291098572854787,0.1513073957714378,57,0.4193139346887673,0.7291175580077182,0.08362919967233073,57,0.7045454545454546,0.576520247988392,0.12189081039354636,57,0.5555555555555556,0.7684210526315789,0.0711083045603227,57,0.7666666666666667,0.5753778385357333,0.14337546315997954,57,0.5555555555555556,0.6280284043441938,0.18925474700543163,57,0.5555555555555556
IMPUTED,config_loo,LogisticRegression,none,none,off,0.4425652475008837,0.017096208046975307,12,0.45062868764104685,0.7154519331243469,0.01958024221423852,12,0.7135579937304075,0.5833933322251079,0.022071448221561932,12,0.5818607068607069,0.7697916666666668,0.03207250899654306,12,0.775,0.612037037037037,0.0972872582387039,12,0.6166666666666667,0.5946969696969697,0.1310369172368541,12,0.5909090909090909
IMPUTED,config_random80,SVC_linear,robust,undersample,on,0.4424277314119561,0.1994733657328514,1680,0.4472135954999579,0.7439463219828876,0.11206810643458476,1680,0.7485714285714286,0.5820891367154427,0.152203286767191,1680,0.5882352941176471,0.7488095238095238,0.09151012548283328,1680,0.75,0.5132677845296708,0.16088068903993763,1680,0.5,0.7253757122507122,0.21813637655278093,1680,0.75
STRICT,config_loo,SVC_linear,standard,undersample,on,0.4424156815384775,0.04916518130558861,95,0.467963735226799,0.738419161110323,0.029680674671207566,95,0.7558400718778078,0.6149289054125855,0.03527578014879923,95,0.6346153846153846,0.7424608819345662,0.017516157522155667,95,0.7364864864864865,0.5344839143967641,0.023806063314630716,95,0.5306122448979592,0.7290726817042607,0.07898092205853416,95,0.7619047619047619
IMPUTED,config_strat80,GaussianNB,robust,smote,off,0.44233496462153327,0.142565590565461,240,0.40633714567003787,0.7277777777777777,0.06225033711303299,240,0.7198067632850242,0.608913075309175,0.08996956940767332,240,0.5916666666666667,0.7484375,0.07207624863403207,240,0.71875,0.5705280136530136,0.15051800658127965,240,0.5,0.6805555555555556,0.09702693410297264,240,0.6666666666666666
STRICT,config_kfold,SVC_linear,none,undersample,off,0.44204391783497576,0.06090622697878092,450,0.4518478553429711,0.7280555876222543,0.037965958084874726,450,0.735,0.5933904349039566,0.06280676331012999,450,0.6097447143499775,0.7379079000182449,0.0364074858519049,450,0.7438095238095238,0.5541647870052204,0.0655857993516423,450,0.5395238095238095,0.7056469135802469,0.13002764590100002,450,0.7144444444444444
IMPUTED,config_random80,LinearDiscriminantAnalysis_svd,robust,smoteenn,off,0.44203337833892603,0.12135946527272809,80,0.4476190476190476,0.7506725211393404,0.06663363074033088,80,0.7546296296296297,0.584741937325406,0.10175916216885218,80,0.5714285714285714,0.71953125,0.0735781292211452,80,0.71875,0.4799508525959764,0.1261622949267763,80,0.4545454545454545,0.8047542735042734,0.1532714303785423,80,0.8397435897435898
STRICT,config_loo,SVC_linear,standard,none,off,0.4419817103478267,0.03186721138611267,12,0.4366167993440029,0.6868448637316562,0.015430237894285,12,0.6848607367475292,0.5473087299174256,0.02714365111302525,12,0.5441558441558441,0.7916666666666666,0.011096252174315518,12,0.7905405405405406,0.7146787056207345,0.03521987233413495,12,0.7214170692431562,0.4444444444444444,0.031016140346615723,12,0.44047619047619047
STRICT,config_random80,LogisticRegression,standard,smoteenn,off,0.4418081587468428,0.1452938382902735,480,0.4276686017238498,0.7469032230852883,0.07703562257967178,480,0.7386363636363636,0.5940918894998543,0.11413606376737637,480,0.5962962962962963,0.70875,0.1024058200655536,480,0.7,0.4893859883952763,0.13051109226452864,480,0.4705882352941176,0.8121693121693121,0.13312913610355168,480,0.75
STRICT,config_strat80,SVC_linear,standard,smoteenn,on,0.44169433122574925,0.15159413948203274,3360,0.4629100498862757,0.7288973922902494,0.08002498726162673,3360,0.7380952380952381,0.6158572824201145,0.09767515549973475,3360,0.625,0.7299007936507936,0.07831705851616547,3360,0.7333333333333333,0.5569825594813846,0.11421420904079167,3360,0.5454545454545454,0.7263888888888889,0.17295986981207323,3360,0.7777777777777778
IMPUTED,config_random80,LinearDiscriminantAnalysis_svd,standard,smoteenn,off,0.4413864203784842,0.12460789611842991,80,0.4081807234630232,0.7501257846685478,0.07232154724998843,80,0.747012987012987,0.5845954878741256,0.1000903778213596,80,0.5773809523809523,0.71875,0.07702950281416507,80,0.71875,0.48159792896731746,0.12435800199793721,80,0.4615384615384615,0.804150641025641,0.1609813262467872,80,0.8
STRICT,config_kfold,LinearDiscriminantAnalysis_svd,maxabs,smoteenn,off,0.44108252598384795,0.05262017608080321,160,0.4465480995045147,0.7363019931457432,0.027938557176124337,160,0.74,0.611829610922162,0.03367855238421816,160,0.6123797036297036,0.7168282019704433,0.027698138950139773,160,0.7169622331691298,0.5180206339068568,0.03766556025213048,160,0.5227994227994228,0.7818680555555556,0.05342266596528499,160,0.7833333333333333
STRICT,config_random80,LinearDiscriminantAnalysis_svd,standard,none,on,0.4409941621388963,0.18520319327260754,140,0.4522670168666454,0.7007976030180999,0.08546812499252526,140,0.7211538461538461,0.5395046736643375,0.15177384851005762,140,0.5714285714285714,0.7866666666666667,0.07446048957932849,140,0.8,0.6658606472892187,0.2171841873037761,140,0.6666666666666666,0.503639455782313,0.18216515006803183,140,0.5
IMPUTED,config_random80,LogisticRegression,robust,smoteenn,on,0.44094619745671304,0.17631597168218288,3360,0.4475323507759939,0.7517127357511061,0.09927195526749766,3360,0.7530364372469636,0.5864673006349745,0.13030176127971496,3360,0.5833333333333334,0.72109375,0.08761047416101604,3360,0.71875,0.47515032480092184,0.13420767818104434,3360,0.4615384615384615,0.8090605376766091,0.17867469211612674,3360,0.8461538461538461
IMPUTED,config_loo,LogisticRegression,maxabs,smote,off,0.4405214245071316,0.08119270504331048,48,0.45178851955574806,0.7335423197492164,0.06687188602757027,48,0.7492163009404389,0.5791595919749695,0.14648477106348454,48,0.6158737825002012,0.740625,0.030181190422499046,48,0.75625,0.5644689034803321,0.13793926601742285,48,0.5424216278400921,0.7178030303030303,0.21878911558808933,48,0.7954545454545454
STRICT,config_loo,SVC_linear,robust,smote,off,0.44048673085188433,0.030102380038472296,25,0.4265362980298243,0.7349326145552562,0.012557192532936466,25,0.7322551662174304,0.6139539423717593,0.01753507163318824,25,0.6078431372549019,0.7475675675675676,0.021444942556157916,25,0.7364864864864865,0.5453328345081878,0.03593348134260183,25,0.5272727272727272,0.7057142857142857,0.02823880456294795,25,0.6904761904761905
IMPUTED,config_strat80,RandomForestClassifier,robust,smote,off,0.44041888604796253,0.15953312791417162,5760,0.4252964776724258,0.7192104468599033,0.07502504401103165,5760,0.7149758454106281,0.5972052834247513,0.11085531746737272,5760,0.5882352941176471,0.7658962673611112,0.07049630558662467,5760,0.75,0.599501868694577,0.14739630848494834,5760,0.5714285714285714,0.6125,0.11998036907191455,5760,0.6666666666666666
IMPUTED,config_random80,LinearDiscriminantAnalysis_svd,none,smoteenn,off,0.4403132292860638,0.1310384225478092,80,0.44245545971094513,0.7510882200952281,0.07634708049036741,80,0.7515182186234818,0.5902872827509359,0.09493571033151642,80,0.6120401337792643,0.71953125,0.07766478372679031,80,0.703125,0.4774810303215876,0.10967582309347441,80,0.4666666666666667,0.810831807081807,0.1350616265383729,80,0.8
IMPUTED,config_loo,SVC_linear,robust,undersample,off,0.4400931164000177,0.04024510063577798,20,0.43083790000135563,0.7388910658307211,0.01827764125939739,20,0.7351097178683386,0.6103234093817544,0.025181216409106217,20,0.6035714285714285,0.7415625,0.028696675375931232,20,0.725,0.525096638254533,0.04186310371855965,20,0.5,0.7329545454545454,0.03117514959311518,20,0.7386363636363636
STRICT,config_kfold,GaussianNB,standard,undersample,on,0.44005334408652147,0.04897446580853785,1512,0.44170469452344263,0.7323255228017134,0.027132446035875758,1512,0.7322727272727272,0.6064897441958039,0.03351681975650863,1512,0.6091734148204736,0.7323513045064769,0.025008094750392992,1512,0.7309523809523809,0.5403708904566747,0.03807972364538428,1512,0.5388906926406927,0.7309303350970018,0.06623928489034596,1512,0.735
IMPUTED,config_loo,SVC_linear,standard,undersample,off,0.4399304403841808,0.04166325947348158,14,0.42534626854316815,0.7375447828034034,0.01858462670850881,14,0.7327586206896552,0.6098132533128668,0.025668762435994478,14,0.6,0.7450892857142858,0.030537903173266188,14,0.746875,0.530633693869701,0.04316137996364616,14,0.5310150375939849,0.7207792207792209,0.02429647653749312,14,0.7272727272727273
STRICT,config_strat80,SVC_linear,robust,undersample,off,0.4398759397962438,0.1314300241686418,240,0.4285714285714285,0.7194444444444444,0.0696266786058069,240,0.7142857142857142,0.600986456884654,0.08887837282229803,240,0.6,0.736111111111111,0.06894075820550195,240,0.7333333333333333,0.5882350489422857,0.1397463516479344,240,0.5625,0.6777777777777777,0.19466514671354881,240,0.6666666666666666
STRICT,config_loo,LinearDiscriminantAnalysis_svd,robust,undersample,on,0.43985583119545557,0.10190352551670939,28,0.46803058748875465,0.7365549993582338,0.0564641464580322,28,0.7560646900269541,0.6129501167360861,0.07080094643972427,28,0.6346740638002775,0.7432432432432432,0.04390447903067099,28,0.7533783783783784,0.5358708400532588,0.0566634945523844,28,0.5487033523086654,0.7210884353741497,0.10385553541925155,28,0.75
IMPUTED,config_strat80,LinearDiscriminantAnalysis_svd,robust,smoteenn,on,0.43956571959792373,0.17968510527039788,560,0.4483136495254826,0.7371376811594204,0.09700909911632143,560,0.748792270531401,0.6089438928439753,0.11656465271640902,560,0.6153846153846154,0.71328125,0.09241606527049558,560,0.71875,0.5079508205597506,0.11647588078243815,560,0.5,0.7916666666666666,0.17691913993566633,560,0.7777777777777778
STRICT,config_kfold,LinearDiscriminantAnalysis_svd,maxabs,smoteenn,on,0.43934783000550887,0.05215506350049442,1120,0.4390058063801891,0.7362587095444239,0.028262959533700296,1120,0.73625,0.6107656893352995,0.032556021448872256,1120,0.6104453441295548,0.7089532606145906,0.03238181062805171,1120,0.7095894909688012,0.5081419219865593,0.039085796041841724,1120,0.5016865079365079,0.7997539682539683,0.06028135730873627,1120,0.805
IMPUTED,config_random80,LinearDiscriminantAnalysis_svd,standard,none,on,0.4392606821187257,0.16616899471510346,140,0.4521365014259176,0.7003362893357172,0.08913392393998176,140,0.6814814814814815,0.5403645180314796,0.1431013386917584,140,0.5298245614035088,0.803125,0.06302611297919442,140,0.796875,0.6510147392290249,0.15244730798785683,140,0.6666666666666666,0.4842185592185593,0.17527293630325094,140,0.4615384615384615
STRICT,config_strat80,SVC_linear,standard,smoteenn,off,0.4387985446628018,0.14147595363466706,480,0.4629100498862757,0.7259920634920635,0.0744825647278463,480,0.7380952380952381,0.6121560734547872,0.09053622941414327,480,0.631578947368421,0.7336111111111111,0.07130630974195551,480,0.7666666666666667,0.5629109136549152,0.10921815959127423,480,0.5714285714285714,0.7069444444444444,0.16951672787336514,480,0.6666666666666666
STRICT,config_strat80,LogisticRegression,standard,smoteenn,on,0.4387116218257965,0.15342654529194377,3360,0.4629100498862757,0.7309476568405139,0.08177131725040332,3360,0.7380952380952381,0.6188517422096635,0.09658608334519224,3360,0.631578947368421,0.71875,0.08183757353641057,3360,0.7333333333333333,0.5370901533076732,0.10476726776945462,3360,0.5333333333333333,0.7614417989417989,0.1621465977051711,3360,0.7777777777777778
STRICT,config_strat80,LogisticRegression,standard,none,on,0.43809210790177583,0.16849563544515173,840,0.4665694748158434,0.711111111111111,0.09207073317760439,840,0.7063492063492063,0.5804752004032477,0.13562702968140314,840,0.5882352941176471,0.7501587301587301,0.07381232803584675,840,0.7666666666666667,0.6249230004540155,0.16654812539954603,840,0.6,0.6134920634920635,0.23097624135207975,840,0.6666666666666666
STRICT,config_strat80,GaussianNB,standard,smote,on,0.43803518406111264,0.15763649408231944,1680,0.4550466375675794,0.7210600907029477,0.07806347769130843,1680,0.7261904761904762,0.6087240470940474,0.0989317263593494,1680,0.6120401337792643,0.7429761904761905,0.07638777225200524,1680,0.7333333333333333,0.5870656630950749,0.13944731413816322,1680,0.5454545454545454,0.6662698412698412,0.15619564862954138,1680,0.6666666666666666
IMPUTED,config_loo,LinearDiscriminantAnalysis_svd,maxabs,undersample,on,0.437692015024618,0.04408104817852696,28,0.4408415473005571,0.7358374384236452,0.02242999361281809,28,0.7374608150470219,0.6074636274653408,0.02851543642414075,28,0.6096938775510203,0.7455357142857143,0.028608606763566472,28,0.75,0.5311043112729763,0.03983409755692079,28,0.5382907880133185,0.7142857142857143,0.046875341618414966,28,0.7159090909090909
STRICT,config_loo,GaussianNB,none,undersample,off,0.4375871418875155,0.0,6,0.4375871418875156,0.7394429469901166,0.0,6,0.7394429469901167,0.6153846153846154,0.0,6,0.6153846153846154,0.7297297297297297,0.0,6,0.7297297297297297,0.5161290322580645,0.0,6,0.5161290322580645,0.7619047619047619,0.0,6,0.7619047619047619
STRICT,config_kfold,LinearDiscriminantAnalysis_svd,standard,none,on,0.43719365077264355,0.07653889640676444,280,0.4521399301869554,0.6900178829107401,0.03645769823933799,280,0.698015873015873,0.5389359480020692,0.0668358120081091,280,0.5522913850855027,0.7834270466807413,0.025890715556411162,280,0.79,0.6957741187384044,0.07589033554714467,280,0.7069047619047619,0.47338888888888886,0.06754542633508538,280,0.495
IMPUTED,config_strat80,RandomForestClassifier,standard,smote,off,0.43683624745379224,0.1589203850798943,5760,0.4252964776724258,0.7178165257648953,0.07499622574516754,5760,0.71256038647343,0.5953122288973827,0.11000437504514948,5760,0.5882352941176471,0.7634874131944445,0.07160073139028451,5760,0.75,0.59532243508806,0.14580116562831186,5760,0.5555555555555556,0.6134259259259258,0.11996607442053808,5760,0.6666666666666666
IMPUTED,config_loo,SVC_linear,none,smote,off,0.4367553875605782,0.025159299866751146,31,0.429533419947056,0.7357164526241279,0.015528926072303818,31,0.7343260188087775,0.606600770103829,0.017740108422386644,31,0.6037735849056604,0.746774193548387,0.010566131986743811,31,0.74375,0.5301154148710846,0.015951436860006468,31,0.5238095238095238,0.7111436950146628,0.045904420849741334,31,0.7045454545454546
STRICT,config_strat80,LogisticRegression,robust,smoteenn,off,0.4364667519600608,0.13932930994796996,480,0.4629100498862757,0.7276785714285714,0.07248496691669146,480,0.7380952380952381,0.6152682572760673,0.08726119678050671,480,0.631578947368421,0.7248611111111111,0.07277180576870423,480,0.7333333333333333,0.5480145197903518,0.10672876569123665,480,0.5384615384615384,0.7347222222222223,0.15680028553729067,480,0.7777777777777778
STRICT,config_kfold,RandomForestClassifier,robust,smote,off,0.43624091905522955,0.042240235501811746,10368,0.4366037768338192,0.7148843086675841,0.022060302208417367,10368,0.7143578643578643,0.5860834905572171,0.031942900764530456,10368,0.5857792659397856,0.7610584006112023,0.017872276525206083,10368,0.7623809523809524,0.603711919576656,0.04369524522064145,10368,0.6005555555555555,0.6084125300068587,0.05028721491067395,10368,0.605
STRICT,config_random80,SVC_linear,standard,undersample,off,0.43618301763481016,0.16650793934567162,228,0.4308202184276645,0.7380342859318832,0.08382278501400235,228,0.7414772727272727,0.5876011517827777,0.12676461478597914,228,0.6,0.7156432748538011,0.10786008884265698,228,0.7,0.5077141725015278,0.16007034107077636,228,0.5,0.7684593428014481,0.16558558204748075,228,0.75
STRICT,config_kfold,LinearDiscriminantAnalysis_svd,standard,smoteenn,off,0.4361047435842475,0.04873446226016152,160,0.44161729668563443,0.7335642135642135,0.027072696921304203,160,0.7377777777777778,0.6084190999764331,0.03263987297193504,160,0.6144393366065193,0.7206837027914614,0.022873702075470504,160,0.721863711001642,0.5198824780847807,0.03192342030312981,160,0.5186818818436465,0.7638611111111111,0.06237993514520211,160,0.775
STRICT,config_loo,RandomForestClassifier,robust,smote,off,0.43599290177005673,0.03185758985124912,259,0.4359784161562407,0.7228532922603004,0.016618893972194827,259,0.7221473495058401,0.6012185585015003,0.022540161235140098,259,0.6,0.7634091620578107,0.016941255255320836,259,0.7635135135135135,0.5789188497526031,0.03374315028241712,259,0.574468085106383,0.6290678433535577,0.046288332872067815,259,0.6190476190476191
IMPUTED,config_loo,SVC_linear,maxabs,smoteenn,off,0.4357366070517503,0.06828858338144415,35,0.4557976482527636,0.7395656068069861,0.042142349951885684,35,0.7507836990595611,0.6044806698547925,0.04713521363613061,35,0.6206896551724138,0.7085714285714286,0.05673981417492519,35,0.73125,0.49055429737330913,0.05006571025561355,35,0.5116279069767442,0.8084415584415585,0.10749242693668934,35,0.8409090909090909
STRICT,config_strat80,LinearDiscriminantAnalysis_svd,none,smote,off,0.4357010484367317,0.12874996624908852,80,0.4276686017238498,0.720734126984127,0.0675691866972403,80,0.7222222222222222,0.6036267588060225,0.09089150898138501,80,0.6086956521739131,0.7445833333333333,0.05832730529432445,80,0.7333333333333333,0.5825793773220244,0.11344490347058132,80,0.5555555555555556,0.6611111111111111,0.16669010618111585,80,0.6666666666666666
STRICT,config_kfold,RandomForestClassifier,standard,smote,off,0.4356567860894263,0.04426939098426019,10368,0.4362768727514448,0.7142304695154811,0.022274147792768633,10368,0.7140909090909091,0.5849542480508416,0.03297434432226344,10368,0.5848304473304473,0.7611739069563543,0.018446485234073932,10368,0.7625287356321839,0.6046903171372977,0.04722039377362328,10368,0.6019230769230769,0.6059253900891632,0.04966640028134511,10368,0.6
STRICT,config_strat80,SVC_linear,robust,smoteenn,off,0.43550822049668303,0.13778173872923397,480,0.4589783437269276,0.7249669312169312,0.0723155683699912,480,0.7301587301587302,0.6106878719452501,0.08883337796873353,480,0.625,0.7329166666666667,0.06780388779550607,480,0.7333333333333333,0.5607677677356471,0.1084333543710449,480,0.5505050505050505,0.7050925925925926,0.1637683244434005,480,0.6666666666666666
STRICT,config_random80,SVC_linear,none,smote,off,0.43542076758324216,0.16958021841265022,456,0.4075500715665535,0.7402033342536775,0.09156096826122377,456,0.7443181818181819,0.5871282106840038,0.1245574826047187,456,0.5714285714285714,0.7330409356725146,0.09122641414660625,456,0.7333333333333333,0.5151931348235528,0.13997918528315612,456,0.5,0.7371170983013088,0.1741187258337271,456,0.75
STRICT,config_kfold,LinearDiscriminantAnalysis_svd,robust,smoteenn,off,0.4352560586777372,0.04799051552008191,160,0.4412143297687829,0.7322064393939394,0.027098450004555085,160,0.7356240981240981,0.6074555087903295,0.030238663427569493,160,0.6117560217560217,0.7193665845648605,0.025327432303423453,160,0.722807881773399,0.5220040291665679,0.032908881152569985,160,0.5228393901420217,0.7622916666666667,0.06121396433252398,160,0.763888888888889
STRICT,config_kfold,LinearDiscriminantAnalysis_svd,none,smoteenn,off,0.4352478628435114,0.04696114125508868,160,0.4356250851204674,0.7334326524170274,0.024941871663464895,160,0.7345887445887447,0.6083394404591228,0.030056583807138073,160,0.6083799533799533,0.714008210180624,0.021607438690308733,160,0.7144991789819376,0.513730892376887,0.032915401830762,160,0.5113797313797314,0.7786840277777778,0.05096748657494215,160,0.78
STRICT,config_kfold,RandomForestClassifier,maxabs,smote,off,0.435157568090373,0.04181608887030009,10368,0.43696407959929107,0.7142248947254733,0.02144538978020329,10368,0.7146103896103896,0.5854776476702226,0.03264232537183878,10368,0.5862698412698413,0.7606762756188044,0.018011589992824997,10368,0.7625287356321839,0.6036479996574121,0.045421553606428536,10368,0.600813492063492,0.6070848336762689,0.05081561669470753,10368,0.605
STRICT,config_strat80,LogisticRegression,standard,undersample,off,0.43515095730609993,0.12315407947840115,240,0.4550466375675794,0.7257275132275132,0.0667522848075663,240,0.7301587301587302,0.6106456879150848,0.07920715545041981,240,0.6206896551724138,0.7286111111111111,0.0637136541300971,240,0.7333333333333333,0.5518545567994096,0.08926161860416822,240,0.5555555555555556,0.7185185185185184,0.16820663619184853,240,0.6666666666666666
STRICT,config_strat80,LinearDiscriminantAnalysis_svd,standard,smoteenn,on,0.43502901153401086,0.1440465028323723,560,0.4550466375675794,0.7285714285714285,0.07642095833132455,560,0.7380952380952381,0.6167779525697483,0.09122024053783295,560,0.6206896551724138,0.72,0.07898179305050285,560,0.7333333333333333,0.5384433588181929,0.09916545747375516,560,0.5384615384615384,0.75,0.1536527860077334,560,0.7777777777777778
IMPUTED,config_loo,LogisticRegression,robust,smoteenn,on,0.4349315235771994,0.06397825873087712,336,0.452915774053048,0.7411274070756829,0.035527769744875516,336,0.7511755485893417,0.6075212904463045,0.03945759818713659,336,0.6194690265486725,0.7174107142857143,0.036048674450491626,336,0.725,0.49365446091602355,0.03871916216683375,336,0.5,0.7938311688311689,0.061515913804772046,336,0.7954545454545454
STRICT,config_kfold,GaussianNB,maxabs,undersample,off,0.43488389348256973,0.031086349171215586,216,0.4338731653435266,0.7312097162097162,0.018671123484170406,216,0.7305411255411256,0.60709058845754,0.022745059848239088,216,0.6079004329004329,0.7294649698960044,0.016886793604160635,216,0.7301149425287357,0.5323952146972013,0.0222247818449391,216,0.5288671132788779,0.7357407407407407,0.04797268099979773,216,0.7355555555555555
STRICT,config_kfold,GaussianNB,none,undersample,off,0.43488389348256973,0.031086349171215586,216,0.4338731653435266,0.7312097162097162,0.018671123484170406,216,0.7305411255411256,0.60709058845754,0.022745059848239088,216,0.6079004329004329,0.7294649698960044,0.016886793604160635,216,0.7301149425287357,0.5323952146972013,0.0222247818449391,216,0.5288671132788779,0.7357407407407407,0.04797268099979773,216,0.7355555555555555
STRICT,config_kfold,GaussianNB,robust,undersample,off,0.43488389348256973,0.031086349171215586,216,0.4338731653435266,0.7312097162097162,0.018671123484170406,216,0.7305411255411256,0.60709058845754,0.022745059848239088,216,0.6079004329004329,0.7294649698960044,0.016886793604160635,216,0.7301149425287357,0.5323952146972013,0.0222247818449391,216,0.5288671132788779,0.7357407407407407,0.04797268099979773,216,0.7355555555555555
STRICT,config_kfold,GaussianNB,standard,undersample,off,0.43488389348256973,0.031086349171215586,216,0.4338731653435266,0.7312097162097162,0.018671123484170406,216,0.7305411255411256,0.60709058845754,0.022745059848239088,216,0.6079004329004329,0.7294649698960044,0.016886793604160635,216,0.7301149425287357,0.5323952146972013,0.0222247818449391,216,0.5288671132788779,0.7357407407407407,0.04797268099979773,216,0.7355555555555555
IMPUTED,config_random80,LinearDiscriminantAnalysis_svd,maxabs,smoteenn,on,0.4345564539640617,0.15214146312777085,560,0.4414147946478204,0.7465608011673107,0.08550252431058929,560,0.75,0.5860436517424088,0.11498234734136976,560,0.5925925925925926,0.7151785714285714,0.08305588343129595,560,0.71875,0.47275393007466754,0.12358461973230615,560,0.4666666666666667,0.8095044043258329,0.1445096782764668,560,0.8333333333333334
STRICT,config_strat80,LogisticRegression,robust,smote,on,0.4345313990847683,0.21590203177705822,3360,0.4981167541368988,0.721338813303099,0.10875409931581757,3360,0.746031746031746,0.6063483977167791,0.14299969261395667,3360,0.6363636363636364,0.7349007936507937,0.09640175490491038,3360,0.7333333333333333,0.5725509865362945,0.17283012387867716,3360,0.5454545454545454,0.6874338624338624,0.20345683193689765,3360,0.6666666666666666
STRICT,config_loo,LogisticRegression,maxabs,smote,off,0.43407570580708166,0.10146547299759189,48,0.4536131814927849,0.7298124438454626,0.07113479786709839,48,0.7468553459119496,0.57848345685286,0.165049398109046,48,0.621978021978022,0.7339527027027027,0.04019463800120205,48,0.7432432432432432,0.5698185476861289,0.1392477329379728,48,0.5473790322580645,0.7202380952380952,0.23018784243324408,48,0.7976190476190477
STRICT,config_kfold,LogisticRegression,robust,none,on,0.43361045905240975,0.11254868302929012,1680,0.4610742377473862,0.7109288892324606,0.06719094519792365,1680,0.7144426406926407,0.5628484845291999,0.11708518753019324,1680,0.5860751783177411,0.7575646258503402,0.04422886685802484,1680,0.764367816091954,0.6015847943090866,0.11126160629640368,1680,0.594921059332824,0.6031216931216931,0.19587098038600306,1680,0.5722222222222222
IMPUTED,config_kfold,LinearDiscriminantAnalysis_svd,maxabs,smoteenn,on,0.4334847370036459,0.04281038714795803,1120,0.4340602790497015,0.7363597504548591,0.023296368906274158,1120,0.7377646025472111,0.6000467664417304,0.028236396438550776,1120,0.6009813664596273,0.704921875,0.03053609533025333,1120,0.7,0.48995739353811213,0.03483023670165871,1120,0.4894417862838915,0.806250992063492,0.05279375661941879,1120,0.8075
IMPUTED,config_random80,LogisticRegression,maxabs,smote,off,0.4333915054631949,0.1676735329777353,480,0.4622501635210242,0.7396247488536056,0.09205011116784483,480,0.7530364372469636,0.5551081709851889,0.19251510385271992,480,0.6086956521739131,0.7510416666666667,0.06763041860897188,480,0.75,0.47703458172159796,0.19067461463809626,480,0.5,0.7135278032153032,0.2587904107720413,480,0.7777777777777778
IMPUTED,config_kfold,SVC_linear,none,undersample,off,0.43294940252989506,0.047182819858247356,406,0.436712083146434,0.7245838201029354,0.025436145014725166,406,0.7240925559947299,0.5843515048276081,0.0383470774670004,406,0.5882213438735178,0.7377616995073891,0.035032348611009644,406,0.7375,0.5460752811990821,0.06146943894926488,406,0.5420634920634921,0.6935426929392446,0.09852282449191846,406,0.6833333333333333
STRICT,config_kfold,LinearDiscriminantAnalysis_svd,robust,smoteenn,on,0.4327869548078484,0.10091874274204982,1120,0.4559263801712953,0.7310595946712019,0.05448728932910265,1120,0.7445454545454545,0.6058490925577266,0.06496838838559955,1120,0.6209365508633243,0.7151451735866761,0.054274742841745105,1120,0.7288916256157636,0.5172930005262361,0.06334977929065563,1120,0.5286111111111111,0.7685843253968254,0.08737657223104221,1120,0.7849999999999999
STRICT,config_kfold,RandomForestClassifier,none,smote,off,0.43261135023237723,0.04036726687538975,10368,0.4335595253010612,0.7127532281033438,0.020595994776210873,10368,0.7129545454545455,0.5831939300652611,0.030510118225743146,10368,0.5838306337027565,0.7597364839267976,0.017979487763135984,10368,0.758095238095238,0.6024347299827708,0.04336396855846057,10368,0.5995238095238096,0.6041548782578875,0.047668189193808226,10368,0.6
STRICT,config_strat80,RandomForestClassifier,standard,none,off,0.432503828930668,0.10552205312286646,1440,0.4276686017238498,0.6928461199294532,0.05596321480488881,1440,0.6984126984126984,0.556390274767779,0.09940562945442814,1440,0.5714285714285714,0.7657870370370371,0.04600474693106864,1440,0.7666666666666667,0.6906474120015786,0.16433424993009796,1440,0.6666666666666666,0.5104938271604939,0.15607081114811314,1440,0.5555555555555556
STRICT,config_loo,LinearDiscriminantAnalysis_svd,maxabs,smoteenn,on,0.4322270071836347,0.037063023473029415,56,0.4313669888169618,0.7377021563342318,0.02022866388289775,56,0.7369721473495059,0.6112169011096532,0.02265818681537436,56,0.6098466505246167,0.7092181467181468,0.031056081328029138,56,0.7094594594594594,0.4954901048664642,0.032128576416839146,56,0.4925373134328358,0.8035714285714286,0.053191291990317885,56,0.7976190476190477
STRICT,config_kfold,LogisticRegression,maxabs,undersample,on,0.4322239232435695,0.13563773482749547,3360,0.4742920792590244,0.7279042401051329,0.07646646661469723,3360,0.7536363636363637,0.5730295255384888,0.17512855921960885,3360,0.6341945773524721,0.7404711764015952,0.023466230032738705,3360,0.738095238095238,0.5134660886038871,0.13914121242623068,3360,0.5460639360639361,0.6988839285714286,0.2347565212712068,3360,0.7861111111111111
STRICT,config_strat80,RandomForestClassifier,none,none,off,0.43219827051484777,0.10505502402563838,1440,0.4276686017238498,0.6926477072310406,0.05577855509536688,1440,0.6984126984126984,0.5561957229554512,0.09870101463164015,1440,0.5714285714285714,0.7656944444444446,0.04603643902236171,1440,0.7666666666666667,0.6905715542173875,0.16370467523551552,1440,0.6666666666666666,0.5100308641975309,0.15544035049399946,1440,0.5555555555555556
STRICT,config_strat80,GaussianNB,robust,smoteenn,on,0.4321937353999935,0.1670933954304006,1680,0.4629100498862757,0.7092687074829931,0.08268182793864155,1680,0.7142857142857142,0.5889512512009724,0.11916215860679515,1680,0.6,0.7458333333333333,0.08234273247002043,1680,0.7666666666666667,0.6176428672162032,0.1725978334249646,1680,0.5916666666666667,0.6178571428571429,0.18442759531770034,1680,0.6666666666666666
STRICT,config_loo,RandomForestClassifier,none,smote,off,0.4319550193790058,0.04432732318178982,259,0.4310327213704001,0.7196973639022157,0.01917441868588556,259,0.7199011680143756,0.5979237745015147,0.027613241667835783,259,0.5977011494252874,0.7627047897318168,0.023800764754431467,259,0.7635135135135135,0.5801004354251025,0.047741200174944834,259,0.574468085106383,0.6202426916712631,0.03361779071429157,259,0.6190476190476191
IMPUTED,config_random80,SVC_linear,maxabs,smoteenn,off,0.43193971968491096,0.20062107674575075,480,0.45645843705897443,0.7401196067313057,0.11228825602181883,480,0.7524441445494077,0.5642496109581701,0.18697574100779313,480,0.6086956521739131,0.7223958333333333,0.12820037520965769,480,0.75,0.4750835885690795,0.18296153036892024,480,0.5,0.7722425722425722,0.2557991916693674,480,0.8166666666666667
IMPUTED,config_strat80,RandomForestClassifier,none,smote,off,0.431612894556551,0.16169622175513035,5760,0.4252964776724258,0.7157524825550188,0.07915445177909529,5760,0.7246376811594203,0.5904752026413479,0.1158842352563623,5760,0.6,0.7625542534722223,0.07096478341730145,5760,0.75,0.5895189299395875,0.13685896327614602,5760,0.5714285714285714,0.6087770061728395,0.13429851823180605,5760,0.6666666666666666
STRICT,config_strat80,RandomForestClassifier,maxabs,none,off,0.43145238573159483,0.10344788155222584,1440,0.4276686017238498,0.6922729276895944,0.05496033850493175,1440,0.6984126984126984,0.555634402832377,0.09783155250349393,1440,0.5714285714285714,0.7654166666666667,0.0454218212132536,1440,0.7666666666666667,0.6900788216413216,0.16314447987250708,1440,0.6666666666666666,0.5094135802469135,0.1547045311421415,1440,0.5555555555555556
IMPUTED,config_random80,SVC_linear,robust,smoteenn,on,0.43143635556508836,0.18315039339695668,3360,0.4475323507759939,0.7443788115760778,0.10404154337931684,3360,0.7518518518518519,0.5799545681547821,0.13429825179837307,3360,0.5833333333333334,0.7269345238095238,0.089482684039156,3360,0.71875,0.48148690130704325,0.13821516315239896,3360,0.4615384615384615,0.7745544072329786,0.19308134973032737,3360,0.8
STRICT,config_strat80,RandomForestClassifier,robust,none,off,0.4313074894183252,0.10470427348014745,1440,0.4276686017238498,0.6922729276895944,0.05558123403842894,1440,0.6984126984126984,0.5554352090097592,0.09901171368112197,1440,0.5714285714285714,0.7654166666666667,0.04555761298276291,1440,0.7666666666666667,0.6896473742307075,0.16352541004127102,1440,0.6666666666666666,0.5094135802469135,0.1559197972790129,1440,0.5555555555555556
IMPUTED,config_strat80,LogisticRegression,maxabs,smoteenn,on,0.4313036100652587,0.19453472233987568,3360,0.4483136495254826,0.727969001610306,0.11065679673208151,3360,0.7367149758454106,0.5914848123590598,0.1538121047818158,3360,0.6,0.6811197916666667,0.13426897735109425,3360,0.6875,0.4872886956225208,0.1630500414339404,3360,0.4705882352941176,0.83505291005291,0.22802772908588517,3360,0.8888888888888888
STRICT,config_strat80,LinearDiscriminantAnalysis_svd,robust,smote,on,0.43113151632771296,0.19805403842795508,560,0.4647397623510595,0.7176870748299319,0.09964007347616238,560,0.746031746031746,0.600044134181119,0.13683668244388675,560,0.6363636363636364,0.7390476190476191,0.08740548869306168,560,0.7333333333333333,0.5810081346058237,0.1670955774680377,560,0.5625,0.6642857142857143,0.19736458265773574,560,0.6666666666666666
IMPUTED,config_strat80,RandomForestClassifier,maxabs,smote,off,0.43103510328213596,0.16073142727317036,5760,0.4252964776724258,0.7168822128287707,0.0771865704190118,5760,0.71256038647343,0.5928598838965424,0.11305848730133732,5760,0.5882352941176471,0.76025390625,0.07097369708256168,5760,0.75,0.584198885690154,0.1394100283653432,5760,0.5454545454545454,0.6177469135802469,0.1258436748215645,5760,0.6666666666666666
IMPUTED,config_kfold,LinearDiscriminantAnalysis_svd,none,smoteenn,off,0.43078520763526545,0.04104396741568221,160,0.43470814049160483,0.7353012804677207,0.02160771227687139,160,0.7393719806763285,0.5992490683683052,0.025882254940410052,160,0.6016874429917908,0.70625,0.027862815327734186,160,0.70625,0.49160150274921566,0.033808803499194656,160,0.49513583638583636,0.79859375,0.03964302831982947,160,0.7972222222222223
STRICT,config_random80,LinearDiscriminantAnalysis_svd,standard,smoteenn,on,0.4307144981771602,0.16362267563225555,560,0.4308202184276645,0.7412745570509546,0.08924066240385133,560,0.7386363636363636,0.5863944867425099,0.12317572548622181,560,0.6,0.7038095238095238,0.10644772657933659,560,0.7333333333333333,0.4815320644421429,0.1312867965902104,560,0.5,0.8050821995464853,0.15187346350634057,560,0.75
STRICT,config_random80,GaussianNB,maxabs,undersample,off,0.43042833425666926,0.12694816075955173,114,0.42924441007575714,0.7414555823022643,0.06728260623765038,114,0.7443181818181819,0.5861255938937995,0.10470437980355768,114,0.5925925925925926,0.7043859649122807,0.08796991059450192,114,0.7,0.4794457043418262,0.1201402250001822,114,0.5,0.8062238930659983,0.13525501555987327,114,0.8571428571428571
STRICT,config_random80,GaussianNB,none,undersample,off,0.43042833425666926,0.12694816075955173,114,0.42924441007575714,0.7414555823022643,0.06728260623765042,114,0.7443181818181819,0.5861255938937995,0.10470437980355768,114,0.5925925925925926,0.7043859649122807,0.08796991059450192,114,0.7,0.4794457043418262,0.1201402250001822,114,0.5,0.8062238930659983,0.13525501555987327,114,0.8571428571428571
STRICT,config_random80,GaussianNB,robust,undersample,off,0.43042833425666926,0.12694816075955173,114,0.42924441007575714,0.7414555823022643,0.06728260623765038,114,0.7443181818181819,0.5861255938937995,0.10470437980355768,114,0.5925925925925926,0.7043859649122807,0.08796991059450192,114,0.7,0.4794457043418262,0.1201402250001822,114,0.5,0.8062238930659983,0.13525501555987327,114,0.8571428571428571
STRICT,config_random80,GaussianNB,standard,undersample,off,0.43042833425666926,0.12694816075955173,114,0.42924441007575714,0.7414555823022643,0.06728260623765038,114,0.7443181818181819,0.5861255938937995,0.10470437980355768,114,0.5925925925925926,0.7043859649122807,0.08796991059450192,114,0.7,0.4794457043418262,0.1201402250001822,114,0.5,0.8062238930659983,0.13525501555987327,114,0.8571428571428571
STRICT,config_strat80,LinearDiscriminantAnalysis_svd,standard,smote,off,0.4304074172749492,0.1129868983524534,80,0.4550466375675794,0.7154761904761904,0.06062835605270933,80,0.7103174603174602,0.5962794286354826,0.08079909617743988,80,0.5941176470588235,0.745,0.05332805881091199,80,0.7333333333333333,0.5891315057491527,0.10839661681418505,80,0.5555555555555556,0.6416666666666667,0.16487551361509736,80,0.6666666666666666
IMPUTED,config_kfold,SVC_linear,maxabs,smote,off,0.4303639655930167,0.119222999412023,792,0.46291305281264883,0.7267416382201461,0.06548015541043248,792,0.7450466622749231,0.5717884600045319,0.14388904386193482,792,0.6123665223665224,0.7446732954545454,0.04446361070856215,792,0.75625,0.5201843458339649,0.11843248942140822,792,0.5504428904428904,0.6861595117845117,0.19102677934632792,792,0.73
IMPUTED,config_strat80,SVC_linear,none,none,off,0.4298981701292321,0.15316812868525229,120,0.4127594582445936,0.6543075684380032,0.0712878947589387,120,0.6400966183574879,0.46686086789027964,0.14974052151288872,120,0.46606334841628955,0.7890625,0.048488511699233676,120,0.78125,0.8375396825396826,0.20272696765933895,120,1.0,0.3462962962962963,0.1427308637158298,120,0.3333333333333333
IMPUTED,config_kfold,LogisticRegression,maxabs,smote,off,0.429500974083836,0.12367814455978586,960,0.4616694297718884,0.7283832894158981,0.07105197914390157,960,0.7495454545454546,0.5670672093224136,0.16306042407643842,960,0.6153409399196506,0.7378776041666666,0.03444173410961107,960,0.75,0.5037396355461897,0.11900981227608974,960,0.5383189033189033,0.7061284722222222,0.2250645742279613,960,0.78
STRICT,config_strat80,LinearDiscriminantAnalysis_svd,robust,smoteenn,off,0.42942891282405127,0.12978953517382494,80,0.4418090330695039,0.7257936507936508,0.06795519883194219,80,0.7301587301587302,0.6141431602210475,0.08134570657309659,80,0.6201923076923077,0.7183333333333334,0.07423306893296786,80,0.7,0.536858502264849,0.09536273416032989,80,0.5,0.7444444444444445,0.13965331127885444,80,0.7777777777777778
STRICT,config_random80,SVC_linear,robust,undersample,off,0.4294248488531123,0.15848643233834733,228,0.4242640687119285,0.7350013073840305,0.0809693076259929,228,0.7357954545454546,0.5832032716703437,0.12031143775386516,228,0.5857843137254902,0.7153508771929824,0.10350312271311506,228,0.7,0.5049485508290705,0.15293760990655136,228,0.5,0.7582741576162629,0.16368836608884324,228,0.75
STRICT,config_strat80,LinearDiscriminantAnalysis_svd,standard,none,on,0.42897164371309293,0.14748405899133699,140,0.408248290463863,0.681859410430839,0.07127605883241912,140,0.6666666666666666,0.5357834541005704,0.12299383960352715,140,0.513157894736842,0.7704761904761905,0.05641653275801946,140,0.7666666666666667,0.7218470418470418,0.18551981940542397,140,0.75,0.4603174603174603,0.15914072743684574,140,0.4444444444444444
IMPUTED,config_strat80,GaussianNB,none,smoteenn,off,0.4285348251174869,0.12891620981007376,240,0.4414147946478204,0.7243055555555556,0.06257109154535626,240,0.7306763285024154,0.6004247168037886,0.08192236924562558,240,0.6043478260869566,0.735546875,0.07001331045466372,240,0.71875,0.5441537639239845,0.12130620708000675,240,0.5,0.6986111111111111,0.1222164108334819,240,0.6666666666666666
IMPUTED,config_loo,LinearDiscriminantAnalysis_svd,maxabs,smoteenn,on,0.4282959398179168,0.03779881476451944,56,0.43799588217243823,0.7381325570980743,0.02102828348282074,56,0.7413793103448276,0.6028160443804456,0.023439880119653762,56,0.608,0.7075892857142857,0.026881322874451708,56,0.7125,0.483096022415502,0.027979424561566477,56,0.4838709677419355,0.8060064935064934,0.05145594092416874,56,0.7954545454545454
IMPUTED,config_loo,SVC_linear,robust,smoteenn,on,0.4280527110124429,0.06326082085099091,229,0.4475309078989257,0.7354836843773662,0.03467455914101797,229,0.7472570532915361,0.6034239193908919,0.03950667258610221,229,0.6153846153846154,0.7211244541484716,0.040664933978947285,229,0.73125,0.49986664334409864,0.044341094747854796,229,0.5070422535211268,0.7676588958398927,0.06330699491752564,229,0.7727272727272727
IMPUTED,config_strat80,SVC_linear,maxabs,smote,on,0.42783741841800965,0.26548378062738465,3360,0.4779733235482032,0.7284880377271681,0.13340136296366073,3360,0.7572463768115942,0.5851248658256155,0.20608864739542337,3360,0.631578947368421,0.7320684523809524,0.13230999707045904,3360,0.75,0.5131131596396463,0.20281688694691696,3360,0.5333333333333333,0.7203042328042328,0.25905439742341163,3360,0.7777777777777778
STRICT,config_strat80,SVC_linear,robust,smote,on,0.4277620170582677,0.2102038776362834,3360,0.4629100498862757,0.7163501511715797,0.10574911952854875,3360,0.7380952380952381,0.5927415674433265,0.15977963447770033,3360,0.631578947368421,0.7406944444444444,0.09159393249015356,3360,0.7666666666666667,0.5700942001814505,0.18236007361432094,3360,0.5625,0.655489417989418,0.21686505871165243,3360,0.6666666666666666
IMPUTED,config_random80,KNeighborsClassifier,standard,undersample,on,0.4277561968221009,0.1575011964020246,4480,0.4472135954999579,0.73416713774395,0.08876448412370097,4480,0.7371428571428571,0.5763816890275877,0.12275453213161991,4480,0.6,0.7441685267857143,0.07291416949729296,4480,0.75,0.5063584246881184,0.14042012417018315,4480,0.5,0.7126716896694576,0.17935262508289782,4480,0.7
STRICT,config_loo,SVC_linear,standard,undersample,off,0.427572850478529,0.04280872369635651,20,0.4512363246319161,0.7318845462713387,0.027761957221130246,20,0.7491015274034142,0.6055959702148216,0.03163093606928551,20,0.6238532110091743,0.7307432432432432,0.0066762630687032636,20,0.7297297297297297,0.5181570625161307,0.008453783812954363,20,0.5192307692307693,0.7345238095238095,0.08680557047380227,20,0.7857142857142857
IMPUTED,config_random80,GaussianNB,maxabs,none,off,0.42731653200412506,0.16681013542929507,60,0.4257498178008928,0.7178298734700337,0.079602552187396,60,0.7127380952380952,0.5634558640683287,0.12355192983856897,60,0.5634920634920635,0.76875,0.06175402271944638,60,0.765625,0.5633333333333332,0.20095815681619006,60,0.5,0.6090781440781441,0.16334400401127083,60,0.6201923076923077
IMPUTED,config_random80,GaussianNB,none,none,off,0.42731653200412506,0.16681013542929507,60,0.4257498178008928,0.7178298734700337,0.079602552187396,60,0.7127380952380952,0.5634558640683287,0.12355192983856897,60,0.5634920634920635,0.76875,0.06175402271944638,60,0.765625,0.5633333333333332,0.20095815681619006,60,0.5,0.6090781440781441,0.16334400401127083,60,0.6201923076923077
IMPUTED,config_random80,GaussianNB,robust,none,off,0.42731653200412506,0.16681013542929507,60,0.4257498178008928,0.7178298734700337,0.079602552187396,60,0.7127380952380952,0.5634558640683287,0.12355192983856897,60,0.5634920634920635,0.76875,0.06175402271944638,60,0.765625,0.5633333333333332,0.20095815681619006,60,0.5,0.6090781440781441,0.16334400401127083,60,0.6201923076923077
IMPUTED,config_random80,GaussianNB,standard,none,off,0.42731653200412506,0.16681013542929507,60,0.4257498178008928,0.7178298734700337,0.079602552187396,60,0.7127380952380952,0.5634558640683287,0.12355192983856897,60,0.5634920634920635,0.76875,0.06175402271944638,60,0.765625,0.5633333333333332,0.20095815681619006,60,0.5,0.6090781440781441,0.16334400401127083,60,0.6201923076923077
STRICT,config_kfold,GaussianNB,standard,smote,on,0.42717986374780276,0.05926201201690807,3024,0.4248770887591477,0.7217237138963329,0.031073309727133035,3024,0.7204455266955268,0.5923480362322412,0.041140679159074385,3024,0.5896320346320346,0.7427278650923971,0.02733531039454686,3024,0.7433333333333334,0.5522528067375481,0.04561554078831193,3024,0.550515873015873,0.6731591710758378,0.06107566109383131,3024,0.6666666666666667
IMPUTED,config_loo,RandomForestClassifier,none,smote,off,0.4270726997766789,0.03589228951173038,230,0.42926342839804726,0.718473149788742,0.017165749835515536,230,0.7217868338557993,0.5899344358022394,0.02390150451997239,230,0.594059405940594,0.7635597826086957,0.020402886974537775,230,0.7625,0.5677992387825803,0.040632362480375585,230,0.56,0.6182806324110672,0.044739201708423465,230,0.6136363636363636
IMPUTED,config_kfold,LogisticRegression,robust,none,on,0.42699497262697933,0.09975040047230407,1680,0.4524137083220572,0.7079835714808541,0.06490566780884023,1680,0.7071969696969698,0.5475941276429935,0.11075439299500874,1680,0.5631279178338002,0.7605282738095238,0.03782578778501391,1680,0.765625,0.5938163699833592,0.1038308365876876,1680,0.5702197802197803,0.5906574074074075,0.2083193918231715,1680,0.5599999999999999
STRICT,config_strat80,GaussianNB,standard,smoteenn,on,0.42698955396240457,0.15763653924579166,1680,0.4276686017238498,0.7110544217687074,0.08193040436689678,1680,0.7063492063492063,0.5895987710944973,0.11284431871969029,1680,0.5882352941176471,0.7407142857142858,0.07535954262972965,1680,0.7333333333333333,0.5958451175986282,0.1491080855473105,1680,0.5555555555555556,0.6369047619047619,0.19123247431374768,1680,0.5555555555555556
STRICT,config_loo,SVC_linear,maxabs,smoteenn,off,0.4269097575202999,0.07104142122597272,34,0.456563218857709,0.7234223878230538,0.059278657653354154,34,0.7464061096136568,0.5810219077245065,0.11267474769627282,34,0.6262626262626263,0.7255564387917329,0.050917786527993676,34,0.7432432432432432,0.5406320888293701,0.08363733773940892,34,0.5423728813559322,0.7184873949579832,0.2107264602376657,34,0.7619047619047619
IMPUTED,config_strat80,GaussianNB,standard,smoteenn,on,0.4266763719512287,0.15744283014771296,1680,0.4290823322857326,0.7176501035196687,0.07734719418830578,1680,0.7342995169082125,0.5908011718526164,0.10834782172325075,1680,0.6086956521739131,0.7415178571428571,0.07955064094935434,1680,0.75,0.5624434490241932,0.1477735110197593,1680,0.5333333333333333,0.6630952380952381,0.16279477309168686,1680,0.6666666666666666
IMPUTED,config_loo,LinearDiscriminantAnalysis_svd,maxabs,smoteenn,off,0.4266062055313924,0.012807671180867357,8,0.4293628950200077,0.7374608150470219,0.006978254385242921,8,0.7376567398119122,0.6017791993610655,0.0073732541891889675,8,0.6044764315090161,0.70625,0.01829812636778495,8,0.703125,0.48111942070275404,0.01895902622465669,8,0.4776234567901234,0.8068181818181819,0.04380109598451964,8,0.8068181818181819
STRICT,config_strat80,GaussianNB,maxabs,smoteenn,off,0.4265872220381947,0.14440962224710083,240,0.4413576196457146,0.7140873015873016,0.07136738873110322,240,0.7182539682539681,0.5997846031060966,0.09655730490849511,240,0.6018099547511313,0.7408333333333333,0.07524483514619808,240,0.7333333333333333,0.5850599767879179,0.12763306891585835,240,0.5555555555555556,0.6472222222222223,0.14705645343164436,240,0.6666666666666666
STRICT,config_kfold,LogisticRegression,maxabs,smote,off,0.42626014273232327,0.1305675392211329,960,0.4579432814964436,0.724505508958634,0.07198416072557322,960,0.7427272727272727,0.5693779991776137,0.16929249489992176,960,0.6163977688977689,0.7312073412698413,0.039366101965419995,960,0.7366091954022989,0.5021641289495391,0.14026853868732284,960,0.5405952380952381,0.7101585648148149,0.23228042545395777,960,0.7833333333333333
IMPUTED,config_strat80,SVC_linear,maxabs,smoteenn,off,0.426209796329552,0.24281424919012753,480,0.4732058754737091,0.7262882447665057,0.13157597387433478,480,0.7536231884057971,0.587911717248918,0.18668384789088008,480,0.6206896551724138,0.696875,0.15237764179908586,480,0.71875,0.49631156682247485,0.1904015316541921,480,0.4736842105263157,0.7935185185185184,0.25858624025104865,480,0.8888888888888888
IMPUTED,config_random80,LogisticRegression,maxabs,undersample,on,0.4260340908388947,0.19811516872470708,1680,0.4472135954999579,0.7357219435665755,0.11113228719959714,1680,0.7471428571428571,0.5503555837525761,0.20528730986554675,1680,0.6,0.7541294642857143,0.0736920342517476,1680,0.75,0.47996183519209834,0.19743615464636316,1680,0.5,0.6930949837199838,0.2715722119413387,1680,0.75
IMPUTED,config_loo,LinearDiscriminantAnalysis_svd,robust,smoteenn,on,0.4259805914563792,0.06765862951337936,56,0.4354525274519829,0.7361033363188536,0.03720601122081656,56,0.7413793103448276,0.602099168232621,0.041910278970606056,56,0.6065573770491803,0.7104910714285715,0.042675226054833815,56,0.71875,0.4873667711754592,0.04475577670975103,56,0.49313005834744966,0.7930194805194805,0.06047001160340985,56,0.8068181818181819
STRICT,config_random80,SVC_linear,standard,smoteenn,off,0.42597358381586264,0.13545727917353292,456,0.4134320031276604,0.736175818312546,0.07184695157669772,456,0.7307692307692308,0.5827896897107973,0.10699954277651812,456,0.5882352941176471,0.716593567251462,0.08714712984005316,456,0.7,0.4950491027177518,0.1257033259340507,456,0.5,0.7627158173210804,0.14678177741150084,456,0.75
IMPUTED,config_kfold,LinearDiscriminantAnalysis_svd,standard,none,on,0.42578067649345097,0.06748146863457417,280,0.4461999611448278,0.6830675387414518,0.03504525813760796,280,0.6905797101449276,0.5192687353925743,0.06547837436581465,280,0.5388095238095237,0.7895535714285714,0.02028088568373544,280,0.79375,0.6884975262832406,0.06039482759836596,280,0.6966666666666667,0.44623412698412696,0.07084896885420162,280,0.4549999999999999
IMPUTED,config_strat80,GaussianNB,standard,smoteenn,off,0.42571004885341546,0.15157983438209907,240,0.4271894049790792,0.7183574879227054,0.07386671730618187,240,0.7246376811594203,0.5929140067131385,0.10500942048672986,240,0.6,0.7421875,0.0766265822459449,240,0.734375,0.5599762084320907,0.13859926021352736,240,0.5192307692307692,0.663888888888889,0.14407562970807627,240,0.6666666666666666
IMPUTED,config_loo,GaussianNB,maxabs,undersample,off,0.42566397556276026,0.03339740078646137,9,0.4479289094204012,0.7292319749216302,0.01645768025078376,9,0.740203761755486,0.5997171145685997,0.021216407355021224,9,0.6138613861386139,0.7437499999999999,0.018749999999999985,9,0.75625,0.5265075256447128,0.026028185217141238,9,0.543859649122807,0.6969696969696969,0.011363636363636407,9,0.7045454545454546
IMPUTED,config_kfold,LogisticRegression,maxabs,undersample,on,0.4256305203428021,0.13486388373051378,3360,0.4656482013422077,0.7264881880398185,0.07692573432690387,3360,0.7517424242424242,0.5616656236178682,0.1707000309813986,3360,0.6204506604506604,0.7396800595238094,0.026108391919193227,3360,0.7375,0.5010892479011397,0.12962951036788617,3360,0.5347222222222222,0.6964993386243387,0.23490464308107614,3360,0.788888888888889
STRICT,config_random80,LogisticRegression,robust,smote,on,0.42557619360785715,0.19725093499980592,3360,0.4193139346887673,0.7365215371455666,0.10643795287140498,3360,0.7386363636363636,0.5813210152893825,0.1439531883440852,3360,0.5833333333333334,0.7164285714285714,0.10915523378576829,3360,0.7,0.4941255143405049,0.150181305450376,3360,0.5,0.7620401077097506,0.18710678051747892,3360,0.75
IMPUTED,config_strat80,GaussianNB,maxabs,smoteenn,on,0.42542640349371375,0.162249721690903,1680,0.4290823322857326,0.7206694271911663,0.08472686754357758,1680,0.7246376811594203,0.5916926783731464,0.11357009456431802,1680,0.5925925925925926,0.7352678571428571,0.08206410452149378,1680,0.75,0.5459769459556612,0.13267349631025033,1680,0.5333333333333333,0.6873015873015873,0.17925682520164046,1680,0.6666666666666666
IMPUTED,config_kfold,SVC_linear,maxabs,smote,on,0.4253765453386909,0.12280440446432725,5544,0.459051182587641,0.7246648802235923,0.06741746172223728,5544,0.7425,0.5676670641162619,0.14671612993393293,5544,0.6089051045572784,0.7411469606782106,0.04436314352872412,5544,0.75,0.5138805950470301,0.12005058459215354,5544,0.5474891774891775,0.6870332291165625,0.19618491666195786,5544,0.735
STRICT,config_loo,LinearDiscriminantAnalysis_svd,none,smoteenn,off,0.4250365532968151,0.03178829689970717,8,0.4226514078975304,0.7339398023360287,0.018270959164280166,8,0.7311320754716981,0.6071610405041354,0.019277417565324667,8,0.605440917923568,0.7128378378378378,0.01694008568994623,8,0.722972972972973,0.4969491656588816,0.018100010226779376,8,0.5073672806067172,0.7827380952380952,0.05000404907479304,8,0.7857142857142857
IMPUTED,config_random80,LogisticRegression,robust,none,off,0.42502880513247643,0.162161937294819,120,0.3708420277204425,0.7169954094553638,0.09437014797670902,120,0.704025974025974,0.551107869856193,0.14032792666750668,120,0.5643939393939394,0.7682291666666666,0.06786134671115049,120,0.75,0.5606359503785974,0.15702957399343098,120,0.5470085470085471,0.6098153235653235,0.22876304444141346,120,0.625
STRICT,config_random80,SVC_linear,maxabs,smote,on,0.42500913703302523,0.22463635547721988,3192,0.4197634726815944,0.7305789652379633,0.11833922325749037,3192,0.7443181818181819,0.555889383918426,0.21294133432589812,3192,0.5833333333333334,0.7292919799498747,0.12465220934847196,3192,0.7333333333333333,0.49016967907403036,0.21640031693325906,3192,0.5,0.7178419759716752,0.2735996848973962,3192,0.75
STRICT,config_random80,SVC_linear,robust,smoteenn,off,0.42493501690883273,0.14281468547392853,456,0.4276686017238498,0.7335193159349338,0.0748994167787014,456,0.7386363636363636,0.5819392401684017,0.11202636378562111,456,0.5882352941176471,0.7195175438596492,0.08628352154138663,456,0.7,0.49879119522216714,0.13378535063614955,456,0.5,0.7520902951824004,0.15325901219643778,456,0.75
IMPUTED,config_kfold,GaussianNB,maxabs,undersample,off,0.4249303252962268,0.03889606677677661,168,0.43609013409408137,0.7280329302340173,0.021032062999169578,168,0.7349621212121212,0.5906430480423399,0.025389383360948366,168,0.5938049669628617,0.7294642857142857,0.01923819113869949,168,0.7281249999999999,0.5169009633358925,0.029782060605953814,168,0.5214044289044288,0.724484126984127,0.046212486316816084,168,0.7224999999999999
IMPUTED,config_kfold,GaussianNB,none,undersample,off,0.4249303252962268,0.03889606677677661,168,0.43609013409408137,0.7280329302340173,0.021032062999169578,168,0.7349621212121212,0.5906430480423399,0.025389383360948366,168,0.5938049669628617,0.7294642857142857,0.01923819113869949,168,0.7281249999999999,0.5169009633358925,0.029782060605953814,168,0.5214044289044288,0.724484126984127,0.046212486316816084,168,0.7224999999999999
IMPUTED,config_kfold,GaussianNB,robust,undersample,off,0.4249303252962268,0.03889606677677661,168,0.43609013409408137,0.7280329302340173,0.021032062999169578,168,0.7349621212121212,0.5906430480423399,0.025389383360948366,168,0.5938049669628617,0.7294642857142857,0.01923819113869949,168,0.7281249999999999,0.5169009633358925,0.029782060605953814,168,0.5214044289044288,0.724484126984127,0.046212486316816084,168,0.7224999999999999
IMPUTED,config_kfold,GaussianNB,standard,undersample,off,0.4249303252962268,0.03889606677677661,168,0.43609013409408137,0.7280329302340173,0.021032062999169578,168,0.7349621212121212,0.5906430480423399,0.025389383360948366,168,0.5938049669628617,0.7294642857142857,0.01923819113869949,168,0.7281249999999999,0.5169009633358925,0.029782060605953814,168,0.5214044289044288,0.724484126984127,0.046212486316816084,168,0.7224999999999999
STRICT,config_loo,SVC_linear,maxabs,smoteenn,on,0.42491910769633995,0.08804459002311196,231,0.4380621915207958,0.7261110657337073,0.06407174878290475,231,0.7423629829290206,0.5810213180068925,0.12452563291438032,231,0.6122448979591837,0.7127996047715875,0.05427060172341974,231,0.7297297297297297,0.5270542623975129,0.11642305447769818,231,0.5172413793103449,0.7566552221724635,0.2088340487013316,231,0.8095238095238095
STRICT,config_loo,LinearDiscriminantAnalysis_svd,maxabs,undersample,on,0.4247226848672728,0.0413025337266743,28,0.4273258507642752,0.7282601719933257,0.023471082535246983,28,0.7248427672955975,0.6037665913933876,0.02625712465085435,28,0.6022201665124884,0.73503861003861,0.022698795398271916,28,0.7432432432432432,0.5268787533404562,0.030733537192651143,28,0.5378874856486797,0.7125850340136054,0.06510148399072829,28,0.6904761904761905
IMPUTED,config_kfold,RandomForestClassifier,standard,smote,off,0.42471461812614614,0.04621630829746028,8064,0.4262586356636081,0.7125139886071724,0.023462854696792577,8064,0.7122727272727273,0.5730334153932394,0.03359982825087512,8064,0.5732510250477002,0.7613451760912698,0.021002150594007153,8064,0.7625,0.5823222669992628,0.047839423566771545,8064,0.5780122655122655,0.6022530864197531,0.05290288872671729,8064,0.595
STRICT,config_random80,LogisticRegression,robust,undersample,on,0.42406011596050136,0.1788117189999718,1680,0.4264014327112208,0.7364632579578232,0.09573859722030821,1680,0.7386363636363636,0.5822742536300592,0.130368818038737,1680,0.5882352941176471,0.7027380952380952,0.11115609524553216,1680,0.7,0.4830821904069361,0.14306293807057527,1680,0.5,0.7923063114134543,0.1628930637374353,1680,0.75
STRICT,config_kfold,RandomForestClassifier,robust,undersample,off,0.4238541035129006,0.04498998587110599,5184,0.4264011578052653,0.7212278274922951,0.0245197641406806,5184,0.7236363636363636,0.594107974710169,0.03273388668253196,5184,0.5962229437229437,0.7339068043138924,0.024413395739109833,5184,0.7361904761904762,0.5434625588167237,0.040925618925141155,5184,0.5423809523809524,0.6920629715363511,0.05891556459501336,5184,0.6916666666666667
IMPUTED,config_strat80,QuadraticDiscriminantAnalysis,standard,undersample,on,0.4238030748912998,0.13495974799378188,840,0.4115687677026414,0.7256613756613757,0.07013790331201625,840,0.7149758454106281,0.5990407950815707,0.0907270054729307,840,0.5882352941176471,0.7290178571428572,0.06926070509842118,840,0.71875,0.5262702587782752,0.10342180621715459,840,0.5,0.717989417989418,0.13490340271902318,840,0.7777777777777778
STRICT,config_kfold,RandomForestClassifier,standard,undersample,off,0.42376901269627454,0.0451164880045742,5184,0.4259465955950406,0.7211905026343683,0.024511475229639347,5184,0.7233315295815296,0.5939959954665598,0.032801671301507615,5184,0.5962121212121212,0.7337949786129863,0.02457941265428052,5184,0.7360919540229884,0.5433657310071371,0.041279857719672575,5184,0.5425407925407926,0.6921499914266117,0.05895236579431382,5184,0.6916666666666667
STRICT,config_kfold,RandomForestClassifier,none,undersample,off,0.4236293225641388,0.045023687066074625,5184,0.4256792399638184,0.7209542584687261,0.024565783336850007,5184,0.7229545454545454,0.5938994314949989,0.03286724451711273,5184,0.5958694054483529,0.733971915607452,0.024329092843232685,5184,0.7360919540229884,0.5440168004295989,0.04113390978918211,5184,0.5440476190476191,0.6909840106310013,0.0592084607300638,5184,0.6916666666666667
STRICT,config_kfold,RandomForestClassifier,maxabs,undersample,off,0.42335776084473126,0.044983634848519576,5184,0.4263478852061078,0.7209774887321184,0.024538165317898854,5184,0.7233405483405483,0.5936799218526829,0.032670363042445735,5184,0.5955878225362679,0.7337003334752377,0.02428435459636991,5184,0.7361904761904763,0.5431365378910098,0.041049170294220096,5184,0.5422222222222223,0.69167609739369,0.059347053714673706,5184,0.6916666666666667
STRICT,config_loo,QuadraticDiscriminantAnalysis,maxabs,undersample,off,0.42328041656927623,0.07653436769794392,10,0.4157585653328594,0.7187780772686433,0.06587726913234561,10,0.720125786163522,0.5723543688214322,0.10623099752423013,10,0.5957446808510638,0.7351351351351351,0.017676952135449203,10,0.7432432432432432,0.5506371121579969,0.07415506304749124,10,0.5285714285714286,0.680952380952381,0.2389402992721741,10,0.7142857142857143
IMPUTED,config_loo,LogisticRegression,maxabs,smoteenn,on,0.42325518806289836,0.08138666272675633,336,0.4433267730952749,0.7267992424242424,0.06078368998317436,336,0.7464733542319749,0.5846791356800323,0.08662506757745866,336,0.6091097308488613,0.6910342261904762,0.08977490477056277,336,0.7125,0.49264499681146484,0.08733491695475351,336,0.4875,0.8062770562770564,0.1789280537902284,336,0.8636363636363636
STRICT,config_loo,LogisticRegression,robust,none,on,0.42315362778567855,0.11797978163829842,84,0.4577035488158596,0.7080231463654644,0.07380755599035715,84,0.7028301886792453,0.5617383972563991,0.12832858144148496,84,0.5753424657534246,0.7594916344916345,0.04360146330112507,84,0.7702702702702703,0.5959520645940193,0.08882688173255987,84,0.5666666666666667,0.5890022675736961,0.21392265564546423,84,0.5357142857142857
IMPUTED,config_loo,LogisticRegression,robust,undersample,on,0.4230595450314381,0.09619593385889533,168,0.4484638800817062,0.7317789968652038,0.0524698079663652,168,0.7468652037617555,0.5998875658096801,0.06149903913893082,168,0.6140350877192983,0.7272321428571429,0.04737340182181438,168,0.7375,0.5053862911155793,0.05774870799265892,168,0.5151515151515151,0.7418831168831169,0.08064258993615311,168,0.75
IMPUTED,config_strat80,GaussianNB,maxabs,smote,on,0.4226321007655324,0.17035588388221784,1680,0.4252964776724258,0.7204968944099379,0.08617291125614701,1680,0.7246376811594203,0.59422643153638,0.11638718140156229,1680,0.5925925925925926,0.7372767857142857,0.08146259713371909,1680,0.71875,0.5439014180233497,0.13579349183974931,1680,0.5,0.6821428571428572,0.15712096852088325,1680,0.6666666666666666
STRICT,config_random80,RandomForestClassifier,none,none,off,0.4225962438079118,0.13696967482401706,1440,0.4000661320993193,0.7005843193977253,0.06997929235538934,1440,0.6987577639751552,0.5365855304109948,0.11188852146144629,1440,0.5333333333333333,0.7726851851851853,0.05855870330140151,1440,0.7666666666666667,0.6220696625904959,0.1923785197567595,1440,0.6,0.5338679453262786,0.17555010430255305,1440,0.5
STRICT,config_strat80,LogisticRegression,robust,undersample,off,0.4225558010234115,0.12304748890799842,240,0.4276686017238498,0.7175925925925927,0.06644986152078385,240,0.7142857142857142,0.5999347103022448,0.07900724296755796,240,0.6,0.7272222222222222,0.0605235692352733,240,0.7333333333333333,0.5523999919355956,0.09380442847269559,240,0.5454545454545454,0.6935185185185184,0.1724898317274044,240,0.6666666666666666
STRICT,config_random80,SVC_linear,standard,none,off,0.4224308504185622,0.137735176558961,114,0.4287014870920849,0.6798703489492963,0.07655310109796397,114,0.6818181818181819,0.49527933939698643,0.1346707851707768,114,0.5,0.7847953216374269,0.0571599819577292,114,0.8,0.7102853287063814,0.2085995162708026,114,0.7142857142857143,0.44216791979949877,0.19206863662437107,114,0.375
IMPUTED,config_kfold,LinearDiscriminantAnalysis_svd,robust,smoteenn,on,0.422250925865963,0.07658359943638052,1120,0.4367930129350091,0.7300450487012987,0.04149382025669396,1120,0.7390700483091788,0.5935939300226373,0.047945907516789434,1120,0.6036231884057971,0.7050446428571429,0.04533287435888214,1120,0.7125,0.4900717413158635,0.05021799596097859,1120,0.4968650793650793,0.7850386904761905,0.06711446553777309,1120,0.7944444444444445
STRICT,config_loo,SVC_linear,robust,undersample,on,0.4222091734028683,0.12719916530909778,123,0.456563218857709,0.7282138656966084,0.06635217468132223,123,0.7466307277628033,0.5923123648677376,0.1228345766357091,123,0.6262626262626263,0.7411008569545154,0.02801042488097254,123,0.75,0.5207175835233434,0.08416933634767083,123,0.5409836065573771,0.6984126984126984,0.16713068746178508,123,0.7380952380952381
STRICT,config_random80,RandomForestClassifier,robust,none,off,0.421952317210601,0.13626819519185304,1440,0.3876990572676327,0.7000062207987933,0.06945306612732259,1440,0.6875,0.5359910164463828,0.11130244566386553,1440,0.5333333333333333,0.7726851851851853,0.058267894434721766,1440,0.7666666666666667,0.6222680328930329,0.19229311569152385,1440,0.6,0.5322861552028219,0.1743961569782103,1440,0.5
IMPUTED,config_loo,RandomForestClassifier,standard,smote,off,0.4219182363617706,0.03512304395139374,230,0.4188623038386893,0.7163759029576121,0.018957266345268738,230,0.7135579937304075,0.5864986408720803,0.02541643394190166,230,0.5833333333333334,0.7611413043478261,0.017970184866683364,230,0.75625,0.5624860384294679,0.03481219226079202,230,0.5535714285714286,0.616897233201581,0.05084779673939831,230,0.6136363636363636
STRICT,config_loo,LinearDiscriminantAnalysis_svd,robust,smoteenn,off,0.42144907814028804,0.021764095631146143,8,0.43172836599036557,0.7305705300988319,0.012287014588857177,8,0.7358490566037735,0.6046232233818919,0.013652593786780826,8,0.6116780045351474,0.7195945945945945,0.014891166622144326,8,0.7128378378378378,0.505067796897804,0.019216630889828373,8,0.4963768115942029,0.7559523809523809,0.045443500734310846,8,0.75
STRICT,config_loo,LogisticRegression,maxabs,undersample,off,0.4211950357226621,0.06426713658691685,22,0.4512363246319161,0.7252511639304092,0.0417051670351749,22,0.7491015274034142,0.5996425490079574,0.04662371790054169,22,0.6238532110091743,0.6934889434889435,0.08157681610020824,22,0.722972972972973,0.49583342787418955,0.07198682209458811,22,0.5074626865671642,0.7987012987012988,0.12398541333286552,22,0.8095238095238095
STRICT,config_loo,LogisticRegression,maxabs,smoteenn,on,0.4211035095480494,0.08518138186400037,334,0.4455285848160877,0.7222132554298412,0.06575937775116493,334,0.7441599281221922,0.5813830062422275,0.11196169089432965,334,0.6194690265486725,0.690807574041107,0.0841648040274275,334,0.7094594594594594,0.5130382002931134,0.1186294884148186,334,0.4933333333333333,0.7948388936412889,0.20764429621837657,334,0.8571428571428571
IMPUTED,config_kfold,RandomForestClassifier,none,undersample,off,0.4210585129265732,0.04180244071899007,4032,0.4226501894267674,0.7218484104546151,0.02145799431518549,4032,0.7227053140096619,0.5834907541238036,0.02999170939584113,4032,0.5853002070393375,0.7359716021825397,0.025212459282341566,4032,0.7375,0.5338896366653028,0.04192091328829322,4032,0.5278571428571428,0.6885083223104056,0.05028455127000162,4032,0.6861111111111111
STRICT,config_strat80,LinearDiscriminantAnalysis_svd,standard,smoteenn,off,0.4210347448383084,0.13681387669938846,80,0.42667869585321205,0.7204365079365079,0.0713556992148652,80,0.7222222222222222,0.6069496779188864,0.08744828169726707,80,0.6086956521739131,0.7208333333333333,0.07103316315094843,80,0.7333333333333333,0.5385813158075154,0.09728275704779767,80,0.5333333333333333,0.7194444444444444,0.14788713528227257,80,0.7777777777777778
STRICT,config_kfold,SVC_linear,maxabs,smote,off,0.4206773202623237,0.1496973522607405,900,0.47190943601363,0.7193475428892097,0.07893661432096345,900,0.7443181818181819,0.568650772601248,0.17566493413352396,900,0.6251739926739928,0.733673125342091,0.066305693019982,900,0.7554022988505747,0.5126241095553818,0.159859374646707,900,0.5671428571428571,0.6864117283950617,0.22016314575686846,900,0.7341666666666666
IMPUTED,config_kfold,RandomForestClassifier,robust,undersample,off,0.42063320273172644,0.041870187117927817,4032,0.422797035897828,0.7216504715678176,0.021623503693944304,4032,0.7225845410628019,0.5831776442197818,0.030061923916472454,4032,0.5859920634920635,0.7356987847222223,0.025101953108767398,4032,0.7375,0.5335356211679487,0.041612946525842485,4032,0.5280303030303031,0.6884711199294532,0.05055201827224074,4032,0.6849999999999999
IMPUTED,config_kfold,RandomForestClassifier,robust,smote,off,0.4204955111316116,0.04758392732931884,8064,0.42037764250672605,0.7100190758190078,0.02406662509400482,8064,0.7107575757575757,0.5703763723460087,0.034157276366610416,8064,0.5691774891774892,0.759592013888889,0.02185223516668898,8064,0.7625,0.5808902737109801,0.049857020465000845,8064,0.575,0.5982808366402117,0.05339781016692745,8064,0.595
IMPUTED,config_kfold,RandomForestClassifier,standard,undersample,off,0.42030834451445326,0.04149625375814697,4032,0.4210892086638903,0.7215457575670438,0.021351529309120945,4032,0.7224242424242424,0.5830812909695068,0.029620515950647346,4032,0.5857420357420358,0.7354321676587301,0.025045047842786175,4032,0.7375,0.5330403907088265,0.0414311930000946,4032,0.5277972027972029,0.6887629519400352,0.05001722065676575,4032,0.6861111111111111
IMPUTED,config_kfold,RandomForestClassifier,maxabs,smote,off,0.42011861323588773,0.04752668319701912,8064,0.4184056280082309,0.7111813577676349,0.024357581269633992,8064,0.7116545893719807,0.5703132091906002,0.035087390038825904,8064,0.5697330447330448,0.7585518973214286,0.02233051537472374,8064,0.75625,0.5754115481298385,0.04920870096050851,8064,0.569047619047619,0.6039186507936508,0.056864619355327134,8064,0.6
STRICT,config_random80,LinearDiscriminantAnalysis_svd,maxabs,none,on,0.4200944592947684,0.1392452839348992,140,0.44296075131876606,0.6847178864958368,0.0684288231300311,140,0.6850961538461539,0.5092813932099646,0.1160269151139883,140,0.5166666666666666,0.7776190476190477,0.06109091613536593,140,0.8,0.6725091575091575,0.2139084425865198,140,0.6666666666666666,0.47102607709750566,0.18406031962775735,140,0.4285714285714285
IMPUTED,config_kfold,RandomForestClassifier,maxabs,undersample,off,0.41999595140249807,0.041715047897571765,4032,0.4225957119865268,0.7213596895673435,0.021421160786772146,4032,0.7222222222222222,0.5828771189037152,0.029814339767320192,4032,0.5845505801388156,0.7354662698412698,0.0251378223461032,4032,0.7375,0.5330592304773161,0.04146453541615965,4032,0.5270238095238096,0.6880392967372134,0.049858601565102474,4032,0.6849999999999999
STRICT,config_random80,LogisticRegression,robust,smoteenn,on,0.4198470062980673,0.1742715609975221,3360,0.4129842690630074,0.7341897391916803,0.09415185332440185,3360,0.7307692307692308,0.5783371087786963,0.1301455605543465,3360,0.5833333333333334,0.6934920634920635,0.1122215220479495,3360,0.7,0.4734013779073733,0.13846490652882432,3360,0.4666666666666667,0.8054303665910809,0.16405260219258933,3360,0.8571428571428571
IMPUTED,config_loo,LinearDiscriminantAnalysis_svd,standard,none,on,0.4197580376662181,0.06213945794235793,14,0.4496182459111359,0.672525750111957,0.030804238589833118,14,0.6857366771159875,0.5164719510992802,0.06141562350328154,14,0.5428571428571428,0.7910714285714285,0.017629037609380928,14,0.8,0.7043014128728414,0.04467341202144903,14,0.72,0.40909090909090906,0.060460197432834206,14,0.4318181818181818
STRICT,config_strat80,LinearDiscriminantAnalysis_svd,robust,undersample,on,0.4197125125862852,0.18130496509033553,280,0.4629100498862757,0.7118480725623583,0.09180483873458833,280,0.7341269841269842,0.5893308251764826,0.13271250377603855,280,0.6206896551724138,0.7302380952380952,0.08361566782343127,280,0.7666666666666667,0.5655074156702308,0.16344221139720672,280,0.5714285714285714,0.6658730158730158,0.20760207137713632,280,0.6666666666666666
STRICT,config_random80,LinearDiscriminantAnalysis_svd,standard,smoteenn,off,0.41957696498554214,0.13541611249339225,80,0.4134320031276604,0.7350464752638666,0.07428696772527661,80,0.7215909090909092,0.5809904892336243,0.10466050192759742,80,0.5882352941176471,0.7091666666666667,0.09397833188332529,80,0.7333333333333333,0.4846768610216753,0.1198266790895811,80,0.5,0.7741071428571429,0.128763705426413,80,0.75
STRICT,config_random80,LogisticRegression,maxabs,smote,off,0.41952016874798975,0.1845450706379338,480,0.4256887899825743,0.7297835133365024,0.10074855434152431,480,0.7357954545454546,0.5480326419745791,0.19735161408371174,480,0.5714285714285714,0.7159722222222222,0.10450079790756928,480,0.7333333333333333,0.46909012214207646,0.19958144813432188,480,0.5,0.7468435846560847,0.27213228660571553,480,0.8571428571428571
STRICT,config_loo,SVC_linear,standard,smoteenn,off,0.4192494624732394,0.10831288744253077,33,0.4375871418875156,0.7245701552628576,0.05982271155163939,33,0.7297843665768193,0.627098500443707,0.057780296967328865,33,0.6095238095238096,0.7440470773804106,0.02075736425956194,33,0.7432432432432432,0.5570563445378705,0.07025629368515825,33,0.5384615384615384,0.7241876897049311,0.07672592232702426,33,0.7142857142857143
STRICT,config_kfold,RandomForestClassifier,standard,none,off,0.4192301535683932,0.05300139331541284,2592,0.4209440554498446,0.6856974200782071,0.03385131609038582,2592,0.6885588023088023,0.5308373246358535,0.0638230574836558,2592,0.5364502164502165,0.7728285719353727,0.018076706988023154,2592,0.771264367816092,0.6683394004400949,0.062001208604407235,2592,0.6716666666666666,0.4838035836762688,0.09893735275063804,2592,0.47638888888888886
STRICT,config_kfold,RandomForestClassifier,none,none,off,0.41917567461079824,0.053037528062540765,2592,0.4214847071502773,0.6856410528343398,0.03386488721324544,2592,0.688961038961039,0.5307576769822823,0.06385670227342706,2592,0.5364502164502165,0.7728063486995479,0.018092015086851824,2592,0.7713464696223318,0.6684515829249625,0.06159633049672267,2592,0.6728571428571428,0.4836569787379973,0.09880350083671516,2592,0.4777777777777777
STRICT,config_loo,LinearDiscriminantAnalysis_svd,robust,smoteenn,on,0.41916850016518,0.1099859090367473,56,0.45278457688128654,0.7289661147477859,0.060697133859768035,56,0.7488769092542678,0.6028671596257992,0.06927281172094513,56,0.6244266055045872,0.7176640926640926,0.05458453281575714,56,0.7263513513513513,0.5041778008898391,0.060183616625821904,56,0.5123520329387545,0.7551020408163265,0.09944333681004484,56,0.7857142857142857
IMPUTED,config_strat80,SVC_linear,maxabs,smoteenn,on,0.41909953651416815,0.2316427743569739,3360,0.4527349601029048,0.7240553830227743,0.12629068293933568,3360,0.748792270531401,0.575517664497022,0.19979420763965153,3360,0.6153846153846154,0.6949962797619048,0.13840034125396208,3360,0.71875,0.4755849701601962,0.19126919970112558,3360,0.4736842105263157,0.7904761904761904,0.2757483624166321,3360,0.8888888888888888
IMPUTED,config_loo,SVC_linear,maxabs,smoteenn,on,0.4189985278033943,0.07907830831833533,213,0.4354525274519829,0.7275681204237328,0.05327598635820567,213,0.7398119122257053,0.5840410546951104,0.0854009106443767,213,0.6060606060606061,0.7097124413145539,0.04772737039244786,213,0.725,0.4954846731026119,0.06443040421666323,213,0.5,0.7675467643898921,0.17282243752499254,213,0.8181818181818182
IMPUTED,config_random80,LogisticRegression,maxabs,smoteenn,on,0.4186967223484378,0.1831769970025994,3360,0.4414147946478204,0.7327308165115761,0.10836600008373484,3360,0.7485714285714286,0.5603893710907958,0.16562948799820035,3360,0.5882352941176471,0.6968563988095238,0.1327959294663428,3360,0.71875,0.46056260046960507,0.16212779686921786,3360,0.4666666666666667,0.8039896396592825,0.23718716117631236,3360,0.8571428571428571
STRICT,config_random80,RandomForestClassifier,standard,none,off,0.41859769858144347,0.13627306260371796,1296,0.3851644432598216,0.6968773917269288,0.06823740218200466,1296,0.6875,0.5324251796413103,0.10810611222761334,1296,0.5333333333333333,0.7698559670781893,0.05925416466017009,1296,0.7666666666666667,0.6281303316025538,0.19913304318423328,1296,0.6,0.5246356310013718,0.1717514722345817,1296,0.5
IMPUTED,config_strat80,KNeighborsClassifier,none,undersample,off,0.41855516214341276,0.19000897983958803,640,0.3845101628724723,0.7215126811594204,0.09495656347940944,640,0.7101449275362319,0.5998266093365155,0.1203910895163491,640,0.5773809523809523,0.7154296875,0.10334753488612267,640,0.71875,0.5234199973553194,0.15501008643933184,640,0.5,0.7354166666666667,0.13975819067772735,640,0.7777777777777778
STRICT,config_loo,GaussianNB,robust,undersample,off,0.41850833856590974,0.01642041945114361,10,0.4057891363515058,0.7279874213836478,0.009859346643534843,10,0.7203504043126685,0.6025894897182026,0.01101229080414399,10,0.594059405940594,0.7256756756756757,0.003489174185772419,10,0.722972972972973,0.5115363586659376,0.003952744074860868,10,0.5084745762711864,0.7333333333333333,0.02459037045211055,10,0.7142857142857143
STRICT,config_loo,RandomForestClassifier,none,none,off,0.41850400612037286,0.04386076624345449,57,0.4229958268811795,0.6909727148058826,0.03204824847596325,57,0.6958670260557054,0.550839574183294,0.05686849955709575,57,0.5641025641025641,0.7757230915125652,0.015078244118708716,57,0.777027027027027,0.6448714170251139,0.05074626385779018,57,0.6538461538461539,0.4949874686716792,0.10068771079824834,57,0.5
STRICT,config_random80,SVC_linear,robust,none,off,0.4183981950653806,0.1331773777782977,114,0.4287014870920849,0.6766422174316912,0.07368235164607205,114,0.6818181818181819,0.4901786895594945,0.1258124408066658,114,0.5,0.7830409356725146,0.05543173076422884,114,0.8,0.7105359552727973,0.21120229800877155,114,0.7142857142857143,0.4355889724310777,0.18974082187555102,114,0.375
STRICT,config_strat80,LinearDiscriminantAnalysis_svd,robust,smote,off,0.41833532417852526,0.11684368865989912,80,0.4276686017238498,0.7095238095238094,0.0623720788735375,80,0.7023809523809523,0.5886961931257597,0.08237961534910357,80,0.5798319327731092,0.74,0.05521980117341521,80,0.7333333333333333,0.58034757038627,0.10686517522116028,80,0.5714285714285714,0.6333333333333333,0.16432960600355215,80,0.5555555555555556
STRICT,config_kfold,RandomForestClassifier,maxabs,none,off,0.41832984545359153,0.051569107460665925,2592,0.4205363291762167,0.6851158687848503,0.033233871170871516,2592,0.6881655844155845,0.5300020358830739,0.06272138001895494,2592,0.5364502164502165,0.7724313410975289,0.017785651506559214,2592,0.7710344827586206,0.6683369277755852,0.06194815365948291,2592,0.6721428571428572,0.4827683470507545,0.09823114986050907,2592,0.475
STRICT,config_loo,RandomForestClassifier,standard,none,off,0.41830934346243365,0.04147367609817393,57,0.4224482540203123,0.6893728030768745,0.0315282393285955,57,0.7003593890386344,0.54785951566036,0.05772894081575719,57,0.5714285714285714,0.7759601706970127,0.015886564147505014,57,0.777027027027027,0.6502725590099218,0.05492189610914368,57,0.6666666666666666,0.48913951545530493,0.1024155707409528,57,0.4761904761904761
STRICT,config_kfold,RandomForestClassifier,robust,none,off,0.41810439242017855,0.05284576924304103,2592,0.4217070803415448,0.6851828692569433,0.03386530751441347,2592,0.6885227272727273,0.5299492027531495,0.06401794058923219,2592,0.5363744588744589,0.7723717666078778,0.017888979158702044,2592,0.770952380952381,0.6674713328937866,0.061467928351537686,2592,0.6716666666666666,0.48313700274348426,0.09918836702386524,2592,0.475
STRICT,config_loo,RandomForestClassifier,robust,none,off,0.4179382892527531,0.04074625998136546,58,0.42827069266738726,0.6882416271648543,0.03111963577960739,58,0.6909254267744833,0.5459617568408628,0.05686255758299361,58,0.5555555555555556,0.7762115563839702,0.016113034415511443,58,0.777027027027027,0.6530950084871754,0.05515739448908147,58,0.6666666666666666,0.48481116584564854,0.10264612507697501,58,0.46428571428571425
STRICT,config_strat80,SVC_linear,robust,smoteenn,on,0.4179352212442266,0.19314471901838345,3360,0.4550466375675794,0.7156698790627363,0.09938161024676392,3360,0.7301587301587302,0.5974165984015852,0.13638916501876713,3360,0.625,0.7220436507936507,0.09615782181981113,3360,0.7333333333333333,0.5458256514356257,0.15088355179991425,3360,0.5384615384615384,0.6997354497354497,0.19944074934670647,3360,0.6666666666666666
STRICT,config_loo,RandomForestClassifier,maxabs,none,off,0.41781578738199265,0.038313708916778925,87,0.4192170380686211,0.6898049178465574,0.03165699440198885,87,0.6884546271338724,0.5483771076117778,0.05579388708277128,87,0.5507246376811594,0.7755514134824479,0.013372349084696377,87,0.777027027027027,0.6473276507787132,0.04960933567005969,87,0.6666666666666666,0.4915161466885605,0.10466729163483884,87,0.4523809523809524
IMPUTED,config_loo,LogisticRegression,maxabs,undersample,on,0.41774382543555577,0.11569557564484806,168,0.4557976482527636,0.7250802358560979,0.07097572886632326,168,0.7511755485893417,0.5665355153323797,0.16171637690563861,168,0.6194690265486725,0.7421130952380952,0.02010728726458583,168,0.74375,0.5248408080918223,0.029182588114313672,168,0.5230769230769231,0.6872294372294372,0.21900077224614634,168,0.7727272727272727
STRICT,config_strat80,LinearDiscriminantAnalysis_svd,robust,smoteenn,on,0.4174496409928101,0.18419099775681483,560,0.4629100498862757,0.7194444444444444,0.09563916364669918,560,0.7380952380952381,0.6052184326485921,0.12149043648639637,560,0.625,0.7130952380952381,0.09255286840370965,560,0.7333333333333333,0.5296846005281877,0.12809817416602381,560,0.5294117647058824,0.7353174603174603,0.17534998925610137,560,0.7777777777777778
STRICT,config_kfold,SVC_linear,maxabs,smoteenn,off,0.41706179621300515,0.14347426045188497,900,0.4634416002002062,0.7209579324995992,0.08070885213437114,900,0.7459613997113996,0.5725562579772517,0.1542768740777134,900,0.6223193473193473,0.7061732895457034,0.09012535340027478,900,0.7328571428571429,0.4849557744365907,0.1292925118097103,900,0.5328030303030302,0.755296913580247,0.20906906295951727,900,0.8
IMPUTED,config_loo,LinearDiscriminantAnalysis_svd,robust,undersample,on,0.41705480421350677,0.10055401097675663,28,0.44876798147699737,0.7248376623376623,0.05366292130154016,28,0.7415752351097178,0.5939377187819759,0.06667711749319515,28,0.6145336639328629,0.7361607142857143,0.04966196912375382,28,0.74375,0.5186067761888512,0.06586322804239188,28,0.5238095238095238,0.6996753246753247,0.08307055512027024,28,0.7272727272727273
STRICT,config_kfold,LinearDiscriminantAnalysis_svd,robust,none,on,0.4167035446351285,0.1151312799570125,280,0.4530834010465654,0.6809549835085549,0.05512492066687155,280,0.6975,0.5118495926894865,0.12389518989777279,280,0.5553618603618604,0.7803543279380718,0.029227041711297152,280,0.7868637110016421,0.6677547412904556,0.1262722765386731,280,0.6973015873015873,0.45043253968253966,0.12115719436186954,280,0.4975
STRICT,config_strat80,LogisticRegression,robust,smoteenn,on,0.4164301660657171,0.1969703276259347,3360,0.4550466375675794,0.7179988662131519,0.10267444233631329,3360,0.7380952380952381,0.6037189594599545,0.12532687111073768,3360,0.625,0.7117063492063492,0.09694754995047393,3360,0.7333333333333333,0.5307341159553502,0.13517341123009988,3360,0.5294117647058824,0.7337301587301588,0.18638603108163573,3360,0.7777777777777778
IMPUTED,config_kfold,GaussianNB,standard,undersample,on,0.41638646754061676,0.05241626486944749,1176,0.4194624141957301,0.7233620589210652,0.02823947024435068,1176,0.7223484848484848,0.5843583608119501,0.036211126860806145,1176,0.5827167277167277,0.7239477040816326,0.02597862720237575,1176,0.725,0.5098775800039068,0.03890209697610975,1176,0.5079960317460317,0.7217970521541951,0.06849388627594037,1176,0.7277777777777777
STRICT,config_random80,LinearDiscriminantAnalysis_svd,robust,smote,on,0.41630589477634145,0.2076673569842762,560,0.4276686017238498,0.7298543668632954,0.11221698705358885,560,0.7386363636363636,0.5745480782855068,0.14935116942198137,560,0.5773809523809523,0.7205952380952381,0.11112104195050114,560,0.7333333333333333,0.49969808597282606,0.15645892300525766,560,0.5,0.7315830498866214,0.19582668014726393,560,0.75
STRICT,config_random80,RandomForestClassifier,maxabs,smote,off,0.4157824703606807,0.13816103638485538,5472,0.4193139346887673,0.7205236244054417,0.07345242700178817,5472,0.7215909090909092,0.5669025045793357,0.1062145068554162,5472,0.5714285714285714,0.7493421052631578,0.06682772907097992,5472,0.7666666666666667,0.5375483536119501,0.13753614017159724,5472,0.5454545454545454,0.6452143089204493,0.15383877275786284,5472,0.625
IMPUTED,config_random80,KNeighborsClassifier,standard,undersample,off,0.41552942363708595,0.16007994769999237,640,0.43314291168162466,0.7275678432145287,0.08974948420576412,640,0.7363636363636363,0.5700391791557328,0.12270310315995663,640,0.6,0.73740234375,0.07529847516557266,640,0.71875,0.4986545106268645,0.1401341302572435,640,0.5,0.707460222069597,0.17537140669381657,640,0.7
IMPUTED,config_strat80,GaussianNB,standard,none,on,0.41543558184291873,0.1690446376129878,420,0.4127594582445936,0.6799171842650105,0.07576529188825622,420,0.6666666666666666,0.5328688527306396,0.12796952433713016,420,0.5,0.7669642857142858,0.07225853897043945,420,0.78125,0.6854650111792968,0.22350939281643797,420,0.625,0.48095238095238096,0.15010109274573766,420,0.5555555555555556
STRICT,config_kfold,SVC_linear,maxabs,smote,on,0.41511777973246233,0.15119962446223328,6272,0.4593757130897495,0.7171200031013488,0.08019290854027519,6272,0.7397727272727272,0.5646953512313396,0.1767126851467619,6272,0.6175180375180375,0.7312577389330116,0.06687022760793335,6272,0.75,0.5061218503165084,0.16010536326327196,6272,0.5611111111111111,0.6846196499433106,0.2231982417903596,6272,0.7333333333333333
IMPUTED,config_random80,GaussianNB,maxabs,undersample,off,0.41486648235967927,0.13825459423133998,120,0.407968313275978,0.7327777849216637,0.07973279635756063,120,0.7388690476190476,0.5707133693246225,0.09144337744071926,120,0.5454545454545454,0.721875,0.07485542788625027,120,0.71875,0.48532414953467584,0.13282160559887637,120,0.45299145299145294,0.7458150183150184,0.15657713770261839,120,0.7321428571428572
IMPUTED,config_random80,GaussianNB,none,undersample,off,0.41486648235967927,0.13825459423134,120,0.407968313275978,0.7327777849216637,0.07973279635756059,120,0.7388690476190476,0.5707133693246225,0.09144337744071926,120,0.5454545454545454,0.721875,0.07485542788625028,120,0.71875,0.48532414953467584,0.13282160559887637,120,0.45299145299145294,0.7458150183150184,0.1565771377026184,120,0.7321428571428572
IMPUTED,config_random80,GaussianNB,robust,undersample,off,0.41486648235967927,0.13825459423133998,120,0.407968313275978,0.7327777849216637,0.07973279635756063,120,0.7388690476190476,0.5707133693246225,0.09144337744071926,120,0.5454545454545454,0.721875,0.07485542788625027,120,0.71875,0.48532414953467584,0.13282160559887637,120,0.45299145299145294,0.7458150183150184,0.15657713770261839,120,0.7321428571428572
IMPUTED,config_random80,GaussianNB,standard,undersample,off,0.41486648235967927,0.13825459423133998,120,0.407968313275978,0.7327777849216637,0.07973279635756063,120,0.7388690476190476,0.5707133693246225,0.09144337744071926,120,0.5454545454545454,0.721875,0.07485542788625027,120,0.71875,0.48532414953467584,0.13282160559887637,120,0.45299145299145294,0.7458150183150184,0.15657713770261839,120,0.7321428571428572
IMPUTED,config_random80,LinearDiscriminantAnalysis_svd,robust,smoteenn,on,0.4148266727913152,0.16690347325842395,560,0.4071989740581645,0.7351118114636626,0.09305996471931359,560,0.740909090909091,0.5698784329782953,0.12790770966909118,560,0.5714285714285714,0.7113839285714286,0.0866808315430207,560,0.71875,0.4656714520072163,0.1326195068075163,560,0.4545454545454545,0.7802645866038723,0.17700102041497598,560,0.8
IMPUTED,config_kfold,LinearDiscriminantAnalysis_svd,standard,smoteenn,off,0.4148202350845424,0.03892325035031991,160,0.40704695278520797,0.7260359985726834,0.0217031770277489,160,0.7218900966183575,0.5895419124475586,0.025454832479454893,160,0.5865464228753702,0.706015625,0.024771831225172375,160,0.70625,0.4887467143065053,0.02922072753069123,160,0.48642687377981486,0.7705486111111111,0.05258608342633916,160,0.77
IMPUTED,config_loo,LinearDiscriminantAnalysis_svd,standard,smoteenn,off,0.41480720618983974,0.01667321176013366,8,0.4173417629695032,0.7301136363636364,0.009212929237229576,8,0.7311912225705329,0.5952330077330077,0.010261742963413527,8,0.5962962962962963,0.7109375,0.015217911204517235,8,0.7124999999999999,0.48485940879596245,0.016461198448640572,8,0.48684210526315785,0.7727272727272727,0.034360406637202495,8,0.7727272727272727
STRICT,config_random80,RandomForestClassifier,standard,undersample,off,0.41460497445815575,0.12462204280560457,2736,0.3853551092995474,0.7262256455405769,0.06397329687353721,2736,0.725,0.5724566079033118,0.10161157071656626,2736,0.56,0.7219785575048733,0.08012411778355909,2736,0.7,0.5056760351895563,0.1349657356274279,2736,0.5,0.7197716513505987,0.14191850156169583,2736,0.75
IMPUTED,config_kfold,LinearDiscriminantAnalysis_svd,maxabs,smoteenn,off,0.41443381783622524,0.037300886997731944,160,0.41913055650655795,0.7265465113087395,0.020408174305716408,160,0.7279545454545455,0.5893170695097625,0.023650556787335127,160,0.5902826585179526,0.69375,0.02772137880350277,160,0.69375,0.4772620189515506,0.029028479179163923,160,0.47639790764790757,0.7994097222222222,0.050409715366109525,160,0.7986111111111112
IMPUTED,config_strat80,GaussianNB,robust,smoteenn,off,0.41442031209561925,0.13378406449239308,240,0.4252964776724258,0.7099033816425121,0.06308381593855517,240,0.7198067632850242,0.5803714533772415,0.09542145448966645,240,0.5916666666666667,0.7421875,0.06633747284414201,240,0.71875,0.5624785080115963,0.13820537975889888,240,0.5,0.6361111111111111,0.14514723710806687,240,0.6666666666666666
IMPUTED,config_strat80,LogisticRegression,maxabs,undersample,off,0.41437752499630903,0.19892699033692482,240,0.4845437118523489,0.7175523349436392,0.11001274237247434,240,0.7608695652173914,0.5611543775879089,0.19598696164760618,240,0.6206896551724138,0.696875,0.1167939259110126,240,0.71875,0.4692805667066166,0.18994305499295197,240,0.4736842105263157,0.7648148148148147,0.2904130779448179,240,0.8888888888888888
STRICT,config_loo,GaussianNB,standard,smote,on,0.41434565718525634,0.0420454603607967,74,0.4051084364747354,0.7208178528933246,0.021798624341144383,74,0.7154088050314465,0.5958453451313545,0.02711958310287333,74,0.5894736842105263,0.7363038714390066,0.023163640590175213,74,0.7364864864864865,0.5299280496344829,0.03660898814720035,74,0.5263157894736842,0.685006435006435,0.05221572965262108,74,0.6904761904761905
STRICT,config_strat80,LinearDiscriminantAnalysis_svd,maxabs,smote,off,0.41424268620773885,0.12867654910526802,80,0.4075500715665535,0.7079365079365079,0.06903197058698547,80,0.6984126984126984,0.5856510831926433,0.09356576865855395,80,0.5714285714285714,0.7366666666666666,0.061303239727808684,80,0.7333333333333333,0.5755906022082493,0.1136040793641677,80,0.5454545454545454,0.6361111111111111,0.17499134888089068,80,0.6666666666666666
STRICT,config_loo,LinearDiscriminantAnalysis_svd,robust,none,on,0.41374814094401774,0.1274424088735451,14,0.4612619530293546,0.6789243999486587,0.0646323897391042,14,0.7003593890386344,0.5172727229509715,0.15261086432014676,14,0.5714285714285714,0.7857142857142857,0.0296810898921066,14,0.7972972972972973,0.678244194229416,0.07685160264265543,14,0.7142857142857143,0.43197278911564624,0.146133713329227,14,0.4761904761904761
IMPUTED,config_kfold,SVC_linear,maxabs,smoteenn,off,0.41360084903756394,0.12556753898457523,792,0.4561405175484287,0.7219804101622282,0.07241778564909773,792,0.7478678085199825,0.5678271945207887,0.12534841565040805,792,0.612925094229442,0.6995501893939394,0.0821427834576716,792,0.725,0.4752792375846691,0.10028273387889766,792,0.5101388888888889,0.7711426767676768,0.17570105470546407,792,0.8194444444444444
STRICT,config_strat80,LogisticRegression,robust,undersample,on,0.4134096555954178,0.1948527947222124,1680,0.4550466375675794,0.7122448979591836,0.09921942572160272,1680,0.7380952380952381,0.592946000770514,0.13162894035121372,1680,0.625,0.7196825396825397,0.08935924977590895,1680,0.7333333333333333,0.5463543796142757,0.15732867708895334,1680,0.5333333333333333,0.6936507936507936,0.20358831971866487,1680,0.6666666666666666
STRICT,config_random80,LogisticRegression,robust,none,on,0.4132421490306389,0.20221464764948763,840,0.4308202184276645,0.7106985059741271,0.10501153046130068,840,0.7272727272727273,0.5400990296959023,0.17237533618168113,840,0.5714285714285714,0.7413492063492063,0.10391249520985789,840,0.7333333333333333,0.5497950419790866,0.21871811523598553,840,0.5384615384615384,0.6285874905517763,0.2552403061418812,840,0.625
STRICT,config_kfold,QuadraticDiscriminantAnalysis,standard,undersample,on,0.4131687119535326,0.056503805933571856,1680,0.4110109108077108,0.7183762626262625,0.030948815127000776,1680,0.7177272727272728,0.5887647036693794,0.04092942689685031,1680,0.589010989010989,0.7224859058565956,0.025390986433919235,1680,0.7228571428571429,0.5234869472049647,0.038519296971005645,1680,0.52,0.7086706349206349,0.06872145078326648,1680,0.711111111111111
IMPUTED,config_loo,LogisticRegression,robust,none,on,0.413135498796277,0.09152117915915853,84,0.453110138691783,0.7022316763696074,0.06473032604923185,84,0.6955329153605017,0.5510876153392554,0.0962005379995124,84,0.56,0.7574404761904762,0.036333205692796904,84,0.7625,0.5844568581799109,0.08525472106886965,84,0.5484375,0.5795454545454545,0.2090295876553935,84,0.5681818181818181
IMPUTED,config_kfold,GaussianNB,maxabs,none,off,0.41307098729379876,0.03536676662760863,84,0.4219320578349411,0.7054962670180062,0.01623042277628587,84,0.706969696969697,0.5665997255238742,0.0266877056453367,84,0.5717793317793318,0.759375,0.014009060106239861,84,0.75625,0.5773372262657978,0.036883743973407726,84,0.584126984126984,0.5850396825396825,0.02654882285338158,84,0.5855555555555555
IMPUTED,config_kfold,GaussianNB,none,none,off,0.41307098729379876,0.03536676662760863,84,0.4219320578349411,0.7054962670180062,0.01623042277628587,84,0.706969696969697,0.5665997255238742,0.0266877056453367,84,0.5717793317793318,0.759375,0.014009060106239861,84,0.75625,0.5773372262657978,0.036883743973407726,84,0.584126984126984,0.5850396825396825,0.02654882285338158,84,0.5855555555555555
IMPUTED,config_kfold,GaussianNB,robust,none,off,0.41307098729379876,0.03536676662760863,84,0.4219320578349411,0.7054962670180062,0.01623042277628587,84,0.706969696969697,0.5665997255238742,0.0266877056453367,84,0.5717793317793318,0.759375,0.014009060106239861,84,0.75625,0.5773372262657978,0.036883743973407726,84,0.584126984126984,0.5850396825396825,0.02654882285338158,84,0.5855555555555555
IMPUTED,config_kfold,GaussianNB,standard,none,off,0.41307098729379876,0.03536676662760863,84,0.4219320578349411,0.7054962670180062,0.01623042277628587,84,0.706969696969697,0.5665997255238742,0.0266877056453367,84,0.5717793317793318,0.759375,0.014009060106239861,84,0.75625,0.5773372262657978,0.036883743973407726,84,0.584126984126984,0.5850396825396825,0.02654882285338158,84,0.5855555555555555
STRICT,config_random80,RandomForestClassifier,maxabs,none,off,0.413011726231182,0.13402240954360778,1296,0.380198765217406,0.6933749849259109,0.06594946845558732,1296,0.6875,0.5274083994446481,0.10644332358050562,1296,0.5333333333333333,0.7681584362139917,0.058255817745077834,1296,0.7666666666666667,0.6261128531961866,0.20082070137914762,1296,0.6,0.5179612482853224,0.16836221947074928,1296,0.5
IMPUTED,config_loo,LinearDiscriminantAnalysis_svd,robust,smoteenn,off,0.41296489332111547,0.025908700823682764,8,0.4211717092628736,0.7290360501567398,0.015347300962042407,8,0.733346394984326,0.5935224106594339,0.01625167151476633,8,0.5993624630695071,0.709375,0.013774329125483487,8,0.703125,0.4829868329868329,0.015323622799018412,8,0.4756410256410256,0.7727272727272727,0.05432857315156331,8,0.7727272727272727
IMPUTED,config_random80,SVC_linear,maxabs,smoteenn,on,0.4128321931298638,0.2091325595000802,3360,0.4414147946478204,0.7307026950379216,0.11843717635062201,3360,0.740909090909091,0.5550272125655781,0.18601325124754262,3360,0.5882352941176471,0.710360863095238,0.13106723436895149,3360,0.71875,0.45895196068404664,0.1794346238670413,3360,0.5,0.7695184858131288,0.25627451422593206,3360,0.8333333333333334
STRICT,config_loo,SVC_linear,robust,smoteenn,on,0.41282830453848113,0.12227038219041901,213,0.4512363246319161,0.7233685129645799,0.06726346910404457,213,0.7439353099730459,0.5971277405836487,0.08008984781296286,213,0.6236559139784946,0.7216406547392462,0.06255591085922657,213,0.7432432432432432,0.5109296701754691,0.07118979669127633,213,0.5373134328358209,0.7273641851106639,0.11498843826182387,213,0.7380952380952381
STRICT,config_random80,SVC_linear,maxabs,smote,off,0.4127988361392432,0.2033946286945343,456,0.4129842690630074,0.7226625575881869,0.10910299219113158,456,0.7388833992094861,0.548463630451091,0.2010457042798973,456,0.5882352941176471,0.7223684210526315,0.12213663453814695,456,0.7333333333333333,0.48614820359856825,0.2077924896178091,456,0.5384615384615384,0.7065928710665553,0.2622192320444114,456,0.75
STRICT,config_kfold,LogisticRegression,maxabs,smoteenn,on,0.4127088347566675,0.11925912666257799,6720,0.4508057465111082,0.7169853251906823,0.07306933100989213,6720,0.7414953102453101,0.5733546375827485,0.13175061936274302,6720,0.6161267590378299,0.6847383493627336,0.09239408120487887,6720,0.7094252873563218,0.48129129174351787,0.09565041622750171,6720,0.5010759175465058,0.791359126984127,0.21593677358311053,6720,0.8550000000000001
STRICT,config_loo,QuadraticDiscriminantAnalysis,none,undersample,off,0.4126991793078623,0.015658920397472582,12,0.4157585653328594,0.7218478586403115,0.008821587893777637,12,0.720125786163522,0.596548408578124,0.010241159291945825,12,0.5957446808510638,0.731981981981982,0.01266806576433907,12,0.7364864864864865,0.5217747820881815,0.01755753314130575,12,0.5268628078030061,0.6984126984126985,0.03417812202691782,12,0.6904761904761905
STRICT,config_random80,RandomForestClassifier,standard,smote,off,0.4125763028292524,0.13778654786677044,5472,0.4075500715665535,0.7180310665794075,0.07192070526349621,5472,0.7211538461538461,0.5644842379770348,0.10622743348349008,5472,0.5714285714285714,0.7490253411306044,0.06585030173628148,5472,0.7333333333333333,0.5373899319897126,0.14075485848214683,5472,0.5454545454545454,0.6393796992481203,0.15085507838656015,5472,0.625
IMPUTED,config_strat80,QuadraticDiscriminantAnalysis,standard,smoteenn,on,0.4125008407758467,0.16378301114037866,1680,0.4117980140314096,0.7055728088336785,0.08538713549782186,1680,0.7028985507246377,0.5655531285487768,0.13524862900352902,1680,0.5714285714285714,0.7477678571428571,0.07118186517569092,1680,0.75,0.573895924040495,0.15432972679116394,1680,0.5384615384615384,0.6091269841269841,0.20021136570666198,1680,0.6666666666666666
STRICT,config_random80,LinearDiscriminantAnalysis_svd,robust,none,on,0.41246614626936096,0.21599576736886594,140,0.4287014870920849,0.68882301015065,0.09993613055172404,140,0.7045454545454546,0.5076519628830554,0.1947884597061068,140,0.5166666666666666,0.7814285714285715,0.07909069848138803,140,0.8,0.622247990105133,0.25938675216228474,140,0.625,0.47663832199546485,0.21910279488218287,140,0.5
IMPUTED,config_kfold,RandomForestClassifier,none,smote,off,0.4123886476962993,0.04878293321463463,8064,0.412068320251999,0.7057605272771713,0.02398328372670707,8064,0.7068939393939394,0.5639683433874002,0.03504079646655993,8064,0.5648412698412699,0.7561445932539683,0.02344367646190727,8064,0.75625,0.5755880187520812,0.05244527613515197,8064,0.5705128205128205,0.5917836474867725,0.05380263482867404,8064,0.5944444444444444
STRICT,config_strat80,GaussianNB,robust,smote,on,0.41238783841094995,0.18981275205747175,1680,0.4276686017238498,0.7072845804988662,0.09279982721252694,1680,0.7222222222222222,0.5892256101574854,0.12883485483551307,1680,0.6086956521739131,0.7351190476190477,0.08649522057740239,1680,0.7333333333333333,0.5748497668758339,0.16225571793857502,1680,0.5555555555555556,0.6376984126984127,0.17421752576548882,1680,0.6666666666666666
STRICT,config_random80,RandomForestClassifier,none,undersample,off,0.41238265041320155,0.12582633088134054,2736,0.3853551092995474,0.7250017640547293,0.06514054087856075,2736,0.7215909090909092,0.5708977050109448,0.10104792608974372,2736,0.5714285714285714,0.7217592592592592,0.07998613247898248,2736,0.7,0.5051934008624303,0.13410681400452049,2736,0.5,0.7160577949503388,0.14344367820953866,2736,0.75
STRICT,config_loo,SVC_linear,none,smote,off,0.41220078913663943,0.0734387347889208,26,0.4213953255999111,0.7179894492841792,0.041433836989358555,26,0.7212488769092542,0.6182345914286977,0.04948642178870586,26,0.6020833333333333,0.7416272916272917,0.027684164214061606,26,0.7466216216216216,0.560397724360348,0.06024265476025123,26,0.5447713463383435,0.6919603385120626,0.049040018052713616,26,0.6785714285714286
STRICT,config_loo,SVC_linear,robust,undersample,off,0.41209458330075516,0.037100730418897145,20,0.4158516098094259,0.7214622641509434,0.024164490727008554,20,0.720125786163522,0.5944258659055939,0.02773389878434152,20,0.5958121109224674,0.7307432432432432,0.00884376065777386,20,0.7297297297297297,0.5196091505262219,0.01329084385727378,20,0.5174278846153846,0.7,0.07968190728895957,20,0.6666666666666666
STRICT,config_random80,SVC_linear,robust,smote,on,0.41205185528481114,0.1992196414634888,3192,0.4,0.7260522917794493,0.10629346775142928,3192,0.7329545454545454,0.5669407682933914,0.15489133082209167,3192,0.5714285714285714,0.723078529657477,0.10449004914029175,3192,0.7333333333333333,0.5004415556210582,0.16224652437282416,3192,0.5,0.7137464196204798,0.20796162080730565,3192,0.75
STRICT,config_strat80,SVC_linear,robust,undersample,on,0.41198361516548815,0.20623443551507747,1680,0.4629100498862757,0.7065098261526833,0.1036234686194635,1680,0.7222222222222222,0.5780523681803255,0.15863122397561855,1680,0.6153846153846154,0.7248809523809524,0.09918594796705772,1680,0.7333333333333333,0.5609395220765598,0.19179102605701498,1680,0.5454545454545454,0.6605820105820106,0.23437992094770047,1680,0.6666666666666666
IMPUTED,config_strat80,GaussianNB,maxabs,undersample,on,0.41180999300258114,0.1799649466713719,840,0.4252964776724258,0.7195824706694273,0.09270933779227847,840,0.7246376811594203,0.591829554467772,0.12400453221703907,840,0.6,0.7180803571428571,0.09150453430536665,840,0.71875,0.5145829112530793,0.13273547280134004,840,0.5,0.7230158730158731,0.16247350218585677,840,0.7777777777777778
STRICT,config_random80,RandomForestClassifier,robust,undersample,off,0.4118080990366722,0.12722510079945798,2736,0.3853551092995474,0.7246828065728237,0.06581590716440361,2736,0.7215909090909092,0.5706148818129751,0.10186822749135072,2736,0.5714285714285714,0.7213937621832359,0.08090734841972523,2736,0.7,0.5048053748471467,0.13427407066069463,2736,0.5,0.7157694583681425,0.14375639024138698,2736,0.75
STRICT,config_loo,LinearDiscriminantAnalysis_svd,standard,smoteenn,off,0.411780222908402,0.03653719461899298,8,0.41126738172245236,0.7252358490566038,0.02164965757868385,8,0.7252920035938903,0.5979443558390927,0.024218028840875958,8,0.5982456140350877,0.714527027027027,0.01796767419786321,8,0.7195945945945945,0.4989607967148802,0.019792245878173048,8,0.5031897926634769,0.75,0.06613000712661084,8,0.7619047619047619
STRICT,config_strat80,GaussianNB,standard,undersample,on,0.4115991602944282,0.14355323109979612,840,0.4075500715665535,0.7131519274376417,0.07605467913008536,840,0.7142857142857142,0.5941580189185232,0.09998994259820634,840,0.6,0.7285714285714285,0.06484251617723,840,0.7333333333333333,0.5496545399229499,0.10538159274530819,840,0.5384615384615384,0.6746031746031745,0.16363572026271675,840,0.6666666666666666
IMPUTED,config_strat80,GaussianNB,maxabs,smoteenn,off,0.4115408048327579,0.12005627830516377,240,0.4185472458519177,0.7141304347826087,0.0584780396402442,240,0.7246376811594203,0.5864974082368078,0.08024566974748962,240,0.5962962962962963,0.73125,0.06523813795895357,240,0.71875,0.5388188547563548,0.11572075412667528,240,0.5,0.675,0.12789344511092035,240,0.6666666666666666
IMPUTED,config_random80,GaussianNB,robust,undersample,on,0.4115326228418106,0.21625076103147714,840,0.4269766805005808,0.7274278858846528,0.11784414882510258,840,0.7291666666666667,0.5632335750801897,0.1635207780779153,840,0.5714285714285714,0.7350446428571429,0.09035245976490928,840,0.71875,0.49343907618868915,0.18081459411343465,840,0.4666666666666667,0.7040037938252224,0.20989652010802404,840,0.7
STRICT,config_random80,LinearDiscriminantAnalysis_svd,maxabs,smoteenn,on,0.41135006667112844,0.15216405946316205,560,0.3922322702763681,0.7311513363706686,0.08320231866691132,560,0.7329192546583851,0.5729685992560462,0.11429007099517616,560,0.5833333333333334,0.6870238095238096,0.10085241656511693,560,0.7,0.4623047748267507,0.12318714817553766,560,0.4666666666666667,0.8108205782312925,0.14852000953734396,560,0.8571428571428571
IMPUTED,config_loo,SVC_linear,standard,none,off,0.41127497885486,0.04044239886865629,6,0.4292460719007647,0.6660788923719959,0.022128109905048716,6,0.6743730407523512,0.5048539226172187,0.04364597198896207,6,0.5213369770863989,0.7885416666666667,0.011467799120435725,6,0.79375,0.7066043189231594,0.02597569580518118,6,0.7037037037037037,0.39393939393939387,0.04694525268130203,6,0.40909090909090906
IMPUTED,config_strat80,LinearDiscriminantAnalysis_svd,robust,smoteenn,off,0.41111926947957284,0.16249912443544698,80,0.4166549677696456,0.7204710144927536,0.08743589287372816,80,0.717391304347826,0.5894606010560478,0.10146892388279202,80,0.5882352941176471,0.69296875,0.0872304562185055,80,0.6875,0.4877634402136354,0.11064940595664298,80,0.4676113360323886,0.7833333333333333,0.18020495008463414,80,0.7777777777777778
STRICT,config_random80,RandomForestClassifier,robust,smote,off,0.41036903065395114,0.13785859163670583,5472,0.4075500715665535,0.7172831527290194,0.07311536898346124,5472,0.7215909090909092,0.562619052735433,0.10433317693145724,5472,0.5555555555555556,0.7476851851851852,0.06593396654791224,5472,0.7333333333333333,0.5354511919204902,0.1388271515248182,5472,0.5454545454545454,0.6387109266221108,0.15440560298486142,5472,0.625
STRICT,config_random80,RandomForestClassifier,maxabs,undersample,off,0.41033714550943345,0.12468923367317854,2736,0.3853551092995474,0.7237321189242433,0.0641060394345133,2736,0.7215909090909092,0.5693434309096289,0.10066290594450954,2736,0.56,0.7203216374269006,0.08032815406335209,2736,0.7,0.5040661790082992,0.13470809156964386,2736,0.5,0.7149308456326,0.14342472760954106,2736,0.75
STRICT,config_loo,KNeighborsClassifier,none,undersample,off,0.4102080474718833,0.045080281266379314,64,0.41636409133683394,0.7190939465408805,0.02612819407994269,64,0.722596585804133,0.592792744650144,0.032499813963924984,64,0.597029702970297,0.7350084459459459,0.017256626410010422,64,0.7297297297297297,0.5259562959263783,0.024851729530537867,64,0.5175492610837439,0.6822916666666666,0.06394660848143224,64,0.6904761904761905
IMPUTED,config_strat80,SVC_linear,robust,none,on,0.4098240579730702,0.19405344969079283,840,0.4127594582445936,0.6635093167701863,0.08852009230283432,840,0.6570048309178744,0.47121477511791526,0.20745069067289976,840,0.5,0.7860863095238095,0.05331277452882467,840,0.78125,0.7117337490551777,0.30275460394065046,840,0.7142857142857143,0.38333333333333336,0.1954431660760999,840,0.4444444444444444
IMPUTED,config_loo,RandomForestClassifier,robust,smote,off,0.40974465825211726,0.04304420165346038,230,0.4089042715023407,0.7102272727272727,0.023071952716134284,230,0.7092476489028213,0.5779625990091065,0.03151789164631403,230,0.5775486827033218,0.7564945652173913,0.019268875020871542,230,0.75625,0.5539984660942017,0.0354482442820412,230,0.5493197278911565,0.607411067193676,0.0525381501670075,230,0.5909090909090909
IMPUTED,config_kfold,SVC_linear,maxabs,smoteenn,on,0.4097301821935863,0.1274664182124192,5544,0.4496810218932747,0.7202891548016713,0.07234831907942055,5544,0.7439393939393939,0.5636837312187156,0.1384180950212319,5544,0.6082251082251082,0.7002311056998557,0.0766242823081735,5544,0.725,0.46978318322777635,0.11197346179700308,5544,0.5024603174603175,0.7642088544171878,0.19675379602131163,5544,0.8166666666666667
IMPUTED,config_loo,RandomForestClassifier,maxabs,smote,off,0.4096740940859421,0.04057838128497419,229,0.4128711852166012,0.7118211934128211,0.02171255418536142,229,0.7108150470219436,0.5796326481027068,0.02892654118080346,229,0.5777777777777777,0.7530567685589519,0.020559699871599214,229,0.75,0.5480087541330533,0.03805463560271642,229,0.5416666666666666,0.6201865819769751,0.057333748716502174,229,0.6136363636363636
IMPUTED,config_kfold,RandomForestClassifier,robust,none,off,0.40933305721858604,0.05284330024761224,2016,0.4111572896717256,0.682772770623767,0.0340110854195013,2016,0.683431598594642,0.5173512667888113,0.06492460763713619,2016,0.5267094017094017,0.777046130952381,0.016742702715039175,2016,0.775,0.6470704080971937,0.06543403190810838,2016,0.6434920634920636,0.47180335097001763,0.1019414230229489,2016,0.4599999999999999
IMPUTED,config_random80,KNeighborsClassifier,robust,undersample,off,0.4093212675914125,0.15996057371554467,640,0.4330127018922193,0.7237947430911532,0.08933531953270558,640,0.7291666666666667,0.5654121075910421,0.12013448717409093,640,0.5833333333333334,0.735546875,0.07587577972930828,640,0.71875,0.4955564348254944,0.13935386469021932,640,0.5,0.7005742521367522,0.17918297783006912,640,0.7
IMPUTED,config_kfold,LogisticRegression,maxabs,smoteenn,on,0.40926042290222914,0.10884675278082875,6720,0.4412166015091073,0.7184095660277726,0.06851810808591115,6720,0.7406911506368028,0.5699793236359401,0.10800261766833821,6720,0.6024897879897879,0.6821279761904762,0.09834601616608568,6720,0.70625,0.4734195073702354,0.08095506234234111,6720,0.4848118548118548,0.7985454695767196,0.18966515210789345,6720,0.845
IMPUTED,config_kfold,RandomForestClassifier,none,none,off,0.40917086373621553,0.05318153425184233,2016,0.4111841798272706,0.6827023916267575,0.034385587555070325,2016,0.6834090909090909,0.5172038734331675,0.06546386136533305,2016,0.5266666666666666,0.777046130952381,0.016624180568195836,2016,0.775,0.6470733212995117,0.06497500372751212,2016,0.6437301587301587,0.47159501763668427,0.10256239958650182,2016,0.4599999999999999
IMPUTED,config_strat80,KNeighborsClassifier,none,smoteenn,off,0.40896917439078784,0.17949236033694788,1280,0.4115687677026414,0.7216013737922705,0.09541327402952514,1280,0.717391304347826,0.5950255016048521,0.10957780723790843,1280,0.5833333333333334,0.6730224609375,0.10268710269935626,1280,0.65625,0.4712706949627427,0.11832980309502915,1280,0.4285714285714285,0.8326388888888889,0.13641750479761974,1280,0.8888888888888888
STRICT,config_strat80,LogisticRegression,robust,none,on,0.40868520167734507,0.20638224151876877,840,0.4550466375675794,0.6938019652305366,0.10784432736068307,840,0.6984126984126984,0.5475187832269491,0.1788451104797462,840,0.5773809523809523,0.7441269841269842,0.08494019965586892,840,0.7333333333333333,0.6080998374485769,0.21941831439218512,840,0.5833333333333334,0.5679894179894179,0.2529270939214494,840,0.5555555555555556
STRICT,config_strat80,LogisticRegression,maxabs,smote,off,0.40863103528062006,0.16097671583156253,480,0.408248290463863,0.7057208994708994,0.08397565802360117,480,0.7063492063492063,0.5649734267437783,0.17558257756545165,480,0.5925925925925926,0.7215277777777778,0.08170350051523619,480,0.7333333333333333,0.5407580823602495,0.20091470259266186,480,0.5358974358974359,0.6662037037037037,0.249021470442253,480,0.6666666666666666
IMPUTED,config_kfold,RandomForestClassifier,standard,none,off,0.4085005878195551,0.05283386375615612,2016,0.4094802876448716,0.6824721573045849,0.03412547966062376,2016,0.6825,0.5168067924507997,0.06503198155313294,2016,0.5232181054239877,0.7767547123015873,0.016642341590487122,2016,0.775,0.6461990065710304,0.06518719119624844,2016,0.6430952380952382,0.47144069664902993,0.10218255010207254,2016,0.4583333333333333
IMPUTED,config_kfold,RandomForestClassifier,maxabs,none,off,0.4084752920159341,0.052529686662284615,2016,0.4099282746164882,0.6824527517235851,0.03407966155606082,2016,0.6823484848484849,0.5168081015778524,0.06493369688373907,2016,0.5230088702147526,0.7767361111111112,0.0166477870735784,2016,0.775,0.6461258186258186,0.06418915049674814,2016,0.6444444444444445,0.4714478615520282,0.1022703502127098,2016,0.4599999999999999
IMPUTED,config_loo,GaussianNB,maxabs,undersample,on,0.4083809082367725,0.05213595813468487,33,0.3991102440118441,0.7228911370760901,0.030061278575615948,33,0.7182601880877744,0.5887726990955323,0.035224612159419126,33,0.5811965811965812,0.7255681818181818,0.02172738342140878,33,0.71875,0.5014286913504268,0.02828317199741149,33,0.4925373134328358,0.7169421487603306,0.07121358652733095,33,0.7272727272727273
STRICT,config_strat80,RandomForestClassifier,standard,smote,off,0.40833442079376403,0.1051868486806002,5760,0.4075500715665535,0.6979965828924162,0.052662926949884975,5760,0.7063492063492063,0.5739656589698205,0.07618634070149492,5760,0.5882352941176471,0.7443402777777777,0.05467467290110146,5760,0.7333333333333333,0.6028922652896305,0.11888467875265635,5760,0.5714285714285714,0.5821373456790123,0.1370390217735203,5760,0.5555555555555556
STRICT,config_strat80,LogisticRegression,maxabs,smoteenn,on,0.40829833556419937,0.17688873703340313,3360,0.4256887899825743,0.7092734315948601,0.09891654518972329,3360,0.7222222222222222,0.5809403947528464,0.16260833981799394,3360,0.6086956521739131,0.6905753968253969,0.1167766940441503,3360,0.7,0.51277047584608,0.17747626496234045,3360,0.5,0.7560185185185185,0.24086668223936838,3360,0.7777777777777778
STRICT,config_strat80,RandomForestClassifier,maxabs,smote,off,0.4082282061398024,0.11847931009056041,5760,0.4075500715665535,0.6994047619047619,0.05982204233074897,5760,0.7063492063492063,0.5760487770165331,0.08359639728460622,5760,0.5882352941176471,0.7418981481481481,0.059756023907261833,5760,0.7333333333333333,0.5960064990893729,0.1222748507132653,5760,0.5714285714285714,0.5931712962962963,0.14756545979194655,5760,0.5555555555555556
IMPUTED,config_random80,QuadraticDiscriminantAnalysis,standard,undersample,on,0.40819001788665105,0.1407039627272624,840,0.4040950971038548,0.7261287366262577,0.07497011791293659,840,0.72,0.563897425500923,0.09527959175042343,840,0.56,0.717485119047619,0.07783298980210937,840,0.6875,0.48826297149743636,0.15691988324234493,840,0.4545454545454545,0.7336472323972324,0.15374826465800118,840,0.75
IMPUTED,config_random80,GaussianNB,standard,undersample,on,0.40817044057964075,0.1332399282045957,840,0.4036696054042186,0.7289823877858366,0.08211301254247011,840,0.7233603238866397,0.5623939406330317,0.09557003141883336,840,0.5714285714285714,0.7316964285714286,0.06118084711718051,840,0.71875,0.48511026754586023,0.11115240049035563,840,0.4615384615384615,0.7125431711145997,0.17520412963929644,840,0.7
IMPUTED,config_kfold,LinearDiscriminantAnalysis_svd,robust,smoteenn,off,0.40800463228928424,0.04002018904385887,160,0.40898066306640735,0.7225519049187528,0.021929169802690357,160,0.7254830917874396,0.5855236748033377,0.02559422668712219,160,0.5892692898888552,0.7008593750000001,0.02584544787206344,160,0.70625,0.4833072525062656,0.028919846367169624,160,0.48136724386724383,0.7705138888888888,0.05228996119647374,160,0.7722222222222223
IMPUTED,config_strat80,GaussianNB,robust,smoteenn,on,0.40795005618237706,0.15602346712756238,1680,0.4252964776724258,0.7066683919944791,0.07817518795555572,1680,0.7149758454106281,0.5756539543100624,0.10814917869962365,1680,0.5882352941176471,0.7364955357142857,0.07940440738123504,1680,0.75,0.5564370956976828,0.14582566787485451,1680,0.5384615384615384,0.6384920634920636,0.16605292709136912,1680,0.6666666666666666
STRICT,config_random80,GaussianNB,standard,undersample,on,0.40792084622973884,0.16278169522440436,798,0.4276686017238498,0.7242396193033656,0.08446257729437331,798,0.7272727272727273,0.5734551592991551,0.12100092545311436,798,0.6,0.7107769423558897,0.09829571309772904,798,0.7333333333333333,0.4878373456776702,0.13275014337896107,798,0.5,0.7427377968731352,0.14259223898049453,798,0.75
STRICT,config_kfold,GaussianNB,maxabs,undersample,on,0.40788307877305896,0.05901719732278489,1512,0.40812540598344826,0.7164000979179551,0.032535902856718125,1512,0.7159090909090909,0.5870387332636767,0.03963168180990761,1512,0.5895906432748538,0.7171536737300285,0.024386390353085628,1512,0.7166666666666667,0.5151838588186811,0.03491050151522975,1512,0.5176984126984128,0.7151256613756614,0.07750050985667624,1512,0.72
IMPUTED,config_random80,GaussianNB,none,smoteenn,off,0.4077458710139144,0.11870513648413616,240,0.41884187784804183,0.7241641038002594,0.07051797654018253,240,0.7218707827260459,0.5630290776110789,0.08762160073074399,240,0.5773809523809523,0.730078125,0.06918552910755446,240,0.734375,0.48917705896614566,0.11620523264273144,240,0.46862745098039216,0.7105059523809524,0.17435765340496814,240,0.6666666666666666
STRICT,config_strat80,LinearDiscriminantAnalysis_svd,robust,none,on,0.40754214630280583,0.1786787336729061,140,0.4000661320993193,0.6744897959183673,0.08666332502791457,140,0.6626984126984127,0.5060402864372346,0.18497626856644536,140,0.5,0.7690476190476191,0.05747732422482525,140,0.7666666666666667,0.6742568542568542,0.24928728390148067,140,0.75,0.43809523809523804,0.2002624747926949,140,0.4444444444444444
IMPUTED,config_loo,SVC_linear,robust,none,off,0.40720107875160705,0.03457107755379319,9,0.3952185525656382,0.6656652734238941,0.0194782896854704,9,0.6657523510971787,0.5045389665107974,0.03820736869827873,9,0.5070422535211268,0.7868055555555555,0.010099333036284033,9,0.78125,0.6978001422445866,0.024911926056816185,9,0.7037037037037037,0.39646464646464646,0.04268722602115397,9,0.4090909090909091
STRICT,config_loo,SVC_linear,none,none,off,0.4070894692512272,0.0509505133902891,9,0.4312506113514505,0.6592542677448338,0.024324963323048024,9,0.6668912848158131,0.4925670542311739,0.05067187662026298,9,0.5079365079365079,0.7830330330330331,0.01489724837311143,9,0.7905405405405406,0.7289806059492423,0.04200019371196475,9,0.7391304347826086,0.37301587301587297,0.04761904761904759,9,0.3809523809523809
IMPUTED,config_strat80,GaussianNB,robust,none,on,0.40690276160931904,0.2091923237984685,420,0.4127594582445936,0.6757418909592823,0.10175060433397896,420,0.6739130434782609,0.49595683887590125,0.21128887882012554,420,0.5298245614035088,0.7790178571428571,0.06505547460304012,420,0.78125,0.6719295783581497,0.26781318164930296,420,0.6666666666666666,0.4396825396825397,0.22598436804600924,420,0.4444444444444444
STRICT,config_kfold,KNeighborsClassifier,none,undersample,off,0.4066969979943931,0.05092644679662232,1280,0.40993512701128787,0.7141571406024532,0.027075883350407004,1280,0.7158549783549784,0.586472475053907,0.03492270236840188,1280,0.5882594856124268,0.7226271808292283,0.02498527923402289,1280,0.7233908045977011,0.5247374377025837,0.038293236513760376,1280,0.5245912420912421,0.6951336805555555,0.05725589661471054,1280,0.6900000000000001
IMPUTED,config_loo,RandomForestClassifier,robust,none,off,0.40660635206917617,0.03820547375753801,87,0.4107167305182996,0.6813272439015602,0.03160797761471663,87,0.677115987460815,0.5302208495520043,0.05661286612534027,87,0.5277777777777778,0.7780890804597701,0.013339320319509306,87,0.78125,0.6435825386177021,0.05209355518769035,87,0.6521739130434783,0.4663009404388715,0.10186741797911752,87,0.4318181818181818
STRICT,config_random80,RandomForestClassifier,none,smote,off,0.40641027258819834,0.14551783926253017,5472,0.3853551092995474,0.7149465623689141,0.07431533999281324,5472,0.7142857142857142,0.5618872798794164,0.11077149320153451,5472,0.5555555555555556,0.745400828460039,0.07096630873370711,5472,0.7333333333333333,0.5320303914328037,0.14321518980259496,5472,0.5454545454545454,0.6380718143738977,0.14411059417084715,5472,0.625
STRICT,config_loo,KNeighborsClassifier,maxabs,undersample,on,0.4063733289191863,0.047322752431160124,447,0.412088906098251,0.7199428756349106,0.026740890225090946,447,0.7228212039532794,0.5929096798213356,0.03165757138153654,447,0.5961538461538461,0.7210532680331339,0.02606477953583767,447,0.722972972972973,0.5082820903607768,0.03173571503370708,447,0.5081967213114754,0.7173750932140194,0.07021238696909175,447,0.7142857142857143
STRICT,config_random80,LogisticRegression,maxabs,smoteenn,on,0.40624084942313365,0.18760836250260463,3360,0.3900947488027469,0.7211265101501902,0.1064761134686256,3360,0.7215909090909092,0.5488257041873094,0.17756219277120328,3360,0.5714285714285714,0.6733134920634921,0.1408710842209833,3360,0.7,0.45112106957618947,0.18264171718139158,3360,0.4615384615384615,0.812775888133031,0.25216175176664124,3360,0.875
STRICT,config_strat80,RandomForestClassifier,robust,smote,off,0.4061733082687781,0.1067769504701207,5760,0.4075500715665535,0.6985477292768959,0.052007353402745676,5760,0.7063492063492063,0.5760423879155968,0.07395772313008343,5760,0.5882352941176471,0.7405902777777779,0.05664876133910476,5760,0.7333333333333333,0.594292561134626,0.1207012901492385,5760,0.5714285714285714,0.5934413580246913,0.13529147554366602,5760,0.5555555555555556
STRICT,config_kfold,KNeighborsClassifier,maxabs,undersample,on,0.4059908254870443,0.0560898794296162,8960,0.4079467689983962,0.71455355854463,0.029298773144667545,8960,0.716125541125541,0.5867797385189053,0.03806928779988102,8960,0.5882106782106782,0.7176702366291344,0.031992120871263026,8960,0.7172413793103448,0.51951960623041,0.04644355204841519,8960,0.5173809523809524,0.7078933531746031,0.06517296290256891,8960,0.71
IMPUTED,config_random80,KNeighborsClassifier,maxabs,undersample,off,0.40589696756174476,0.15693175558969238,640,0.4118415294481012,0.7258844405360245,0.08760650761299785,640,0.728744939271255,0.5673507376143564,0.11599926325541637,640,0.5882352941176471,0.72587890625,0.08152278443609137,640,0.71875,0.4843246278333594,0.13188465412386294,640,0.5,0.7219781173687424,0.14762887431011096,640,0.7
STRICT,config_strat80,LogisticRegression,maxabs,undersample,on,0.40586433105844044,0.18812800522533085,1680,0.4550466375675794,0.7075491307634165,0.10185951754325961,1680,0.7301587301587302,0.5606236172090858,0.19167659838814557,1680,0.625,0.7301984126984127,0.07426939035776378,1680,0.7333333333333333,0.5352392808327682,0.1957885099838859,1680,0.5384615384615384,0.650925925925926,0.26167379511111855,1680,0.6666666666666666
STRICT,config_loo,GaussianNB,maxabs,undersample,off,0.4057891363515058,0.0,3,0.4057891363515058,0.7203504043126685,0.0,3,0.7203504043126685,0.594059405940594,0.0,3,0.594059405940594,0.7229729729729731,0.0,3,0.722972972972973,0.5084745762711864,0.0,3,0.5084745762711864,0.7142857142857143,0.0,3,0.7142857142857143
STRICT,config_loo,GaussianNB,standard,smoteenn,on,0.40559090714229284,0.03702604699610568,78,0.4153395167798761,0.7153195337157602,0.021750692918635954,78,0.7124887690925428,0.588214427068937,0.025409550135091018,78,0.5897435897435898,0.7334546084546084,0.019560143153023395,78,0.7297297297297297,0.5270046810619683,0.03420012596490086,78,0.5180645161290323,0.6733821733821734,0.07146952401544943,78,0.6666666666666666
IMPUTED,config_loo,RandomForestClassifier,maxabs,none,off,0.4053613275063429,0.03908008960042077,29,0.4107167305182996,0.6813182358663927,0.03236088416485351,29,0.6814263322884012,0.5301062915601571,0.05811605897188296,29,0.5352112676056338,0.7773706896551724,0.013301721943051056,29,0.78125,0.6406282120103393,0.052037152590885746,29,0.6428571428571429,0.46786833855799376,0.10424102368555453,29,0.4318181818181818
STRICT,config_random80,LinearDiscriminantAnalysis_svd,robust,smoteenn,off,0.4048400862396571,0.15011136528870972,80,0.37922818146093284,0.726460824803216,0.08234867783952542,80,0.7318618881118881,0.5704731454662805,0.1104237021964289,80,0.5714285714285714,0.7,0.093682289190737,80,0.7,0.4743489782276547,0.12318814753584298,80,0.5,0.7688293650793651,0.14624910524580728,80,0.75
STRICT,config_kfold,KNeighborsClassifier,maxabs,undersample,off,0.4046767633250278,0.054517987245872424,1280,0.4087386970670477,0.7122384052579365,0.02903286510856577,1280,0.7168650793650793,0.5836484787774147,0.03932430704122952,1280,0.5891666666666666,0.7241082461001642,0.027666688329213564,1280,0.7233908045977011,0.5276271759501249,0.044934004221809765,1280,0.5240277777777778,0.6852595486111112,0.0705365222732175,1280,0.6888888888888889
STRICT,config_random80,LinearDiscriminantAnalysis_svd,robust,undersample,on,0.4042150885769472,0.18255350696017206,280,0.4057731024825677,0.724059472273758,0.0991900724739481,280,0.7215909090909092,0.5682225432213606,0.1288145016796274,280,0.5833333333333334,0.7050000000000001,0.10797915635846257,280,0.7,0.484194375517352,0.14579799157315915,280,0.5,0.7480045351473923,0.1786993652873124,280,0.75
STRICT,config_random80,SVC_linear,robust,smoteenn,on,0.40419657212233406,0.18547056571839757,3192,0.4129842690630074,0.7225064926356198,0.09956802034869165,3192,0.7307692307692308,0.566332005541761,0.13998148480501768,3192,0.5833333333333334,0.7035818713450293,0.107939210348377,3192,0.7,0.48201159332012644,0.14959461777865524,3192,0.5,0.7494897959183674,0.18841040176101512,3192,0.75
STRICT,config_random80,SVC_linear,standard,none,on,0.40345256088932324,0.17169834569279888,798,0.4000661320993193,0.6697272496430717,0.08262775468261115,798,0.6746031746031746,0.47624672041965277,0.16145165418193277,798,0.4615384615384615,0.7786549707602339,0.06607623002834428,798,0.8,0.6906715951828734,0.23889686273293737,798,0.7142857142857143,0.423307276126825,0.1964478862790055,798,0.375
IMPUTED,config_loo,RandomForestClassifier,none,none,off,0.40343904503681477,0.038073049003414586,87,0.4005978380521724,0.6795481569560048,0.032000097941423195,87,0.677115987460815,0.5269194241713068,0.058019157239273526,87,0.5277777777777778,0.7771551724137931,0.013062475179642047,87,0.78125,0.6420750308581127,0.050803197025706945,87,0.6538461538461539,0.46264367816091956,0.1035698232460457,87,0.4318181818181818
STRICT,config_strat80,SVC_linear,maxabs,smoteenn,off,0.403412081312097,0.19461394785135055,480,0.4550466375675794,0.7087632275132275,0.10327052549955414,480,0.7380952380952381,0.5736414329266412,0.18962359827137895,480,0.631578947368421,0.7081944444444445,0.11974022437353318,480,0.7333333333333333,0.5081001173424208,0.19236885936853731,480,0.5333333333333333,0.7101851851851851,0.2513073969970324,480,0.7777777777777778
IMPUTED,config_loo,SVC_linear,robust,undersample,on,0.403387736131895,0.10120492774099643,106,0.4383748496286356,0.717790707990773,0.05505167928485853,106,0.7364811912225705,0.5837038992540199,0.0693210035934956,106,0.6071428571428571,0.7284787735849056,0.047677302150880375,106,0.7375,0.5078356339604598,0.06418497766639486,106,0.515625,0.6940394511149227,0.10193786103222366,106,0.7045454545454546
STRICT,config_strat80,SVC_linear,maxabs,smote,off,0.40265900665197585,0.21302347451028736,480,0.4550466375675794,0.7038029100529101,0.1098138805960028,480,0.7301587301587302,0.5639490215016812,0.19268843225526816,480,0.625,0.7218055555555555,0.11434555208255344,480,0.7333333333333333,0.5342288493729538,0.2101899739156696,480,0.5454545454545454,0.6587962962962963,0.26181662222923174,480,0.6666666666666666
STRICT,config_loo,QuadraticDiscriminantAnalysis,standard,undersample,on,0.40265745986185875,0.030938168006739805,84,0.4112750326640541,0.7182807085098191,0.01583303415337592,84,0.7213611859838275,0.5916513636787409,0.018663886521825046,84,0.595949263502455,0.7192728442728443,0.022210040181236717,84,0.722972972972973,0.505967156910699,0.028317689972163735,84,0.5079365079365079,0.7159863945578232,0.042267524742602196,84,0.7142857142857143
STRICT,config_random80,LinearDiscriminantAnalysis_svd,none,smoteenn,off,0.40264000533004535,0.13230411540208226,80,0.3922322702763681,0.7284350635777266,0.07769271803285827,80,0.7215909090909092,0.5689822290506938,0.09478932526347572,80,0.5833333333333334,0.70125,0.0769392969483643,80,0.7,0.4675411271734801,0.10525453182754496,80,0.5,0.7719196428571429,0.14396100660855235,80,0.75
IMPUTED,config_random80,SVC_linear,maxabs,smote,off,0.40250352005256496,0.2534299672246943,480,0.450110476551931,0.7184624356762753,0.14241250499350594,480,0.737790686303272,0.5429005690647551,0.21515264966546807,480,0.6086956521739131,0.745703125,0.1087504068124035,480,0.75,0.4845936888511385,0.21160428392102323,480,0.5,0.6601910358160358,0.276958351672369,480,0.7
STRICT,config_random80,SVC_linear,none,undersample,off,0.4024683106283078,0.1814385797530523,228,0.3922322702763681,0.716001121621831,0.10030493525656793,228,0.7115384615384616,0.5534430873490167,0.1416097283028179,228,0.5454545454545454,0.6837719298245615,0.1307188702379979,228,0.6833333333333333,0.48836947227189476,0.18192073243262516,228,0.4545454545454545,0.7682644110275689,0.23576730317143232,228,0.75
STRICT,config_random80,SVC_linear,maxabs,smoteenn,off,0.40179758650815023,0.20420427475893477,456,0.408248290463863,0.7192776505848588,0.11270774325522488,456,0.7386363636363636,0.5510579978981284,0.18613189567129282,456,0.5714285714285714,0.6882309941520467,0.1493179912788366,456,0.7333333333333333,0.4624098755233639,0.19008529024177384,456,0.4615384615384615,0.7724832915622389,0.2503301076247219,456,0.8571428571428571
STRICT,config_kfold,RandomForestClassifier,maxabs,smoteenn,off,0.4014463051082065,0.04853925398421418,10368,0.3994279349524853,0.7083545183704327,0.025060963728460093,10368,0.7077272727272728,0.5796404369054827,0.032022448070034314,10368,0.578562091503268,0.7157358564434714,0.030664038392595905,10368,0.7161904761904763,0.5289347775534539,0.04993688366450124,10368,0.5221816418875243,0.6912449631344307,0.06142364884786575,10368,0.6888888888888889
IMPUTED,config_loo,RandomForestClassifier,standard,none,off,0.40141571999944936,0.03583728239844525,29,0.4001282211134743,0.6783861204194142,0.03234168889495582,29,0.677115987460815,0.5246100035918992,0.058707890774726115,29,0.5277777777777778,0.7762931034482758,0.012762785775014662,29,0.78125,0.6413255238745267,0.0518154174887098,29,0.6551724137931034,0.46081504702194354,0.10761593370402248,29,0.4318181818181818
STRICT,config_kfold,SVC_linear,standard,none,off,0.4013681954590551,0.0567453684091338,225,0.4033620632874477,0.6623418791085458,0.028616595245748024,225,0.6627272727272727,0.4799428353475825,0.0599562211758499,225,0.4792857142857142,0.7777973362525087,0.016123466368317435,225,0.7774712643678161,0.7115218213884881,0.07059868420658195,225,0.7166666666666666,0.39527654320987654,0.06195285471334682,225,0.4
IMPUTED,config_random80,KNeighborsClassifier,standard,smoteenn,off,0.40136710282032684,0.15584592576414416,1280,0.4330127018922193,0.7244759801873111,0.08273551510190551,1280,0.7485714285714286,0.5596247378377881,0.12726772573866524,1280,0.5714285714285714,0.6931640625,0.08663440635816287,1280,0.6875,0.45287325161938163,0.14226251471085868,1280,0.45,0.7880016121031745,0.16152188095183165,1280,0.8
STRICT,config_strat80,KNeighborsClassifier,none,smote,off,0.40129742601162255,0.10902413192626934,1280,0.4075500715665535,0.7099454365079365,0.05552282987236462,1280,0.7142857142857142,0.596191477735911,0.06550022598013304,1280,0.6,0.7106250000000001,0.06654895785176704,1280,0.7,0.5293879133039894,0.09093007511419766,1280,0.5,0.7082465277777777,0.12039845825580184,1280,0.6666666666666666
STRICT,config_kfold,SVC_linear,robust,none,off,0.40121154791955393,0.05686788201776865,225,0.4065831260993005,0.6630116883116883,0.02896084080861549,225,0.665494227994228,0.481584782919561,0.058960919307218425,225,0.4843062200956938,0.7768999817551542,0.01706090615068611,225,0.7770114942528735,0.7090530062530062,0.07414079494868246,225,0.7150000000000001,0.3993851851851852,0.062383195969185574,225,0.4027777777777778
IMPUTED,config_loo,GaussianNB,standard,undersample,on,0.40102755421777747,0.02196207602076022,39,0.4008020875091258,0.7216964070412347,0.011208779037518586,39,0.7210031347962382,0.5864914205392924,0.01338146326272533,39,0.5849056603773585,0.7081730769230768,0.020386572742325703,39,0.7125,0.482084019422242,0.022706878886619906,39,0.4861111111111111,0.7517482517482517,0.03551055851129991,39,0.7272727272727273
IMPUTED,config_loo,GaussianNB,standard,smote,on,0.4010199798111311,0.0345120758448286,66,0.4001282211134743,0.7158556568823027,0.02019555156381849,66,0.713166144200627,0.582056249038656,0.02342113519738384,66,0.58,0.7321022727272728,0.01680224213934233,66,0.734375,0.5109529328559201,0.02314885452975906,66,0.513166144200627,0.6797520661157024,0.055631277580622474,66,0.6590909090909091
STRICT,config_strat80,RandomForestClassifier,none,undersample,off,0.4008734208500873,0.09021764290821178,2880,0.4075500715665535,0.7054673721340388,0.04525592180815084,2880,0.7063492063492063,0.5885622638902769,0.05722359306774935,2880,0.5882352941176471,0.7238888888888889,0.055872738950378635,2880,0.7333333333333333,0.5507181936642076,0.0879098327296552,2880,0.5454545454545454,0.6594135802469135,0.12180289827411797,2880,0.6666666666666666
STRICT,config_strat80,RandomForestClassifier,robust,undersample,off,0.400722053190588,0.08799934082102435,2880,0.4075500715665535,0.7057705026455026,0.04468432987877528,2880,0.7063492063492063,0.5887744504568484,0.056441011546728516,2880,0.5882352941176471,0.7238194444444445,0.05452539056441139,2880,0.7333333333333333,0.5493572995428968,0.0835220605864321,2880,0.5454545454545454,0.6606481481481482,0.12116438872201117,2880,0.6666666666666666
STRICT,config_kfold,SVC_linear,maxabs,smoteenn,on,0.4006507814762689,0.15003320988717975,6272,0.44966790864083445,0.7131924635384457,0.08277761051662448,6272,0.7405681818181817,0.5617255527371123,0.16447498187049214,6272,0.6153359116517012,0.6969279996481351,0.08972408025283654,6272,0.7223809523809523,0.4702193340227382,0.139683940496596,6272,0.5179289973311711,0.7510051729024942,0.22332870008954037,6272,0.8083333333333332
STRICT,config_strat80,KNeighborsClassifier,none,none,off,0.400511674665338,0.12288939537518753,320,0.4000661320993193,0.6857638888888888,0.06361197361733904,320,0.6865079365079365,0.5471027305523031,0.11024750616129643,320,0.5634920634920635,0.750625,0.05211939712764145,320,0.7666666666666667,0.6314557317682318,0.151558655997572,320,0.6,0.523611111111111,0.1619320536987457,320,0.5555555555555556
IMPUTED,config_random80,GaussianNB,maxabs,undersample,on,0.40050962563549586,0.14627077555097218,840,0.4107200484084535,0.72382881558376,0.0853421108525591,840,0.7289558029689609,0.5577735214761059,0.10658233065901539,840,0.56,0.7212053571428572,0.07237933488137287,840,0.71875,0.47985328127079563,0.1313727549229913,840,0.4666666666666667,0.7173526077097506,0.1713119133584991,840,0.6666666666666666
IMPUTED,config_strat80,QuadraticDiscriminantAnalysis,robust,undersample,off,0.40038525255201507,0.13063675175396547,120,0.3768673314407159,0.7151771336553946,0.07143931612613014,120,0.7028985507246377,0.5843144360425623,0.0876823673587415,120,0.5714285714285714,0.7161458333333334,0.06639434159578941,120,0.71875,0.5046057906661622,0.08225223533355036,120,0.5,0.712962962962963,0.14156311246704287,120,0.7222222222222222
IMPUTED,config_random80,KNeighborsClassifier,standard,smoteenn,on,0.40034146434511564,0.1553352079305023,8960,0.4204034376920114,0.7246578232322616,0.0850813199361762,8960,0.7333333333333334,0.5613291997495468,0.12303573565291025,8960,0.5833333333333334,0.7044573102678572,0.08157994533851515,8960,0.6875,0.4585006023116061,0.13388040606335627,8960,0.45,0.7675197390654981,0.16169177418382116,8960,0.8
STRICT,config_strat80,RandomForestClassifier,standard,undersample,off,0.4002274461262925,0.08986664563903113,2880,0.4075500715665535,0.7053295855379188,0.04550325526910813,2880,0.7063492063492063,0.5882122739625749,0.05778243290546732,2880,0.5882352941176471,0.7234490740740741,0.05558174964282066,2880,0.7333333333333333,0.5494882225414668,0.08581616951986566,2880,0.5454545454545454,0.6600308641975309,0.12295920506223401,2880,0.6666666666666666
STRICT,config_kfold,GaussianNB,standard,smoteenn,on,0.40004406525954334,0.06126469885999353,3024,0.4053539033599804,0.7037957666231476,0.03499970219370225,3024,0.7043055555555555,0.5644644123545073,0.05078336146758551,3024,0.566074841836048,0.7345496129486278,0.02761464312373998,3024,0.7366666666666666,0.5456815435589577,0.05084504562619369,3024,0.5407142857142857,0.6330974426807761,0.10208493248510045,3024,0.635
STRICT,config_strat80,LogisticRegression,none,none,off,0.3997447833830448,0.12005226272113023,120,0.4256887899825743,0.685978835978836,0.06110226133182163,120,0.6825396825396826,0.5505201126366491,0.09077867238613932,120,0.5555555555555556,0.7388888888888889,0.05867082575869353,120,0.7333333333333333,0.6268627450980392,0.17823119709297544,120,0.5634920634920635,0.5537037037037037,0.18047862806136983,120,0.5555555555555556
STRICT,config_loo,LinearDiscriminantAnalysis_svd,maxabs,smoteenn,off,0.3993033931220429,0.022522418338487282,8,0.3988600059470865,0.7187219227313567,0.012938334068972178,8,0.718104222821204,0.5908046161759033,0.014203206029114918,8,0.5909090909090908,0.7077702702702703,0.015638853036698524,8,0.7060810810810811,0.49126733101189046,0.017993483809765558,8,0.4886198547215497,0.7440476190476191,0.048877917902040484,8,0.7380952380952381
IMPUTED,config_random80,SVC_linear,maxabs,smote,on,0.3991580292999877,0.25259651866669397,3360,0.4475323507759939,0.7178192557892862,0.14290740945548125,3360,0.7388663967611335,0.5405548253524015,0.21373172609113392,3360,0.6086956521739131,0.742578125,0.10775312751465527,3360,0.75,0.47952341040237706,0.20703395795004478,3360,0.5,0.664926049479621,0.28044815489314556,3360,0.7
IMPUTED,config_kfold,GaussianNB,maxabs,undersample,on,0.39911182829134795,0.059861888306589825,1176,0.3975207282356693,0.7136499365886012,0.0335794378423434,1176,0.7099033816425121,0.5731359483913959,0.04132860714290115,1176,0.571101121101121,0.7165497448979592,0.027461442445936148,1176,0.71875,0.5015242779552188,0.04014822400908582,1176,0.5055357142857143,0.7067913832199546,0.07923495621234106,1176,0.7038888888888888
IMPUTED,config_loo,RandomForestClassifier,none,smoteenn,off,0.39907959632003925,0.033600760762711575,230,0.3963896244052417,0.7176655990186724,0.016668378234901467,230,0.7174764890282131,0.5836716414828391,0.020764056239467768,230,0.5829288025889967,0.7182336956521739,0.029371574973322736,230,0.715625,0.4954863129147082,0.03569822319486391,230,0.4888888888888888,0.716403162055336,0.04728812942728872,230,0.7272727272727273
STRICT,config_kfold,KNeighborsClassifier,none,smote,off,0.39906927170745105,0.04368685050522272,2560,0.4019690276214233,0.7104912785781926,0.022088568590388595,2560,0.7124278499278499,0.5817076605090097,0.028212589320796417,2560,0.5844691256455963,0.7193252193657635,0.024769910339791285,2560,0.7204761904761905,0.5199813282111954,0.037062643864431845,2560,0.5187956487956489,0.6899876302083333,0.04274827422573256,2560,0.6900000000000001
IMPUTED,config_strat80,QuadraticDiscriminantAnalysis,robust,undersample,on,0.39884168891693883,0.14901306237655085,840,0.3816425120772946,0.712065792500575,0.07999082097807186,840,0.7028985507246377,0.5788504225893784,0.1071300609815107,840,0.5714285714285714,0.7244047619047619,0.06751773157783392,840,0.71875,0.5147009705202983,0.09923804253354662,840,0.5,0.6838624338624338,0.16192572598131086,840,0.6666666666666666
IMPUTED,config_kfold,LinearDiscriminantAnalysis_svd,robust,none,on,0.3986666160898597,0.09627939018634618,280,0.42778473326465044,0.6704284381077859,0.04779646545013369,280,0.6858333333333333,0.488495812728232,0.10572055323483576,280,0.5267654713707345,0.7833928571428571,0.023111602829658216,280,0.7875,0.6604946918161204,0.10294308100387242,280,0.6913888888888888,0.4191349206349206,0.10612177613732746,280,0.45
STRICT,config_strat80,RandomForestClassifier,maxabs,undersample,off,0.39860539465933365,0.0897149010821194,2880,0.4075500715665535,0.7045469576719576,0.04530159417012794,2880,0.7063492063492063,0.5873337836581244,0.05714410518135226,2880,0.5882352941176471,0.7226620370370369,0.055519453941011446,2880,0.7333333333333333,0.5483279276801916,0.08566753219776922,2880,0.5454545454545454,0.6592592592592593,0.1218640043346194,2880,0.6666666666666666
STRICT,config_kfold,GaussianNB,maxabs,none,off,0.39854351428915136,0.03319788015617616,108,0.4026026874452868,0.6959830447330447,0.017795656240740608,108,0.6962157287157287,0.5605305833860597,0.027974428405590866,108,0.5630685739381391,0.7463218390804598,0.012285433831027795,108,0.7470114942528736,0.5790304602804602,0.031193399151325945,108,0.5796212121212121,0.5784259259259259,0.03648460891163694,108,0.5774999999999999
STRICT,config_kfold,GaussianNB,none,none,off,0.39854351428915136,0.03319788015617616,108,0.4026026874452868,0.6959830447330447,0.017795656240740608,108,0.6962157287157287,0.5605305833860597,0.027974428405590866,108,0.5630685739381391,0.7463218390804598,0.012285433831027795,108,0.7470114942528736,0.5790304602804602,0.031193399151325945,108,0.5796212121212121,0.5784259259259259,0.03648460891163694,108,0.5774999999999999
STRICT,config_kfold,GaussianNB,robust,none,off,0.39854351428915136,0.03319788015617616,108,0.4026026874452868,0.6959830447330447,0.017795656240740608,108,0.6962157287157287,0.5605305833860597,0.027974428405590866,108,0.5630685739381391,0.7463218390804598,0.012285433831027795,108,0.7470114942528736,0.5790304602804602,0.031193399151325945,108,0.5796212121212121,0.5784259259259259,0.03648460891163694,108,0.5774999999999999
STRICT,config_kfold,GaussianNB,standard,none,off,0.39854351428915136,0.03319788015617616,108,0.4026026874452868,0.6959830447330447,0.017795656240740608,108,0.6962157287157287,0.5605305833860597,0.027974428405590866,108,0.5630685739381391,0.7463218390804598,0.012285433831027795,108,0.7470114942528736,0.5790304602804602,0.031193399151325945,108,0.5796212121212121,0.5784259259259259,0.03648460891163694,108,0.5774999999999999
STRICT,config_kfold,RandomForestClassifier,robust,smoteenn,off,0.3984260368321964,0.05155247355445581,10368,0.3966408878044443,0.701143216083899,0.0267512919860624,10368,0.7009054834054834,0.5686009221594621,0.03712197844935816,10368,0.5696890645586298,0.7274343755701514,0.029388043605112237,10368,0.7289655172413794,0.5525325657470275,0.059457754326997014,10368,0.5444444444444445,0.6410196973593965,0.07245239738290307,10368,0.6416666666666666
IMPUTED,config_strat80,LogisticRegression,maxabs,smoteenn,off,0.3983980232939281,0.19796501714432643,480,0.41676959093402977,0.711111111111111,0.10909297524700803,480,0.7234299516908212,0.5800104533092493,0.1394061877873926,480,0.5925925925925926,0.6515625,0.1483396934942592,480,0.65625,0.4614109119468728,0.150356727752694,480,0.45,0.8472222222222222,0.2058764508591908,480,0.8888888888888888
STRICT,config_strat80,GaussianNB,none,smoteenn,off,0.39819106544107774,0.1330534887348637,240,0.4075500715665535,0.7032738095238095,0.06509273262006966,240,0.7063492063492063,0.5892832858239709,0.08301233380517442,240,0.5882352941176471,0.72125,0.07820221080032573,240,0.7333333333333333,0.5542010930246224,0.11901557740995736,240,0.5454545454545454,0.6583333333333333,0.11514078191098623,240,0.6666666666666666
IMPUTED,config_strat80,QuadraticDiscriminantAnalysis,standard,smoteenn,off,0.39814819821409064,0.16133359249379595,240,0.4116833908670255,0.6910628019323671,0.08495105760228518,240,0.6908212560386473,0.5426786538394999,0.13942815992011096,240,0.5555555555555556,0.7479166666666667,0.07091993639283481,240,0.75,0.5954795290708603,0.17122961766770245,240,0.5454545454545454,0.5611111111111111,0.20723521221918875,240,0.5555555555555556
STRICT,config_strat80,GaussianNB,robust,smoteenn,off,0.397959821258598,0.14002827010154617,240,0.4075500715665535,0.6988095238095238,0.06764689846974707,240,0.7063492063492063,0.5807160088905277,0.08924694592222397,240,0.5882352941176471,0.725,0.07680873381301222,240,0.7333333333333333,0.5687678293928293,0.13811801474519267,240,0.5419580419580419,0.6333333333333333,0.14345583080269295,240,0.6666666666666666
STRICT,config_strat80,KNeighborsClassifier,none,smoteenn,off,0.3977616697089794,0.10812956118149741,1280,0.4075500715665535,0.710639880952381,0.05632276121305746,1280,0.7142857142857142,0.5989300087099594,0.0605240743859611,1280,0.6,0.6848958333333333,0.07515187472160974,1280,0.7,0.4993299908258101,0.0819270136322782,1280,0.5,0.775,0.11638097904352832,1280,0.7777777777777778
IMPUTED,config_random80,GaussianNB,robust,smoteenn,off,0.397683908356126,0.15354002910045866,240,0.4117980140314096,0.713914111335736,0.08116496197118216,240,0.7291666666666667,0.5534427350236847,0.11490768157785534,240,0.5577777777777778,0.73828125,0.07198690578935538,240,0.75,0.503551187696892,0.15576884328256313,240,0.5,0.6602350427350427,0.168708260164197,240,0.625
IMPUTED,config_random80,QuadraticDiscriminantAnalysis,robust,undersample,off,0.3976740721924842,0.15326663880200092,120,0.3792549217590052,0.7206049023687277,0.08238018873631939,120,0.7083333333333333,0.5588180978121665,0.1016745100867986,120,0.5555555555555556,0.7052083333333333,0.0924483635873128,120,0.6875,0.48022040151684114,0.16384733113639727,120,0.4415584415584415,0.7406211843711844,0.14872844269585964,120,0.75
STRICT,config_random80,SVC_linear,robust,undersample,on,0.3976650173643858,0.19145013797750482,1596,0.3947710169758614,0.7181906468151974,0.10113895928267062,1596,0.7250000000000001,0.5576975236617745,0.14754793691300747,1596,0.5714285714285714,0.7043441938178779,0.11033937145674784,1596,0.7,0.484370414926803,0.16115486968797293,1596,0.5,0.729395910410948,0.20975099639258393,1596,0.75
IMPUTED,config_strat80,GaussianNB,robust,undersample,on,0.39760093958541404,0.1740380606151606,840,0.38737781366765,0.7070220841959972,0.0891427287574565,840,0.7149758454106281,0.5782877243515391,0.11410388458073312,840,0.5833333333333334,0.7149553571428572,0.0963377841463187,840,0.71875,0.5236301742270147,0.14184756032328671,840,0.5,0.6888888888888889,0.16818931006654236,840,0.6666666666666666
STRICT,config_loo,SVC_linear,standard,none,on,0.39750697626535697,0.08779108321083784,58,0.4142927184483611,0.6668293211884624,0.038956134401452416,58,0.6693620844564241,0.5103868431973858,0.07209845045955485,58,0.5151515151515151,0.777493010251631,0.02815515599226271,58,0.7837837837837838,0.675615154178588,0.08148452434637479,58,0.6956521739130435,0.410919540229885,0.0653285484843934,58,0.4047619047619047
IMPUTED,config_kfold,GaussianNB,standard,smote,on,0.39731163661372626,0.04881979096981489,2352,0.39899073577468913,0.7091808614091223,0.027061749955931535,2352,0.7108333333333333,0.5653923597444891,0.03650067204265572,2352,0.5686539483907904,0.7321428571428571,0.021802056025951793,2352,0.73125,0.5192723210619054,0.03648292661777556,2352,0.518968253968254,0.6574929138321995,0.06459773438396083,2352,0.6552777777777778
STRICT,config_kfold,KNeighborsClassifier,standard,undersample,on,0.39721531525702913,0.06550207516366026,8960,0.3984482163401672,0.7059062057114512,0.03420555316543604,8960,0.7063203463203462,0.5738380326176264,0.04703998267365164,8960,0.5764816452896948,0.7270986137989679,0.03202402908741831,8960,0.7241379310344828,0.5344333726587724,0.05484671434919769,8960,0.5286213786213787,0.6566891121031746,0.07808268813440154,8960,0.655
STRICT,config_kfold,GaussianNB,none,smoteenn,off,0.3971258341410388,0.04738156152666026,432,0.4002346792480029,0.7069372294372295,0.024063630836836526,432,0.7088203463203463,0.5742249847289902,0.03231626148083044,432,0.5787960431381485,0.7214684820288269,0.029782692210671455,432,0.7198850574712644,0.526542696126352,0.04843739824987822,432,0.522223470973471,0.6738657407407408,0.06238347821648673,432,0.6752777777777779
IMPUTED,config_random80,GaussianNB,standard,smoteenn,off,0.39710663475230373,0.1532148128373426,240,0.4032441137045824,0.7154324457589618,0.08706091170152905,240,0.7157925407925407,0.5540105814297327,0.11601945904479254,240,0.5857843137254902,0.73984375,0.06838918488554767,240,0.75,0.49642590048840046,0.13350550015739168,240,0.5,0.6639552808302809,0.17980375549955627,240,0.625
IMPUTED,config_strat80,QuadraticDiscriminantAnalysis,robust,smoteenn,off,0.39706939462361035,0.1591111791983835,240,0.3816425120772946,0.6921296296296297,0.08729940898872245,240,0.6859903381642511,0.5406414921186345,0.14461260247991437,240,0.5505050505050505,0.7466145833333333,0.06917728494935121,240,0.75,0.5884943044356744,0.15751239610973145,240,0.5590277777777778,0.5675925925925926,0.2207275785807937,240,0.5555555555555556
STRICT,config_random80,SVC_linear,maxabs,smoteenn,on,0.39689711920829424,0.2163200697787422,3192,0.39738550848793075,0.7190252293155611,0.11878885019426537,3192,0.7386363636363636,0.5419377441212793,0.20402116170581597,3192,0.5714285714285714,0.6874477861319968,0.1466020853987674,3192,0.7333333333333333,0.443888739390338,0.1934625251132763,3192,0.4666666666666667,0.7757227891156462,0.27649920316672727,3192,0.875
STRICT,config_loo,QuadraticDiscriminantAnalysis,maxabs,undersample,on,0.39666075405282114,0.09378837765875264,74,0.416809222110431,0.7030548068283917,0.07382132562374158,74,0.7275381850853548,0.5394433413192176,0.15050127439625163,74,0.6019417475728155,0.7235208181154127,0.025619513117952863,74,0.722972972972973,0.5595119071612,0.12679873559985697,74,0.5142857142857142,0.6557271557271558,0.2676732118858313,74,0.7380952380952381
STRICT,config_loo,QuadraticDiscriminantAnalysis,standard,undersample,off,0.3965528369093141,0.02501389924982295,12,0.40105986487851986,0.7131626235399819,0.009641707442072612,12,0.7155211141060197,0.5865035523397232,0.012691943280822602,12,0.589134476347862,0.7229729729729729,0.024104934730157963,12,0.7263513513513513,0.5116878193059485,0.03231336397420315,12,0.5151324085750315,0.6904761904761904,0.024868236565099715,12,0.6904761904761905
IMPUTED,config_kfold,GaussianNB,robust,undersample,on,0.3964467993648825,0.08232709996401824,1176,0.41476897335900786,0.7104355612468967,0.04340109684670571,1176,0.7203030303030303,0.568386795781794,0.05817914183980344,1176,0.5794660894660895,0.7230548469387755,0.04047757285394917,1176,0.73125,0.5105225970148649,0.059708867633592747,1176,0.5169388944388944,0.6822307256235828,0.0831480204709967,1176,0.6972222222222222
STRICT,config_kfold,KNeighborsClassifier,none,none,off,0.396209290418585,0.04200050740842897,640,0.39816683522913165,0.6812618596681097,0.021016901672776922,640,0.6829816017316017,0.5317472721298291,0.03520568568166962,640,0.5330158730158729,0.7624125615763547,0.01548817769647773,640,0.7632183908045977,0.6243560493326118,0.043471031174239956,640,0.6244047619047619,0.49375694444444446,0.04229055263498431,640,0.5
IMPUTED,config_kfold,KNeighborsClassifier,none,undersample,off,0.3961688503044426,0.055466136690280624,1278,0.400721233962757,0.7115555973080468,0.03080819243132013,1278,0.7138636363636364,0.5716661077366989,0.03937922014455193,1278,0.5755555555555556,0.7204029733959311,0.02674200008013408,1278,0.71875,0.5055436883902414,0.0382204632192491,1278,0.5050974025974027,0.6912845592070944,0.06599825237082668,1278,0.6900000000000001
STRICT,config_strat80,GaussianNB,standard,smoteenn,off,0.3961453201608634,0.13970579000651082,240,0.38560422967777286,0.6944444444444444,0.065558778901226,240,0.6825396825396826,0.5735268199299193,0.09346705464097886,240,0.5555555555555556,0.73,0.07461663994555301,240,0.7333333333333333,0.5830790043290043,0.15028089496367122,240,0.5505050505050505,0.6055555555555556,0.14072932167986243,240,0.5555555555555556
IMPUTED,config_random80,KNeighborsClassifier,robust,smoteenn,off,0.39548244483874584,0.17069323214004836,1280,0.4376973239219324,0.7210357691749014,0.09285439909119916,1280,0.747012987012987,0.5543442595218397,0.1358073230829112,1280,0.5833333333333334,0.687109375,0.09020025799420132,1280,0.6875,0.44487824550189947,0.143399067787837,1280,0.4375,0.7905927102411477,0.18254169384368474,1280,0.8333333333333334
IMPUTED,config_strat80,RandomForestClassifier,none,undersample,off,0.3954338519328539,0.1568334303386553,2880,0.3816425120772946,0.7094974503488997,0.08323000404131134,2880,0.7028985507246377,0.5805570502021699,0.102631500947719,2880,0.5714285714285714,0.7144965277777777,0.08674328166466519,2880,0.71875,0.5111762055597973,0.11115306143525511,2880,0.5,0.698070987654321,0.1514361619227337,2880,0.6666666666666666
IMPUTED,config_kfold,GaussianNB,none,smoteenn,off,0.39520217448794365,0.04594527963471219,336,0.3929649781462229,0.7095587180030115,0.02347864628891369,336,0.7105072463768116,0.5664758078609142,0.027156964492980103,336,0.5642177267177266,0.723046875,0.029215862805314456,336,0.725,0.5116020046989475,0.04376519531493294,336,0.5088822288822288,0.6769940476190476,0.05095915584310911,336,0.6816666666666666
IMPUTED,config_strat80,RandomForestClassifier,maxabs,undersample,off,0.3950698145653431,0.15758780023827232,2880,0.3816425120772946,0.709386741814278,0.08356945475271109,2880,0.7028985507246377,0.5804008553767643,0.10321786426928993,2880,0.5714285714285714,0.7142361111111111,0.08676139801568086,2880,0.71875,0.5106774535927145,0.11161704853496533,2880,0.5,0.6983024691358024,0.15158610757860005,2880,0.6666666666666666
IMPUTED,config_random80,LogisticRegression,robust,none,on,0.3949573824532307,0.19680884463351755,840,0.3826711433384386,0.7037159740208939,0.11264241835187362,840,0.6932367149758454,0.5212614517502736,0.17655146576596595,840,0.5454545454545454,0.7560267857142857,0.07640011179719484,840,0.75,0.5279263619118771,0.18067810741706547,840,0.5,0.5940949328449329,0.2733328350765077,840,0.625
STRICT,config_kfold,KNeighborsClassifier,standard,undersample,off,0.3947987329016345,0.06408119031692483,1280,0.3940294741300526,0.7042737362463926,0.03424542755960135,1280,0.705654761904762,0.5713982366322484,0.0482145733147263,1280,0.573059163059163,0.7280967005336618,0.027941837394687495,1280,0.7238095238095238,0.5348164264597847,0.050530422589493605,1280,0.5311507936507937,0.6487873263888889,0.08130304569157905,1280,0.6430555555555556
STRICT,config_loo,QuadraticDiscriminantAnalysis,robust,undersample,off,0.39471747722949196,0.0177897654939014,12,0.39150229833805916,0.7127882599580713,0.006657282717805696,12,0.712151841868823,0.5856135331143418,0.008756684480480446,12,0.5841194968553459,0.7207207207207208,0.01982168109792127,12,0.7195945945945945,0.5079683917200993,0.026280874827842908,12,0.5051608986035215,0.6944444444444445,0.030173915824424975,12,0.6904761904761905
STRICT,config_kfold,GaussianNB,robust,smote,on,0.39470105308688774,0.08808275550220798,3024,0.40602906791849436,0.7033956200325248,0.04660772556232055,3024,0.7093849206349206,0.5673982906111954,0.06226989384460082,3024,0.5744656775972565,0.7320533922381214,0.04269865781367935,3024,0.7429885057471265,0.5372625938197495,0.0616777062211405,3024,0.5443434343434344,0.6371406525573192,0.08025320717917211,3024,0.645
STRICT,config_strat80,RandomForestClassifier,none,smote,off,0.3943216352446245,0.10905740182732995,5760,0.4000661320993193,0.6904293430335097,0.05227976847474102,5760,0.6904761904761905,0.5642813304098871,0.07773124917310947,5760,0.5714285714285714,0.7375578703703703,0.05935717501393576,5760,0.7333333333333333,0.5947474517216398,0.12555349075166078,5760,0.5714285714285714,0.572608024691358,0.13481528177965774,5760,0.5555555555555556
STRICT,config_strat80,SVC_linear,maxabs,smote,on,0.39416699068676025,0.22171201966595727,3360,0.4285714285714285,0.6989040060468632,0.1115335057193012,3360,0.7222222222222222,0.5593950768404061,0.1929805506149509,3360,0.6086956521739131,0.7181746031746031,0.11761177994917686,3360,0.7333333333333333,0.5327761318612726,0.2167684155511784,3360,0.5454545454545454,0.6507275132275132,0.25832879175701245,3360,0.6666666666666666
IMPUTED,config_loo,LogisticRegression,none,undersample,off,0.39415055124093534,0.01604929859652476,24,0.3873089124582123,0.7160723615464994,0.00924033793733973,24,0.7127742946708464,0.581022741270266,0.010468265087637919,24,0.5765765765765766,0.7161458333333334,0.013151069692537206,24,0.7125,0.48996354564344724,0.016298045841567084,24,0.4850746268656716,0.7159090909090909,0.034824130803767,24,0.7272727272727273
STRICT,config_strat80,LinearDiscriminantAnalysis_svd,maxabs,undersample,off,0.3935954122851225,0.09537719154340359,40,0.41661943077456387,0.6968253968253968,0.04839951914662548,40,0.7023809523809523,0.5760709747647493,0.05882369778925839,40,0.5798319327731092,0.72,0.06528482413324146,40,0.7333333333333333,0.5594376701729643,0.10856152691986513,40,0.5584415584415584,0.6388888888888888,0.15459614595588334,40,0.6111111111111112
STRICT,config_strat80,LinearDiscriminantAnalysis_svd,none,undersample,off,0.3935954122851225,0.09537719154340357,40,0.41661943077456387,0.6968253968253968,0.048399519146625464,40,0.7023809523809523,0.5760709747647493,0.05882369778925841,40,0.5798319327731092,0.72,0.06528482413324145,40,0.7333333333333333,0.5594376701729643,0.10856152691986513,40,0.5584415584415584,0.6388888888888888,0.15459614595588334,40,0.6111111111111112
STRICT,config_strat80,LinearDiscriminantAnalysis_svd,robust,undersample,off,0.3935954122851225,0.09537719154340359,40,0.41661943077456387,0.6968253968253968,0.04839951914662548,40,0.7023809523809523,0.5760709747647493,0.05882369778925839,40,0.5798319327731092,0.72,0.06528482413324146,40,0.7333333333333333,0.5594376701729643,0.10856152691986513,40,0.5584415584415584,0.6388888888888888,0.15459614595588334,40,0.6111111111111112
STRICT,config_strat80,LinearDiscriminantAnalysis_svd,standard,undersample,off,0.3935954122851225,0.09537719154340359,40,0.41661943077456387,0.6968253968253968,0.04839951914662548,40,0.7023809523809523,0.5760709747647493,0.05882369778925839,40,0.5798319327731092,0.72,0.06528482413324146,40,0.7333333333333333,0.5594376701729643,0.10856152691986513,40,0.5584415584415584,0.6388888888888888,0.15459614595588334,40,0.6111111111111112
IMPUTED,config_loo,GaussianNB,robust,none,off,0.3930437181515776,0.0,6,0.3930437181515777,0.697884012539185,0.0,6,0.697884012539185,0.5617977528089888,0.0,6,0.5617977528089888,0.75625,0.0,6,0.75625,0.5555555555555556,0.0,6,0.5555555555555556,0.5681818181818182,0.0,6,0.5681818181818182
IMPUTED,config_loo,GaussianNB,standard,none,off,0.3930437181515776,0.0,3,0.3930437181515777,0.697884012539185,0.0,3,0.697884012539185,0.5617977528089888,0.0,3,0.5617977528089888,0.75625,0.0,3,0.75625,0.5555555555555556,0.0,3,0.5555555555555556,0.5681818181818182,0.0,3,0.5681818181818182
IMPUTED,config_strat80,RandomForestClassifier,standard,undersample,off,0.3929488968328206,0.1563832776650823,2880,0.3816425120772946,0.708262882447665,0.08314398990014481,2880,0.7028985507246377,0.5789922337044001,0.10235934574376956,2880,0.5714285714285714,0.712890625,0.08680603194458417,2880,0.71875,0.5090485806417635,0.10996322459885838,2880,0.5,0.6976851851851852,0.15193961919175897,2880,0.6666666666666666
IMPUTED,config_strat80,RandomForestClassifier,robust,undersample,off,0.3929305879615535,0.15791276219315764,2880,0.3816425120772946,0.70835346215781,0.08401841865014359,2880,0.7028985507246377,0.5788990790972743,0.10344978570174815,2880,0.5714285714285714,0.7130208333333333,0.08668177949341227,2880,0.71875,0.5088347112697735,0.11069368855705175,2880,0.5,0.6976851851851852,0.15345609029935625,2880,0.6666666666666666
IMPUTED,config_kfold,KNeighborsClassifier,maxabs,undersample,on,0.3929010748801499,0.05544918567479527,8942,0.3951445307618265,0.7105686401714185,0.030001935270360748,8942,0.7110606060606061,0.5718267289297903,0.03737233969885471,8942,0.5733349983349983,0.7117619100872288,0.0312521174436649,8942,0.7125,0.49759701765779296,0.042778331631603043,8942,0.495,0.7072456447724844,0.06763133401086237,8942,0.7083333333333333
IMPUTED,config_strat80,KNeighborsClassifier,standard,undersample,on,0.39281831578367965,0.1554015163116405,4480,0.3768673314407159,0.7043812543133195,0.07690608045315504,4480,0.7028985507246377,0.5781491331034133,0.09838608849346005,4480,0.5714285714285714,0.7209681919642857,0.08652283102474448,4480,0.71875,0.5273799038498618,0.13012752133785174,4480,0.5,0.6664682539682539,0.12317018914446895,4480,0.6666666666666666
IMPUTED,config_kfold,KNeighborsClassifier,maxabs,undersample,off,0.39274970087987604,0.05603434371092576,1278,0.3933639965765283,0.7089689368338072,0.03098668469115793,1278,0.7115151515151515,0.5705576150331989,0.03937241207660053,1278,0.573984348984349,0.7176154147104851,0.029097187502239604,1278,0.71875,0.5062935489484931,0.04221954865656051,1278,0.5035119047619048,0.6887293514171449,0.0707654886523192,1278,0.6900000000000001
IMPUTED,config_kfold,QuadraticDiscriminantAnalysis,standard,undersample,on,0.39249584499956897,0.05466111148572537,1680,0.3968422491375966,0.7095040728192902,0.029758161520109773,1680,0.7097386912604304,0.5668878241109961,0.039579194957496615,1680,0.5688034188034188,0.7181622023809524,0.024132092872424488,1680,0.71875,0.5016354674685888,0.03740460445439056,1680,0.5005827067669173,0.6892989417989417,0.06947353736686229,1680,0.6833333333333333
IMPUTED,config_random80,KNeighborsClassifier,standard,smote,on,0.3922288420628121,0.14259212773830335,8960,0.3892494720807615,0.7155906022500498,0.08112806323817247,8960,0.7148148148148148,0.5500863670415103,0.11493626508051814,8960,0.56,0.7299874441964286,0.06536052037655941,8960,0.71875,0.4815765314194089,0.12595354544321213,8960,0.4666666666666667,0.6862643835579103,0.1818042475340669,8960,0.7
STRICT,config_random80,GaussianNB,none,smoteenn,off,0.39218648478562385,0.10260324464622914,228,0.3752141853706119,0.7168161493032774,0.05539086373240073,228,0.7102272727272727,0.5598217804506903,0.08781926069270678,228,0.56,0.7048245614035087,0.07715650463563953,228,0.7,0.4819703720342265,0.11862030798093597,228,0.4615384615384615,0.7274070593149541,0.13796262303499746,228,0.75
STRICT,config_kfold,GaussianNB,robust,undersample,on,0.3921780347574315,0.09803506470181284,1512,0.41715798274424276,0.7056233107721204,0.051741155507451154,1512,0.7178391053391053,0.5714398745575329,0.07194724397794967,1512,0.5881790431790432,0.7169191623009358,0.04369062189071853,1512,0.7233333333333334,0.5183417574079892,0.0683208026232898,1512,0.526923076923077,0.6781635802469137,0.1005611962830839,1512,0.6916666666666667
IMPUTED,config_loo,SVC_linear,none,undersample,off,0.39217716737198616,0.028552522709397073,15,0.3851461956813939,0.711128526645768,0.011251317299274961,15,0.7084639498432602,0.5770351129378717,0.01565432091697807,15,0.5714285714285714,0.725,0.02754865825096699,15,0.70625,0.5044973180712132,0.03905064188173808,15,0.4776119402985074,0.6803030303030303,0.04248989971886087,15,0.7045454545454546
STRICT,config_loo,KNeighborsClassifier,none,smote,off,0.3921722788563507,0.03446187195191699,128,0.3949667226034329,0.7110761315139263,0.018227679407340262,128,0.7131626235399819,0.5833398685474261,0.022148925370715555,128,0.584070796460177,0.720386402027027,0.022769606310845063,128,0.7297297297297297,0.5076427548833227,0.029411925009392922,128,0.5175492610837439,0.6895461309523809,0.04680618017524919,128,0.6904761904761905
STRICT,config_loo,GaussianNB,maxabs,smoteenn,off,0.39181822196853766,0.030143571372544347,13,0.3949667226034329,0.7075644481304859,0.02289020611004504,13,0.7131626235399819,0.5772497277492443,0.027239341085524726,13,0.5858585858585859,0.7292099792099792,0.007011817860307706,13,0.722972972972973,0.5198588186442438,0.012990777682872028,13,0.5087719298245614,0.6575091575091575,0.09042315777532738,13,0.6904761904761905
IMPUTED,config_random80,KNeighborsClassifier,robust,undersample,on,0.39156836685286794,0.16905565747599546,4480,0.4107200484084535,0.7155540010429681,0.09479587936107571,4480,0.7267206477732794,0.5535298480750172,0.12385671847049531,4480,0.5714285714285714,0.7283482142857143,0.07926595064898397,4480,0.71875,0.4817788979895417,0.13534620743668943,4480,0.5,0.6890766450811093,0.183520161427681,4480,0.6923076923076923
IMPUTED,config_random80,QuadraticDiscriminantAnalysis,robust,undersample,on,0.39148868959375865,0.17946965319694114,840,0.4032441137045824,0.7173005105685584,0.0974884051507926,840,0.7155870445344129,0.551339084256547,0.12776818792875105,840,0.5454545454545454,0.7125744047619048,0.08954746329185,840,0.6875,0.47855774173857984,0.16907717607358386,840,0.4166666666666667,0.7148226641083785,0.185571095053381,840,0.7142857142857143
STRICT,config_random80,RandomForestClassifier,maxabs,smoteenn,off,0.391397749223914,0.12288376687818311,5472,0.380198765217406,0.7146779118115407,0.06572223757243457,5472,0.7019230769230769,0.5580239061168701,0.09439680937992002,5472,0.5454545454545454,0.7104653996101364,0.08109635502868531,5472,0.7,0.49045198550186225,0.13142242358332143,5472,0.5,0.7077053165320709,0.1461476592862502,5472,0.75
IMPUTED,config_random80,KNeighborsClassifier,maxabs,undersample,on,0.39138424278210854,0.16577413279475492,4480,0.4118415294481012,0.7187926014709686,0.09398321289301684,4480,0.728744939271255,0.5587897295999119,0.12245748837171842,4480,0.5882352941176471,0.7164620535714286,0.08298898575648042,4480,0.71875,0.4693812574218437,0.13166709368160662,4480,0.5,0.7243405366954474,0.16066080339569894,4480,0.7142857142857143
IMPUTED,config_loo,KNeighborsClassifier,maxabs,undersample,on,0.39136379928158455,0.04649751363717373,448,0.3903217867076899,0.7138682079414839,0.024147862225436554,448,0.7155172413793103,0.5793314883629146,0.029015658219074324,448,0.5789473684210527,0.7129464285714285,0.03405056410146529,448,0.71875,0.48930092476246034,0.039519519790030835,448,0.4923076923076923,0.7159265841916704,0.049390831236369115,448,0.7272727272727273
STRICT,config_loo,LogisticRegression,maxabs,none,on,0.39116292378160156,0.13167178525705248,70,0.467963735226799,0.6911692979078424,0.09701769776096589,70,0.7560646900269541,0.5041273041704759,0.19528247176480654,70,0.6346153846153846,0.7494208494208494,0.016053121982586505,70,0.75,0.5942391069430012,0.08384315926817508,70,0.55,0.5564625850340136,0.30117397747404956,70,0.7857142857142857
STRICT,config_kfold,GaussianNB,maxabs,smote,on,0.39066855754277663,0.04740328958999473,3024,0.39118613980154154,0.7031739518197851,0.025934177772531455,3024,0.703517316017316,0.5683781820928308,0.03343114814399077,3024,0.5691269841269841,0.7264596854067298,0.01969138640343684,3024,0.7285385878489327,0.5262444238777996,0.033361015014495184,3024,0.5240151515151515,0.6506955467372134,0.06093183505008947,3024,0.645
IMPUTED,config_loo,LogisticRegression,maxabs,none,on,0.39057505442479534,0.12317492178715633,70,0.4595638849768418,0.690282131661442,0.09652529114283546,70,0.7527429467084639,0.4979657451336169,0.18868649012375313,70,0.6238532110091743,0.7542857142857142,0.010180818646994006,70,0.75625,0.593373228474035,0.07385099237027536,70,0.5483870967741935,0.548051948051948,0.2988064365412635,70,0.7727272727272727
IMPUTED,config_loo,GaussianNB,maxabs,smote,on,0.3905501136710149,0.040026106975369964,69,0.382863393739089,0.7079698786970151,0.024560857369318866,69,0.7049373040752351,0.5722467728356276,0.028821246395868614,69,0.5714285714285714,0.7339673913043477,0.013871383540581783,69,0.73125,0.5134939886388092,0.020294900681788644,69,0.5098039215686274,0.650197628458498,0.06775909412245709,69,0.6363636363636364
IMPUTED,config_loo,KNeighborsClassifier,standard,undersample,on,0.3903900078964501,0.05055620352456018,448,0.3894716292350307,0.7071204657411554,0.02710825660402449,448,0.7070924764890282,0.5720287386876629,0.034868523075376225,448,0.5714285714285714,0.7334821428571429,0.02737409073777681,448,0.734375,0.5156690240650221,0.041144400728282016,448,0.5133680555555555,0.648538961038961,0.06591048096467231,448,0.6363636363636364
STRICT,config_strat80,KNeighborsClassifier,maxabs,undersample,on,0.3901892288405655,0.13632857498537074,4480,0.4075500715665535,0.7057079081632652,0.07266044605640783,4480,0.7142857142857142,0.587070768758401,0.09115429366519849,4480,0.6,0.7050744047619047,0.0666334993750135,4480,0.7,0.5156315802107556,0.09010076974081288,4480,0.5,0.7072916666666667,0.1562650713240522,4480,0.6666666666666666
IMPUTED,config_random80,LogisticRegression,maxabs,smoteenn,off,0.38989139093738634,0.179021386170043,480,0.4043075072909,0.7165599232515232,0.10398886727722031,480,0.7291666666666667,0.5481226675890534,0.14623928160916988,480,0.56,0.659765625,0.15799472790424862,480,0.6875,0.4459109697919684,0.1673666154204752,480,0.4375,0.8303824531949532,0.21042585401849395,480,0.875
STRICT,config_kfold,KNeighborsClassifier,robust,smoteenn,off,0.3898052191144852,0.0637145413245159,2560,0.398659688628518,0.7088624977453103,0.03484088576102801,2560,0.7127272727272727,0.5779062259772425,0.04337434366216152,2560,0.5848479298479299,0.7003424671592775,0.03392051574278311,2560,0.7023809523809523,0.4945802781671114,0.04247645224748651,2560,0.49434523809523806,0.7278836805555555,0.08474501894891472,2560,0.736111111111111
IMPUTED,config_loo,LogisticRegression,maxabs,smoteenn,off,0.38979416262039285,0.1101558743604861,48,0.4276513168068494,0.7084639498432602,0.07147786277277494,48,0.7394200626959249,0.5757965889085777,0.06248140067271726,48,0.6016260162601627,0.6531250000000001,0.12874703053795233,48,0.70625,0.46144808115241936,0.08725456545812502,48,0.48124706985466476,0.8314393939393939,0.14218964313003207,48,0.8636363636363636
IMPUTED,config_random80,GaussianNB,maxabs,smoteenn,off,0.3895807165444072,0.13212881017354897,240,0.41083802233489675,0.7121035924517046,0.07585808540307525,240,0.71875,0.5487051838726525,0.10006645910823109,240,0.5527272727272727,0.73359375,0.06788545655602593,240,0.75,0.4895685016737648,0.12006421885634985,240,0.5,0.6649855006105005,0.1738887299039506,240,0.625
STRICT,config_kfold,GaussianNB,robust,smoteenn,off,0.3893357624371731,0.045255726482663954,432,0.3877916155446183,0.6981492003367004,0.025080990464804956,432,0.6976767676767677,0.5604587693806315,0.03892023541395462,432,0.565154420742656,0.7304652435686918,0.022253821639334263,432,0.7296551724137932,0.5418312501529735,0.04794983919639706,432,0.5348214285714286,0.6242824074074074,0.0763751610622999,432,0.6416666666666666
IMPUTED,config_random80,RandomForestClassifier,none,undersample,off,0.38913543615258783,0.14392090553860085,2880,0.3892494720807615,0.709252808455417,0.07902621996447709,2880,0.7083333333333333,0.5498060791291519,0.11097490207371988,2880,0.5714285714285714,0.7356336805555556,0.0742095366230159,2880,0.71875,0.5003582691817986,0.13650602857182254,2880,0.5,0.6505670872337539,0.1507837504032709,2880,0.625
IMPUTED,config_strat80,RandomForestClassifier,maxabs,smoteenn,off,0.38907297622326364,0.1566142854106353,5760,0.38737781366765,0.7070073470209339,0.08125287886794393,5760,0.7028985507246377,0.5773826041645385,0.09981833436872142,5760,0.5714285714285714,0.7048068576388888,0.08280096932789925,5760,0.6875,0.5011600498872735,0.1170124812870939,5760,0.4705882352941176,0.712037037037037,0.14982713448656831,5760,0.6666666666666666
IMPUTED,config_strat80,KNeighborsClassifier,maxabs,undersample,on,0.38906277441011755,0.20909622553243767,4480,0.38737781366765,0.7077240769496204,0.10830308043444548,4480,0.713768115942029,0.5838928766870115,0.1319194403689313,4480,0.5833333333333334,0.7013811383928571,0.11226156900399485,4480,0.6875,0.5017020931490491,0.14699046608111718,4480,0.4666666666666667,0.7222222222222222,0.14579763180629424,4480,0.7777777777777778
STRICT,config_random80,GaussianNB,standard,smote,on,0.3888769552992926,0.16520077916638223,1596,0.3853551092995474,0.712291544585595,0.08530349683082057,1596,0.7159090909090908,0.5574743905027507,0.12175407751628589,1596,0.5714285714285714,0.7089598997493735,0.10161251650819868,1596,0.7333333333333333,0.49115921165229803,0.14396527337388187,1596,0.5,0.700889127580857,0.15948863778060313,1596,0.75
IMPUTED,config_random80,RandomForestClassifier,robust,undersample,off,0.3887230008991605,0.14302939008199128,2880,0.3892494720807615,0.7091106905223276,0.07878246670728749,2880,0.7083333333333333,0.5499126598831159,0.11022916302004757,2880,0.5714285714285714,0.7353515625,0.07423206694617482,2880,0.71875,0.49973748190353584,0.13465851579705942,2880,0.5,0.6512855701397368,0.15055502217109498,2880,0.625
STRICT,config_strat80,KNeighborsClassifier,none,undersample,off,0.3887152438213711,0.10145462524018878,640,0.4000661320993193,0.703422619047619,0.05460524465748013,640,0.7063492063492063,0.5846374471417128,0.06466000788410846,640,0.5882352941176471,0.705625,0.05603509780224207,640,0.7,0.5191852896308198,0.07399068556691811,640,0.5,0.6979166666666667,0.14640174352631383,640,0.6666666666666666
IMPUTED,config_loo,KNeighborsClassifier,none,smoteenn,off,0.38868319133282625,0.03135474050617128,128,0.3913260843009445,0.7171305593652038,0.01737755558453414,128,0.7182601880877744,0.5790694736481516,0.018802513133096145,128,0.5806451612903226,0.678369140625,0.023632666336097112,128,0.675,0.45337647646939944,0.02183062825588201,128,0.4511904761904762,0.8032670454545454,0.030376573547265695,128,0.7954545454545454
STRICT,config_kfold,GaussianNB,standard,smoteenn,off,0.3885448059202038,0.036663201140152965,432,0.3931513168408751,0.6971855960397627,0.01979575885434131,432,0.6984036796536797,0.5585120456047472,0.030442472280387607,432,0.5575059015059015,0.7286569512862617,0.021103774370747844,432,0.7301724137931034,0.5429762654952929,0.045438067768641024,432,0.5442857142857143,0.6249922839506173,0.07062650029619404,432,0.62
STRICT,config_kfold,KNeighborsClassifier,none,smoteenn,off,0.3885309246743615,0.04126533841643466,2560,0.3872382394671807,0.7096851438492063,0.021682158432932343,2560,0.7094029581529582,0.5817853917281027,0.025266497806243654,2560,0.5809523809523809,0.6830331935036946,0.028116546497229274,2560,0.683103448275862,0.47813254769711866,0.032899559765892046,2560,0.4760746606334841,0.7718446180555556,0.0410542173270459,2560,0.78
STRICT,config_loo,RandomForestClassifier,none,undersample,off,0.3885218221998985,0.02610649054946292,144,0.3863611644241803,0.7080681591294798,0.014980994749862442,144,0.7104672057502246,0.57950467954357,0.01827409905288775,144,0.5825242718446602,0.7232545045045045,0.01483939244647637,144,0.722972972972973,0.5107841948265162,0.021966290105816768,144,0.5084745762711864,0.6729497354497355,0.04677796258299284,144,0.6666666666666666
IMPUTED,config_loo,LinearDiscriminantAnalysis_svd,maxabs,undersample,off,0.3885154105418397,0.02354302872803025,4,0.3885154105418397,0.7108150470219436,0.007691970671021598,4,0.7108150470219436,0.5761151336372575,0.011250769525640338,4,0.5761151336372575,0.71875,0.028867513459481315,4,0.71875,0.49552042160737814,0.036664404446561195,4,0.4955204216073781,0.6931818181818181,0.03936479108111086,4,0.6931818181818181
IMPUTED,config_loo,LinearDiscriminantAnalysis_svd,none,undersample,off,0.3885154105418397,0.02354302872803025,4,0.3885154105418397,0.7108150470219436,0.007691970671021598,4,0.7108150470219436,0.5761151336372575,0.011250769525640338,4,0.5761151336372575,0.71875,0.028867513459481315,4,0.71875,0.49552042160737814,0.036664404446561195,4,0.4955204216073781,0.6931818181818181,0.03936479108111086,4,0.6931818181818181
IMPUTED,config_loo,LinearDiscriminantAnalysis_svd,robust,undersample,off,0.3885154105418397,0.02354302872803025,4,0.3885154105418397,0.7108150470219436,0.007691970671021598,4,0.7108150470219436,0.5761151336372575,0.011250769525640338,4,0.5761151336372575,0.71875,0.028867513459481315,4,0.71875,0.49552042160737814,0.036664404446561195,4,0.4955204216073781,0.6931818181818181,0.03936479108111086,4,0.6931818181818181
IMPUTED,config_loo,LinearDiscriminantAnalysis_svd,standard,undersample,off,0.3885154105418397,0.02354302872803025,4,0.3885154105418397,0.7108150470219436,0.007691970671021598,4,0.7108150470219436,0.5761151336372575,0.011250769525640338,4,0.5761151336372575,0.71875,0.028867513459481315,4,0.71875,0.49552042160737814,0.036664404446561195,4,0.4955204216073781,0.6931818181818181,0.03936479108111086,4,0.6931818181818181
IMPUTED,config_random80,GaussianNB,standard,smote,on,0.3884859652870517,0.15685973868263647,1680,0.40761998294319934,0.7093719159224839,0.08327891918647713,1680,0.7146948568001199,0.5486407585584148,0.11727228564282388,1680,0.5714285714285714,0.7342633928571428,0.07364195459700684,1680,0.71875,0.4983915253624453,0.15396295410124558,1680,0.5,0.6546396956218385,0.159979329707227,1680,0.625
STRICT,config_loo,RandomForestClassifier,robust,undersample,off,0.3880865259031858,0.02620465301510596,116,0.3949667226034329,0.7072993153019178,0.015341339637084925,116,0.7104672057502246,0.5785454278289862,0.018814910700838638,116,0.5825242718446602,0.7246039142590867,0.014522296927712114,116,0.722972972972973,0.5127284233238524,0.021514681936329442,116,0.5086232530478739,0.6672824302134648,0.04929366084470746,116,0.6666666666666666
IMPUTED,config_random80,RandomForestClassifier,standard,undersample,off,0.3880473664097573,0.14464722583808406,2880,0.3779644730092272,0.7089258829304635,0.07939845634273197,2880,0.7083333333333333,0.549852228775652,0.11119358746217432,2880,0.56,0.7344618055555555,0.07520085019669674,2880,0.71875,0.498500676429598,0.13529299957178395,2880,0.5,0.6528398453398453,0.1504813741359095,2880,0.625
IMPUTED,config_loo,GaussianNB,none,smoteenn,off,0.3879195551589684,0.03176701030670507,9,0.4090975620301051,0.7101619644723093,0.015086206896551699,9,0.7202194357366771,0.5756431012772081,0.018888289260658383,9,0.5882352941176471,0.7229166666666668,0.02187500000000003,9,0.7375,0.4986737400530504,0.027851458885941684,9,0.5172413793103449,0.6818181818181818,0.0,9,0.6818181818181818
IMPUTED,config_loo,SVC_linear,standard,none,on,0.3877103940896839,0.062811502036003,54,0.4076832927897169,0.6568921978404737,0.028114148617134745,54,0.6630094043887147,0.48816149871495956,0.053437372108343456,54,0.5,0.7809027777777778,0.019554918834629058,54,0.7875,0.6804009791127343,0.058278764834225845,54,0.7037037037037037,0.38131313131313127,0.048697895277086775,54,0.3863636363636363
STRICT,config_strat80,SVC_linear,robust,none,off,0.38726742161010225,0.12237579399188105,120,0.4000661320993193,0.6493386243386243,0.056645151955124186,120,0.6468253968253967,0.468931559782953,0.11882739198150945,120,0.48529411764705876,0.7616666666666667,0.03999299658578197,120,0.7666666666666667,0.7463660413660413,0.1857714915046737,120,0.75,0.3685185185185185,0.1358793131577927,120,0.3333333333333333
STRICT,config_kfold,KNeighborsClassifier,robust,undersample,off,0.3872201491408619,0.0684111430981125,1280,0.389141251025893,0.7009286390692641,0.03677979598502605,1280,0.7008838383838384,0.5653025630269968,0.05210679312854751,1280,0.5689246864246864,0.7252266009852216,0.028515519365508977,1280,0.7228571428571429,0.5275846646151405,0.05227936821900168,1280,0.5211904761904762,0.6442083333333334,0.0879865875637635,1280,0.6444444444444445
IMPUTED,config_kfold,KNeighborsClassifier,standard,undersample,on,0.38721023088633993,0.06185551123019314,8946,0.3895855680167329,0.7036479702643715,0.03347892728693768,8946,0.7045289855072464,0.5645286765888384,0.04311573945299924,8946,0.565952380952381,0.7207194556226246,0.03234064486631011,8946,0.71875,0.5125693704597147,0.04961512490547124,8946,0.510909090909091,0.6653660233002956,0.0780423593832487,8946,0.6611111111111111
IMPUTED,config_strat80,QuadraticDiscriminantAnalysis,standard,undersample,off,0.38719433513109597,0.12632144259219596,120,0.3621956774345869,0.7084138486312399,0.0685674813162493,120,0.6980676328502415,0.576833624952046,0.08520561858599975,120,0.5657142857142857,0.7088541666666667,0.06644376360493733,120,0.71875,0.4959532803224754,0.08198907040847679,120,0.5,0.7074074074074074,0.1335303037267142,120,0.7222222222222222
STRICT,config_strat80,LogisticRegression,none,smote,off,0.387069907101204,0.1306261592569531,480,0.4075500715665535,0.6920800264550265,0.06605351733283622,480,0.7063492063492063,0.5658432576307276,0.09118386299225603,480,0.5882352941176471,0.7249305555555555,0.06422996257570619,480,0.7333333333333333,0.563795936372852,0.12549934125934661,480,0.5454545454545454,0.6099537037037037,0.17200886333220866,480,0.5555555555555556
IMPUTED,config_kfold,GaussianNB,robust,smoteenn,off,0.38704543896496285,0.042354680081439576,336,0.3815803079151784,0.7013802426438296,0.019137548290938812,336,0.6970278875713658,0.5549425813770876,0.026119769679825457,336,0.5511708817498291,0.7284598214285714,0.02975928715390061,336,0.725,0.5225993077883834,0.05359628830242579,336,0.5071031746031746,0.6391170634920635,0.05426454626733681,336,0.6375
STRICT,config_loo,GaussianNB,standard,undersample,on,0.3869758689423324,0.031992200613222326,38,0.4051084364747354,0.7099588594126827,0.01584376295674539,38,0.7154088050314465,0.5819644238619307,0.018628418132691057,38,0.5894736842105263,0.7105263157894737,0.026170047179733133,38,0.7297297297297297,0.4958597827865279,0.03134239881474431,38,0.5172413793103449,0.7086466165413533,0.0404645340647556,38,0.7023809523809523
STRICT,config_strat80,SVC_linear,maxabs,smoteenn,on,0.3868037367427973,0.20771427342090398,3360,0.4256887899825743,0.700590513983371,0.1077870258265697,3360,0.7222222222222222,0.5653625329476883,0.19025214081434386,3360,0.6086956521739131,0.6964087301587302,0.12672285149924128,3360,0.7,0.4962519438239765,0.19603364510826243,3360,0.5,0.7110449735449734,0.25524535445761765,3360,0.7777777777777778
IMPUTED,config_random80,RandomForestClassifier,maxabs,undersample,off,0.38666834078232243,0.1441100909848596,2880,0.3779644730092272,0.7080770133652038,0.07925039737506016,2880,0.7083333333333333,0.5486189476460804,0.11045933006977346,2880,0.56,0.733984375,0.07507348037999206,2880,0.71875,0.498217872813461,0.13524908552290899,2880,0.5,0.6507654787342287,0.15051870399398967,2880,0.625
IMPUTED,config_random80,QuadraticDiscriminantAnalysis,standard,undersample,off,0.38664082731125526,0.14906905644999288,120,0.3726694979019743,0.7149591134491974,0.0814041365251968,120,0.7083333333333333,0.5508929400390395,0.09560601886244485,120,0.5555555555555556,0.7020833333333333,0.08716673227605973,120,0.6875,0.4741190573272617,0.15839121253456614,120,0.44602272727272724,0.7295065120065121,0.15313317263239062,120,0.75
IMPUTED,config_loo,QuadraticDiscriminantAnalysis,standard,none,off,0.38657947867012205,0.03598027654248868,6,0.3675836718454874,0.6848223615464994,0.018283325625776982,6,0.6767241379310345,0.5423174178194259,0.028360909747719733,6,0.5301204819277109,0.7645833333333334,0.012909944487358079,6,0.75625,0.5823515823515824,0.025634157146654325,6,0.5675675675675675,0.5075757575757576,0.0310513659574533,6,0.5
STRICT,config_loo,RandomForestClassifier,standard,undersample,off,0.3865101217250283,0.02421425527302092,145,0.3946339545592893,0.7057099482603713,0.013982960108284787,145,0.7082210242587601,0.576736701864729,0.017289878425987414,145,0.5806451612903226,0.7260018639328985,0.01446384039298584,145,0.722972972972973,0.5149682858378825,0.021888588354622762,145,0.5087719298245614,0.658784893267652,0.04670545342543243,145,0.6428571428571429
STRICT,config_kfold,KNeighborsClassifier,maxabs,none,on,0.3864294996520447,0.052126458731412854,4480,0.3876899737313414,0.6729745203952794,0.024680161925482037,4480,0.6731349206349206,0.5129899362224847,0.04479307568767485,4480,0.513531746031746,0.7635042736922355,0.01805519638083618,4480,0.763448275862069,0.6288799456991421,0.06125284470250888,4480,0.6302564102564102,0.4637214781746032,0.0480168849338967,4480,0.4694444444444444
STRICT,config_loo,GaussianNB,robust,smote,on,0.3862002427225032,0.07939734043215087,80,0.40769678422031397,0.702181603773585,0.04107808572557395,80,0.7079964061096137,0.5734896714620717,0.05287452898460938,80,0.5813953488372093,0.7328547297297298,0.04093693411045362,80,0.7432432432432432,0.5280128225113325,0.0563019847444532,80,0.5408695652173914,0.63125,0.0617856867021765,80,0.6428571428571429
STRICT,config_kfold,SVC_linear,standard,none,on,0.38619568674140425,0.08136194199136196,1575,0.4007724036911554,0.6572241049955335,0.03745050018316945,1575,0.6631818181818182,0.470130502215555,0.07748901090312348,1575,0.4842780748663101,0.7729597831469753,0.02372193875653245,1575,0.7770114942528735,0.6837497469021279,0.09939527505007621,1575,0.7028571428571428,0.38950687830687825,0.07303203325007294,1575,0.4
STRICT,config_random80,KNeighborsClassifier,none,undersample,off,0.38601094983174505,0.16033807748511714,632,0.3922322702763681,0.7149207720289861,0.08650135673106753,632,0.7236111111111111,0.5627746640803813,0.11014324185278172,632,0.5714285714285714,0.6953586497890295,0.10098778590849232,632,0.7,0.4729759818208205,0.14057072887476382,632,0.4641025641025641,0.746404711673699,0.12322667233693266,632,0.75
STRICT,config_strat80,LinearDiscriminantAnalysis_svd,maxabs,none,on,0.3859832134008263,0.11543669055688524,140,0.3851644432598216,0.6581632653061225,0.06013931592204034,140,0.6428571428571428,0.4917820477473286,0.10922229837132065,140,0.4615384615384615,0.7557142857142857,0.04584107972782957,140,0.7666666666666667,0.7080457637600495,0.17796523792874172,140,0.75,0.4142857142857143,0.15069655432832532,140,0.4444444444444444
STRICT,config_loo,RandomForestClassifier,maxabs,undersample,off,0.38583746493343896,0.026409885794232618,116,0.3863611644241803,0.7060077609443256,0.015284550644979498,116,0.7082210242587601,0.5769706342680981,0.018773777938793847,116,0.5806451612903226,0.7237301957129544,0.015194286787260718,116,0.722972972972973,0.5117144432247791,0.022613353091957555,116,0.5084745762711864,0.6650246305418719,0.0494197962039259,116,0.6666666666666666
IMPUTED,config_loo,KNeighborsClassifier,maxabs,undersample,off,0.3856760792295547,0.04913945228500328,64,0.3795376123933081,0.7080108738244514,0.023791903820854467,64,0.704153605015674,0.5733663273768324,0.03105434462074572,64,0.5663522012578617,0.7201171875,0.035170163692916014,64,0.725,0.49865238131935674,0.04634551205179602,64,0.5,0.6811079545454546,0.04909130157237152,64,0.6818181818181818
IMPUTED,config_random80,LinearDiscriminantAnalysis_svd,robust,none,on,0.3856285975869606,0.20918932581461885,140,0.3478327964999673,0.6762301721954386,0.10705437794224394,140,0.6666666666666667,0.486316944027028,0.19459333259757555,140,0.5,0.7897321428571429,0.0657691395321513,140,0.78125,0.5989512471655329,0.21248502250578868,140,0.625,0.4384170591313448,0.21707284971017582,140,0.4285714285714285
STRICT,config_kfold,LinearDiscriminantAnalysis_svd,maxabs,none,on,0.3855819137274136,0.07446994198125804,280,0.39771499946144334,0.664471423417852,0.03543513621864453,280,0.6606818181818183,0.49362674005929197,0.06675612308370239,280,0.4855599955599955,0.7667756274923763,0.023480338559320992,280,0.7704105090311988,0.6593551329622759,0.0805724225115858,280,0.6754761904761905,0.42735317460317457,0.06979490574010208,280,0.40694444444444444
STRICT,config_loo,KNeighborsClassifier,none,smoteenn,off,0.38529500450551313,0.03188288688401282,128,0.38264958060850635,0.7128116576819407,0.017461246531370492,128,0.7112533692722371,0.5835295696859747,0.01868582638192088,128,0.581386292834891,0.6836993243243243,0.023309904803338923,128,0.6824324324324325,0.4670996893667571,0.02239803888285812,128,0.4670995670995671,0.7801339285714286,0.039805575729544,128,0.7619047619047619
STRICT,config_random80,LinearDiscriminantAnalysis_svd,robust,smoteenn,on,0.3852303627507045,0.1836069602621052,560,0.3853551092995474,0.7151813852124411,0.10102304060937421,560,0.7159090909090908,0.5578048592231047,0.1326150976246749,560,0.5714285714285714,0.6836904761904762,0.11540062453420931,560,0.7,0.46036265347873684,0.13554989123326305,560,0.4615384615384615,0.7671740362811791,0.17033985591619644,560,0.75
IMPUTED,config_kfold,GaussianNB,maxabs,smote,on,0.38513342437364684,0.04868133787931964,2352,0.38827679501478124,0.703533927899223,0.026797276391822954,2352,0.704945652173913,0.5582336703093285,0.03613745503031218,2352,0.5615306915306915,0.7262595663265305,0.020411250971195373,2352,0.725,0.5106504736843122,0.03640885735923877,2352,0.5091666666666667,0.6517176870748299,0.06267670920830107,2352,0.65
STRICT,config_kfold,RandomForestClassifier,standard,smoteenn,off,0.3850794497917617,0.05095488340740054,10368,0.3883902554157853,0.6963401180009976,0.02684519509141694,10368,0.6981818181818182,0.5618255720323668,0.038186862711263626,10368,0.5662769455608331,0.7193559094295445,0.028053857513610458,10368,0.7179310344827586,0.5349801350078519,0.05460993393041144,10368,0.5267857142857143,0.6434469307270233,0.07497265666881596,10368,0.6416666666666666
STRICT,config_strat80,SVC_linear,standard,none,off,0.38504151934433245,0.123845633430803,120,0.4000661320993193,0.6476190476190475,0.05932361514952845,120,0.6428571428571428,0.4645223034619319,0.12264206787189369,120,0.4615384615384615,0.7622222222222222,0.04075233968945781,120,0.7666666666666667,0.7487103174603175,0.1791183157771182,120,0.75,0.36111111111111105,0.13454938762915591,120,0.3333333333333333
IMPUTED,config_kfold,GaussianNB,robust,smote,on,0.38502536671238335,0.07020529527718551,2352,0.3969517165096157,0.7011099123443844,0.0364746912787613,2352,0.7074577294685991,0.5549217241812463,0.0486225266295468,2352,0.5620923520923521,0.7299426020408163,0.03653158175984777,2352,0.7375,0.5183357812318015,0.0544530452032342,2352,0.5265873015873016,0.6352210884353742,0.07186055684721353,2352,0.6394444444444445
IMPUTED,config_strat80,KNeighborsClassifier,standard,undersample,off,0.3845438535604323,0.17740421606309817,640,0.3768673314407159,0.6996225845410627,0.08678408367408887,640,0.6980676328502415,0.5745950549676034,0.11176047817495638,640,0.5657142857142857,0.7173828125,0.09632115044670288,640,0.71875,0.5253767179565361,0.1472419399364398,640,0.5,0.6590277777777778,0.11835008571477147,640,0.6666666666666666
IMPUTED,config_strat80,KNeighborsClassifier,maxabs,smoteenn,on,0.3844153506160595,0.1841455578253958,8960,0.3768673314407159,0.708076690821256,0.09804128434497529,8960,0.7053140096618358,0.5841804927367775,0.10860883426062208,8960,0.5714285714285714,0.66748046875,0.11339279213309253,8960,0.65625,0.4696239811577085,0.12351115366961443,8960,0.45,0.8008680555555555,0.11991542595731014,8960,0.7777777777777778
IMPUTED,config_loo,GaussianNB,standard,smoteenn,on,0.3843284253829699,0.04198423622886088,63,0.3819445046760319,0.7040603075085834,0.022204948315207872,63,0.70141065830721,0.56736328501319,0.026471408236264992,63,0.5652173913043478,0.7238095238095238,0.03331592767530809,63,0.73125,0.5077666646401415,0.05395348246569137,63,0.5074626865671642,0.6601731601731602,0.08928428608371387,63,0.6818181818181818
STRICT,config_kfold,RandomForestClassifier,none,smoteenn,off,0.3843058524609748,0.047942252196413994,10368,0.38740317467267116,0.6999429897520175,0.024928106269759505,10368,0.7013347763347764,0.5700731611352959,0.03189280597992368,10368,0.5721288515406162,0.7052283108060168,0.03402377165403686,10368,0.708735632183908,0.5147658205492265,0.04739677679035127,10368,0.5105882352941176,0.687664609053498,0.06621908569395227,10368,0.6849999999999999
STRICT,config_random80,LinearDiscriminantAnalysis_svd,maxabs,smoteenn,off,0.38412415599024896,0.15715513678066972,80,0.3617591828043065,0.7171401409580758,0.08855350478677734,80,0.71875,0.5574879222682763,0.11267539413177981,80,0.5584415584415584,0.6866666666666666,0.09570230448104013,80,0.7,0.4566725797637175,0.11717339253471053,80,0.4641025641025641,0.7657043650793651,0.15714229616489717,80,0.75
STRICT,config_strat80,GaussianNB,maxabs,smoteenn,on,0.38391341257666634,0.17780715764525495,1680,0.3860440160957241,0.686422902494331,0.08869835146297841,1680,0.6825396825396826,0.5564170648005619,0.12790816399900384,1680,0.5555555555555556,0.7217857142857143,0.08661449297533737,1680,0.7333333333333333,0.5783962546188884,0.17789166432601802,1680,0.5294117647058824,0.598015873015873,0.19971862878966676,1680,0.5555555555555556
IMPUTED,config_loo,LogisticRegression,maxabs,undersample,off,0.3838310610109741,0.06312228612362578,22,0.4135179228034119,0.7060772299800513,0.04198513118586936,22,0.728448275862069,0.5680107550747843,0.049499662571466554,22,0.5945945945945946,0.6835227272727272,0.07817071173502371,22,0.71875,0.47278761723804635,0.06348295264481171,22,0.4927536231884058,0.756198347107438,0.14947465036922378,22,0.7727272727272727
IMPUTED,config_strat80,RandomForestClassifier,robust,smoteenn,off,0.38379041298142624,0.15882054389079098,5760,0.3768673314407159,0.6994934245840043,0.08126283971065897,5760,0.681159420289855,0.5680065532633817,0.10611118969428947,5760,0.5454545454545454,0.7193576388888889,0.08201338041710216,5760,0.71875,0.5221879559689561,0.12671916498553942,5760,0.5,0.6540895061728396,0.15064472940258283,5760,0.6666666666666666
STRICT,config_strat80,GaussianNB,maxabs,undersample,on,0.38363824179038764,0.17120618305046761,840,0.3860440160957241,0.6991496598639455,0.09034927679627429,840,0.6984126984126984,0.5771642243753564,0.11705736486643216,840,0.5833333333333334,0.7111904761904762,0.07939087875499856,840,0.7,0.5270937280874808,0.11635451563021053,840,0.5,0.669047619047619,0.18145507665782173,840,0.6666666666666666
STRICT,config_loo,GaussianNB,robust,none,on,0.3833912314891721,0.031362219592765764,25,0.4011800108213548,0.6647169811320756,0.012833364871201803,25,0.671832884097035,0.5096149068322982,0.022054150541628317,25,0.5217391304347826,0.7705405405405404,0.011286008843574344,25,0.777027027027027,0.647936507936508,0.032167343211116764,25,0.6666666666666666,0.41999999999999993,0.01666666666666668,25,0.4285714285714285
IMPUTED,config_loo,GaussianNB,robust,smoteenn,off,0.3826595704819258,0.029335581965193282,12,0.3712612725458722,0.704937304075235,0.01665999491848179,12,0.7002351097178684,0.5690287226001511,0.021105413176735515,12,0.5625472411186696,0.728125,0.014227254574487404,12,0.725,0.5050223214285714,0.019670624006514342,12,0.5,0.6534090909090909,0.042380560943731445,12,0.6477272727272727
IMPUTED,config_loo,LinearDiscriminantAnalysis_svd,robust,none,on,0.38249025600090814,0.08467260727505753,14,0.4116757779017574,0.6574675324675325,0.04080010358851446,14,0.6700626959247649,0.48751188588965244,0.0807580239762695,14,0.5142857142857142,0.7794642857142857,0.02419727756914486,14,0.7875,0.6653999439713726,0.06392411749962618,14,0.6923076923076923,0.38636363636363635,0.07771367402410094,14,0.4090909090909091
IMPUTED,config_random80,LogisticRegression,maxabs,undersample,off,0.38217959933539836,0.1736410613274855,240,0.4040950971038548,0.7085893049057618,0.0982220065958651,240,0.7245833333333334,0.5164224722846363,0.19280025628851483,240,0.5714285714285714,0.69765625,0.11263085863306996,240,0.71875,0.43104561071214836,0.18756157752243077,240,0.4472222222222222,0.7300251831501832,0.28761224858247636,240,0.8
STRICT,config_kfold,KNeighborsClassifier,standard,smoteenn,on,0.38213365274446204,0.05388815227053279,17920,0.3819767630008399,0.7042881340509689,0.02882504831926853,17920,0.7043181818181818,0.5727876677282591,0.035947263067435814,17920,0.5731637806637806,0.6977007682383298,0.03349943522724554,17920,0.7004761904761905,0.4924027342858706,0.04229100460697927,17920,0.4888095238095237,0.7190380704365079,0.07314493305304863,17920,0.7166666666666666
IMPUTED,config_loo,RandomForestClassifier,maxabs,smoteenn,off,0.38184657533741484,0.02604385413641187,232,0.3832059252792875,0.7097425278348287,0.013670897533938412,232,0.7119905956112853,0.5731161904871405,0.015596818929169068,232,0.576,0.7025592672413793,0.026510442488434604,232,0.70625,0.4768073056913561,0.0299482465878591,232,0.4754098360655737,0.7257053291536051,0.05850786571966225,232,0.7272727272727273
STRICT,config_random80,QuadraticDiscriminantAnalysis,standard,none,off,0.3818277957683066,0.17724191110086235,60,0.4276686017238498,0.6915323504997418,0.08461614655777837,60,0.7045454545454546,0.5338018921223255,0.1326539819499714,60,0.5584415584415584,0.75,0.0826810630803112,60,0.7666666666666667,0.5477020202020202,0.16953465375286386,60,0.5555555555555556,0.5579761904761905,0.14934814547758044,60,0.5357142857142857
STRICT,config_strat80,GaussianNB,maxabs,smote,on,0.3815033426496643,0.20304046834177858,1680,0.363696483726654,0.6933106575963719,0.09952838516652829,1680,0.6785714285714286,0.575847598693223,0.13131054889982438,1680,0.5505050505050505,0.7147619047619047,0.09804695374724004,1680,0.7,0.5468365157527862,0.16468193492146727,1680,0.5,0.6396825396825397,0.1650521648362805,1680,0.6666666666666666
STRICT,config_kfold,QuadraticDiscriminantAnalysis,robust,undersample,off,0.38140709841524584,0.06325310821057327,240,0.38617951694795427,0.700560064935065,0.03370019592838832,240,0.7049873737373737,0.565639597300468,0.04579403601712222,240,0.5713869463869464,0.7119655172413794,0.027317857558385752,240,0.7160262725779968,0.509615393120811,0.04330792838824372,240,0.5098214285714286,0.6737777777777778,0.07046540435863687,240,0.675
STRICT,config_loo,SVC_linear,robust,none,on,0.3812714138194738,0.12536877644968542,58,0.4183197550805415,0.6627126126963473,0.053569145324684854,58,0.677785265049416,0.48996901594870035,0.14116460885913287,58,0.5323115161557581,0.7762115563839701,0.02544182348761424,58,0.7837837837837838,0.6476509510075916,0.14159140828504774,58,0.6837500000000001,0.4002463054187192,0.121524516663801,58,0.4285714285714285
IMPUTED,config_loo,QuadraticDiscriminantAnalysis,none,none,off,0.3812344735998616,0.01514687853655084,6,0.375934421069099,0.684299895506792,0.00702129046074496,6,0.6837774294670846,0.5418379399952752,0.010788405086259827,6,0.5411764705882353,0.7604166666666666,0.0064549722436790455,6,0.75625,0.5716072545340838,0.014117774668690365,6,0.5641025641025641,0.5151515151515151,0.011736313170325488,6,0.5227272727272727
IMPUTED,config_loo,GaussianNB,none,undersample,off,0.38113410784747853,0.0,3,0.3811341078474785,0.7072884012539186,0.0,3,0.7072884012539185,0.5714285714285714,0.0,3,0.5714285714285714,0.71875,0.0,3,0.71875,0.4918032786885245,0.0,3,0.4918032786885246,0.6818181818181818,0.0,3,0.6818181818181818
IMPUTED,config_strat80,RandomForestClassifier,none,smoteenn,off,0.3810648307674085,0.17737571212002753,5760,0.3816425120772946,0.7034076422436929,0.0935276109480846,5760,0.7028985507246377,0.576020951108701,0.11221180624074156,5760,0.5714285714285714,0.6969401041666666,0.10062901015009774,5760,0.71875,0.49448913303406494,0.12290518708691463,5760,0.5,0.718190586419753,0.1458453804101755,5760,0.6666666666666666
STRICT,config_random80,QuadraticDiscriminantAnalysis,standard,none,on,0.3809943155369977,0.1732856749764678,420,0.4276686017238498,0.6851104390778304,0.0837417339082212,420,0.7,0.5172113216529404,0.1350850040271941,420,0.5454545454545454,0.7526984126984126,0.07799951075613082,420,0.7666666666666667,0.568756005898863,0.1900267042952297,420,0.5714285714285714,0.5283503401360544,0.18059287760620504,420,0.5
IMPUTED,config_loo,KNeighborsClassifier,standard,smoteenn,on,0.3808536763700749,0.05065548724926085,896,0.38043536722088267,0.7089913723130319,0.027188819524027744,896,0.7088557993730407,0.5724551627199091,0.03171389333787264,896,0.5738417676407698,0.7008789062499999,0.03639927920472604,896,0.7,0.47589982934122277,0.040433551025767796,896,0.4696969696969697,0.7270190746753247,0.06986614500172601,896,0.7272727272727273
IMPUTED,config_kfold,LogisticRegression,maxabs,undersample,off,0.3807641158084922,0.1381200439778569,480,0.4036238472612307,0.7015216522105109,0.0762746914537764,480,0.720818511198946,0.532629516185539,0.17103892566917403,480,0.5757975357975358,0.6922135416666666,0.0791481755247188,480,0.725,0.45070213626373773,0.15528536604534013,480,0.4995476255770373,0.7209421296296296,0.25406296848062293,480,0.8099999999999999
STRICT,config_strat80,KNeighborsClassifier,maxabs,smoteenn,on,0.3804786914639017,0.12729688670205502,8960,0.365079365079365,0.7012347647392291,0.06701200396720908,8960,0.6984126984126984,0.5883202576095431,0.07525672018669906,8960,0.5833333333333334,0.6797544642857142,0.0820668457801784,8960,0.6666666666666666,0.4947447438914213,0.09399234119886558,8960,0.4705882352941176,0.7549355158730158,0.1281387831098307,8960,0.7777777777777778
IMPUTED,config_loo,KNeighborsClassifier,standard,undersample,off,0.38024324879172294,0.03672198711781941,64,0.3807418062247264,0.7017412813479624,0.01920528730229624,64,0.7057210031347962,0.5653089127886037,0.025635917558263107,64,0.5688073394495413,0.7298828125,0.022032982525033072,64,0.725,0.509849771829085,0.03392575159123021,64,0.5,0.6392045454545454,0.053645167668371144,64,0.6363636363636364
IMPUTED,config_kfold,GaussianNB,standard,smote,off,0.38021037262893564,0.03621518051298729,336,0.3823165290532856,0.7008808190601669,0.018707588209105435,336,0.7022304567413262,0.5550555122223848,0.02457946039646685,336,0.55487567987568,0.72421875,0.017902976228432583,336,0.725,0.5085175127743405,0.028722138400187478,336,0.5093055555555555,0.6472420634920635,0.03247041674136342,336,0.6475
STRICT,config_kfold,LogisticRegression,maxabs,undersample,off,0.38006698585716286,0.1457432041991063,480,0.41406032200183773,0.6976953012265512,0.08050371023110822,480,0.721554834054834,0.5394380109108134,0.176190436954191,480,0.5920880970880971,0.6849984948002189,0.0910062743510743,480,0.7167241379310345,0.45881357212105206,0.1615002300427776,480,0.5113400488400488,0.7277986111111112,0.2595323108296372,480,0.8150000000000001
STRICT,config_loo,LinearDiscriminantAnalysis_svd,maxabs,none,on,0.3796929426551845,0.08363972605875264,14,0.3962176633250068,0.6630085996662816,0.04198556592316833,14,0.6646451033243486,0.5034113392322348,0.07468058113627214,14,0.5074626865671642,0.7702702702702702,0.02650218042407889,14,0.777027027027027,0.6454761904761905,0.06410771041613118,14,0.68,0.4149659863945578,0.08018070344200912,14,0.4047619047619047
STRICT,config_loo,KNeighborsClassifier,maxabs,undersample,off,0.3796701020536692,0.0455902519049725,64,0.39166868236013097,0.7030899034141959,0.027561942366570735,64,0.7094564240790655,0.572043786221694,0.03459537558702057,64,0.581341719077568,0.7198057432432432,0.015878834755254884,64,0.7162162162162162,0.5054359852129253,0.022556213994943668,64,0.5,0.6644345238095238,0.07944652850082579,64,0.6785714285714286
IMPUTED,config_random80,KNeighborsClassifier,standard,smote,off,0.3795026112476621,0.1324395591540882,1280,0.3779644730092272,0.707793498872634,0.07577261420222443,1280,0.7005735492577598,0.5418075637219316,0.10737929114594232,1280,0.5454545454545454,0.7251953125,0.0614251670799633,1280,0.71875,0.4767813387834431,0.12001714878472021,1280,0.5,0.6726879674145299,0.17405754628401107,1280,0.6923076923076923
STRICT,config_strat80,GaussianNB,maxabs,undersample,off,0.37941711748995033,0.1939511683259702,120,0.43557917017506936,0.698015873015873,0.09984441996526353,120,0.7301587301587302,0.57953304869552,0.12151741598660085,120,0.620137299771167,0.7016666666666667,0.08886145701831236,120,0.7,0.5189205239205239,0.1423112031836702,120,0.5,0.6888888888888889,0.1785231805345542,120,0.7222222222222222
STRICT,config_strat80,GaussianNB,none,undersample,off,0.37941711748995033,0.19395116832597026,120,0.43557917017506936,0.698015873015873,0.09984441996526353,120,0.7301587301587302,0.57953304869552,0.1215174159866008,120,0.620137299771167,0.7016666666666667,0.08886145701831237,120,0.7,0.5189205239205239,0.1423112031836702,120,0.5,0.6888888888888889,0.17852318053455424,120,0.7222222222222222
STRICT,config_strat80,GaussianNB,robust,undersample,off,0.37941711748995033,0.1939511683259702,120,0.43557917017506936,0.698015873015873,0.09984441996526353,120,0.7301587301587302,0.57953304869552,0.12151741598660085,120,0.620137299771167,0.7016666666666667,0.08886145701831236,120,0.7,0.5189205239205239,0.1423112031836702,120,0.5,0.6888888888888889,0.1785231805345542,120,0.7222222222222222
STRICT,config_strat80,GaussianNB,standard,undersample,off,0.37941711748995033,0.1939511683259702,120,0.43557917017506936,0.698015873015873,0.09984441996526353,120,0.7301587301587302,0.57953304869552,0.12151741598660085,120,0.620137299771167,0.7016666666666667,0.08886145701831236,120,0.7,0.5189205239205239,0.1423112031836702,120,0.5,0.6888888888888889,0.1785231805345542,120,0.7222222222222222
IMPUTED,config_loo,KNeighborsClassifier,maxabs,none,on,0.37941059197213484,0.04483139825604483,223,0.3720707550711956,0.6729409449372338,0.020873569126014627,223,0.6696708463949843,0.5223262948804165,0.03454189422312138,223,0.5185185185185185,0.768329596412556,0.016872971972053896,223,0.76875,0.6040699893162411,0.04099023020697251,223,0.5945945945945946,0.46096616388096207,0.03541983228270113,223,0.4545454545454545
STRICT,config_kfold,KNeighborsClassifier,maxabs,none,off,0.37931284581700087,0.0474664735153094,640,0.37888612505424346,0.6672030460858587,0.020543064419003658,640,0.6657864357864358,0.5031700965604313,0.040258697749604215,640,0.5032844932844933,0.7630615763546797,0.016459199892877203,640,0.7632183908045977,0.6309451763514263,0.06086248075394922,640,0.6386111111111111,0.44619965277777773,0.03708443591789006,640,0.4472222222222222
IMPUTED,config_random80,GaussianNB,robust,smote,off,0.3791630582006494,0.1543853419039129,240,0.3567530340063379,0.7055606741127336,0.08160817022327725,240,0.6888917004048583,0.5412799503707432,0.11369718534599653,240,0.5577777777777778,0.72109375,0.07085412900288396,240,0.703125,0.4845199632883456,0.16069490280313686,240,0.458041958041958,0.6681219474969475,0.17450991867852395,240,0.625
STRICT,config_loo,GaussianNB,maxabs,undersample,on,0.37896717382402995,0.02884005804299439,45,0.3642871823752341,0.7041030248577419,0.015025624846046332,45,0.6967654986522911,0.5749148623453489,0.0181692894024416,45,0.5660377358490566,0.7141141141141142,0.021838507489131277,45,0.7297297297297297,0.49957947609136155,0.02746570754787377,45,0.5185185185185185,0.680952380952381,0.04259177099999599,45,0.6904761904761905
STRICT,config_kfold,GaussianNB,maxabs,smoteenn,on,0.37876579598384563,0.061595081860653746,3024,0.3837913967869555,0.6921902915206487,0.03543456633517788,3024,0.6932720057720058,0.5468737288543212,0.053547798504783146,3024,0.5532844932844934,0.7267848020434228,0.02924846998062946,3024,0.7290065681444993,0.5336296693768499,0.05417591597683461,3024,0.5268650793650793,0.6130787037037038,0.11082470104127289,3024,0.6194444444444445
IMPUTED,config_kfold,GaussianNB,standard,smoteenn,on,0.3786192290539324,0.04888226386373013,2352,0.37892648969003984,0.696056662454178,0.029302639801170496,2352,0.6934178743961352,0.5453504903212276,0.042890937445835345,2352,0.5441176470588236,0.7252072704081632,0.027454059152747855,2352,0.725,0.5168824233822733,0.051508049237847735,2352,0.505981240981241,0.6307213718820862,0.10665737677199127,2352,0.63
STRICT,config_random80,GaussianNB,standard,smoteenn,on,0.3785707117238933,0.1516613633070777,1596,0.3731012536223182,0.7022610600597687,0.07981707006447443,1596,0.6988636363636364,0.5419105278002349,0.12177821965484113,1596,0.5454545454545454,0.7172932330827068,0.08837097673975154,1596,0.7333333333333333,0.4988811478720461,0.1449409848255139,1596,0.5,0.6556376059195608,0.17754393087360337,1596,0.7
STRICT,config_strat80,GaussianNB,maxabs,smote,off,0.3784557686209202,0.15222213253319458,240,0.3967970438311388,0.6938492063492063,0.06994400436076773,240,0.7103174603174602,0.5817113133559829,0.08863277830991781,240,0.5962962962962963,0.7091666666666666,0.0848289771811233,240,0.7,0.5392810661560662,0.1398502503678879,240,0.5,0.6555555555555556,0.08907465479451908,240,0.6666666666666666
IMPUTED,config_strat80,SVC_linear,maxabs,none,off,0.37836780293559874,0.20541117806311318,120,0.4127594582445936,0.6489533011272142,0.08832562997078329,120,0.6570048309178744,0.4324418195896524,0.2238120564540062,120,0.5,0.778125,0.04885103191671319,120,0.78125,0.6639153439153439,0.3527212610819827,120,0.6666666666666666,0.3537037037037037,0.2141306167163391,120,0.4444444444444444
IMPUTED,config_kfold,KNeighborsClassifier,standard,undersample,off,0.3783467741406662,0.06049800015363203,1278,0.3800982721586233,0.6984161690731909,0.03335346193815547,1278,0.697878787878788,0.5576513402075546,0.042482913123513134,1278,0.5573448773448774,0.7180408841940532,0.03079422352116741,1278,0.71875,0.5097304678861887,0.04575028619591399,1278,0.5088827838827839,0.6540249521822291,0.0783068856094449,1278,0.65
IMPUTED,config_kfold,GaussianNB,standard,smoteenn,off,0.37787946148002644,0.03982848494085773,336,0.37895797439096013,0.6980772593951942,0.02114846275917411,336,0.6987906236275802,0.5489188741066313,0.029315524518028067,336,0.5485867185789787,0.7243303571428571,0.023648503809107723,336,0.725,0.5110554344115268,0.04180979664769388,336,0.5085077422577422,0.638015873015873,0.06199536860524629,336,0.638888888888889
STRICT,config_strat80,SVC_linear,none,smote,off,0.37786802660461405,0.14650274154276224,480,0.3860440160957241,0.6877480158730158,0.077380394771392,480,0.6904761904761905,0.5561885951137603,0.10711687646487968,480,0.5714285714285714,0.7250694444444444,0.06374054919993707,480,0.7333333333333333,0.5579389999978235,0.12090896292211141,480,0.5454545454545454,0.5944444444444444,0.18908595611920925,480,0.5555555555555556
STRICT,config_loo,QuadraticDiscriminantAnalysis,standard,smote,on,0.3778314893079936,0.04325900353073262,168,0.3805658065969889,0.7020734394386685,0.025724130396120266,168,0.7035040431266847,0.5712721159373884,0.03186890730898622,168,0.574468085106383,0.7198359073359073,0.016147506041095855,168,0.722972972972973,0.5052901840203685,0.021363016146639584,168,0.509090909090909,0.6609977324263039,0.06850484756079267,168,0.6428571428571429
IMPUTED,config_random80,RandomForestClassifier,robust,smoteenn,off,0.3778303212610893,0.14423538569537844,5760,0.3478327964999673,0.7015157287697195,0.07953603425319997,5760,0.6875,0.5353871520765584,0.10407156613869939,5760,0.5263157894736842,0.7344509548611111,0.07350661049677663,5760,0.71875,0.5034974264853248,0.1442967412512132,5760,0.5,0.6269980010344594,0.1722280143003701,5760,0.6153846153846154
STRICT,config_kfold,KNeighborsClassifier,standard,smoteenn,off,0.37778557037944366,0.05694790368250423,2560,0.3780801768705625,0.7028321129825036,0.03103406680990297,2560,0.7029473304473305,0.5711196494658634,0.0382110924555299,2560,0.571971916971917,0.6907099625410509,0.03115575083048195,2560,0.6904761904761905,0.4838225072879799,0.03787775112674367,2560,0.4811652236652236,0.7302764756944444,0.08106251104266128,2560,0.735
STRICT,config_strat80,RandomForestClassifier,maxabs,smoteenn,off,0.37760180285806844,0.11408329754347568,5760,0.365079365079365,0.6954916225749559,0.06094664581095766,5760,0.6904761904761905,0.5753838033509419,0.07408225447473492,5760,0.5714285714285714,0.7038425925925925,0.06736259950157769,5760,0.7333333333333333,0.5209345074841882,0.08409710840136737,5760,0.5294117647058824,0.6746141975308642,0.15396877782098906,5760,0.6666666666666666
STRICT,config_kfold,KNeighborsClassifier,maxabs,smote,on,0.3775972361887131,0.06036593001881092,17920,0.3785353964518854,0.6981952307674965,0.03163757601927319,17920,0.6992604617604619,0.5645998967662439,0.04163783298119725,17920,0.5664932779638663,0.7130554077234342,0.030014237821317215,17920,0.7144827586206897,0.5105902981095287,0.045736300788990526,17920,0.5082167832167832,0.664066158234127,0.06241295615486249,17920,0.665
STRICT,config_kfold,QuadraticDiscriminantAnalysis,robust,undersample,on,0.37756835616845463,0.09366076399795627,1680,0.40093935987720714,0.6986396189789046,0.05028952281329621,1680,0.7108712121212122,0.5626398623114665,0.06906765441386492,1680,0.5814257964257964,0.710534365470326,0.03872403084027655,1680,0.7166666666666667,0.5071698384451314,0.05906880131937825,1680,0.5140277777777778,0.6703518518518518,0.09942861536944958,1680,0.6916666666666667
IMPUTED,config_kfold,KNeighborsClassifier,maxabs,none,on,0.37756622821733976,0.056602775623383256,4471,0.3789074911745081,0.6688600125121962,0.02600127525313173,4471,0.6690217391304347,0.5018970841861433,0.045958220850334214,4471,0.5019047619047619,0.7655879557146053,0.019755300304921515,4471,0.7625,0.6197059241859063,0.06425801729170247,4471,0.6178571428571429,0.45297509878476105,0.04721806650547291,4471,0.4549999999999999
IMPUTED,config_loo,KNeighborsClassifier,none,smote,off,0.37741515919773533,0.0345999020358117,128,0.3740636273067317,0.7062383669670846,0.017207471712024573,128,0.7045454545454546,0.5702553361522915,0.021004515455527534,128,0.5686274509803921,0.710595703125,0.02462262661118848,128,0.7125,0.48387825973472276,0.029684025349867714,128,0.4838709677419355,0.6965553977272727,0.02560357547867584,128,0.7045454545454546
STRICT,config_kfold,GaussianNB,maxabs,smoteenn,off,0.3772126378828658,0.052341714838287555,432,0.3812068770358223,0.6939261163219497,0.025391614910807537,432,0.6934090909090909,0.5549464829842853,0.03972699087005546,432,0.5580443202868832,0.7194321291735085,0.02736434957768683,432,0.7161904761904763,0.5249112085741343,0.05239435950528288,432,0.5161752136752138,0.6350540123456789,0.06674577413506992,432,0.6402777777777777
IMPUTED,config_random80,KNeighborsClassifier,robust,smote,off,0.3771737657932405,0.14085143850162274,1280,0.3777777777777777,0.7057753918766683,0.07918776752571076,1280,0.7083333333333333,0.5390029570295118,0.11492622315351296,1280,0.5454545454545454,0.72314453125,0.06307572680312593,1280,0.71875,0.4741383573628276,0.1298917816036533,1280,0.4615384615384615,0.6728730731074481,0.18389251957127778,1280,0.6666666666666666
STRICT,config_kfold,QuadraticDiscriminantAnalysis,standard,undersample,off,0.3771224877100021,0.06219357547473716,240,0.38692051558331464,0.698244197931698,0.033096735826236165,240,0.7033748196248196,0.5623828995661219,0.044911798238878205,240,0.5671151139881789,0.7102792829775588,0.026567021552395476,240,0.7107142857142856,0.5066814370986197,0.041926515861271677,240,0.5089285714285714,0.6702824074074074,0.07097707162665821,240,0.6725000000000001
STRICT,config_random80,KNeighborsClassifier,none,none,off,0.3768860602273156,0.14251584072783882,316,0.380198765217406,0.6848318382681344,0.077821930772175,316,0.6875,0.5109189823252998,0.1135218354503533,316,0.5333333333333333,0.7507383966244726,0.06145918008983855,316,0.7666666666666667,0.5658775911149329,0.1804365223248235,316,0.5714285714285714,0.5312462326702833,0.1833326853469899,316,0.5
STRICT,config_random80,QuadraticDiscriminantAnalysis,standard,undersample,on,0.3768633753610699,0.15339185418769655,840,0.3424747597107866,0.7083047753661108,0.08128625980187454,840,0.7,0.5521133790405419,0.11368521459939046,840,0.553639846743295,0.6823015873015873,0.1088410384774987,840,0.7,0.4632597337180486,0.13494232839923087,840,0.4615384615384615,0.7466071428571428,0.14882863887673645,840,0.75
IMPUTED,config_kfold,GaussianNB,maxabs,smoteenn,off,0.37667993438082015,0.042548258133829425,336,0.37055509121381935,0.6995193393562958,0.022482620129366974,336,0.6993577075098814,0.552446285150616,0.026004941123376205,336,0.5512579087579088,0.7170758928571429,0.028327716490894328,336,0.71875,0.5013181222372398,0.04084971991380622,336,0.5025541125541126,0.6583630952380952,0.05813885321927481,336,0.6555555555555556
STRICT,config_random80,KNeighborsClassifier,maxabs,undersample,on,0.3765937419622192,0.16215826913421286,4417,0.380198765217406,0.7093846223107182,0.08753044762858696,4417,0.7159090909090908,0.5551012367147063,0.11418243191689134,4417,0.56,0.6905365632782431,0.1012750653733517,4417,0.7,0.4656259067493525,0.13429755411907157,4417,0.4615384615384615,0.7385140744094785,0.14018462172461205,4417,0.75
IMPUTED,config_loo,KNeighborsClassifier,robust,undersample,off,0.3763548315943163,0.04036792828745947,64,0.3660188039001367,0.6987411833855799,0.020614824710177962,64,0.6965125391849529,0.561613329457549,0.02775146248837487,64,0.5581254331254331,0.7296875,0.02495034751801748,64,0.721875,0.5106119348772071,0.03885755019503333,64,0.49615384615384617,0.6299715909090909,0.057334415288199485,64,0.6363636363636364
IMPUTED,config_kfold,RandomForestClassifier,maxabs,smoteenn,off,0.3762981346402787,0.04644924777722329,8064,0.3780691801244026,0.6997160792818629,0.025129742741955428,8064,0.7023484848484849,0.5566886979790441,0.030794606113768212,8064,0.5585494325935503,0.7032118055555555,0.03485705112186352,8064,0.70625,0.4932335418469757,0.043770324130618175,8064,0.4901984126984127,0.6903452932098765,0.0597938414104292,8064,0.6861111111111111
IMPUTED,config_kfold,KNeighborsClassifier,none,smote,off,0.3761583416908844,0.04506909269170166,2556,0.3781795206220561,0.7007171355488614,0.02287722475265698,2556,0.7020531400966183,0.5602903754954901,0.028623638682640118,2556,0.5621959310039806,0.7091378129890454,0.027268449779471935,2556,0.7125,0.49368187148698134,0.03911073171903215,2556,0.4951923076923076,0.6814021474526168,0.043974707732707646,2556,0.6833333333333333
IMPUTED,config_strat80,QuadraticDiscriminantAnalysis,robust,smoteenn,on,0.3760389270828677,0.1609274009486627,1680,0.3759112094884605,0.6881383712905452,0.08329036471896262,1680,0.681159420289855,0.5450819772421113,0.12513167175620343,1680,0.5454545454545454,0.725483630952381,0.08004543890794133,1680,0.71875,0.5447920128347844,0.1538009605262016,1680,0.5,0.6027777777777777,0.1940017365877741,1680,0.6666666666666666
STRICT,config_loo,QuadraticDiscriminantAnalysis,standard,smoteenn,on,0.3760279852943696,0.04679580465504615,168,0.374173046816084,0.6920324733667051,0.03547176554318855,168,0.6938454627133872,0.552840317332869,0.05451135197093723,168,0.5619228336495888,0.7327863577863578,0.02171963446807833,168,0.7364864864864865,0.5355229517176487,0.04453070046478063,168,0.5263157894736842,0.5977891156462585,0.13260513688660325,168,0.5952380952380952
STRICT,config_kfold,GaussianNB,standard,none,on,0.3756482246744,0.07965591426922981,756,0.3852931636126351,0.6639281133328753,0.03612343838607685,756,0.6665909090909091,0.49772190172160685,0.06829250253373705,756,0.5048552754435107,0.7611168452055151,0.026080431396940447,756,0.7630459770114943,0.6367849698802079,0.0860221153880675,756,0.6575,0.43845679012345673,0.06427585299197448,756,0.45
IMPUTED,config_strat80,RandomForestClassifier,standard,smoteenn,off,0.3755137276727063,0.1804470011156165,5760,0.3768673314407159,0.6952168880837359,0.09146481589924732,5760,0.6908212560386473,0.5639833453680907,0.12007249576161284,5760,0.5555555555555556,0.7130750868055555,0.09293709879451707,5760,0.71875,0.5163344662933075,0.14280356557873644,5760,0.5,0.6543981481481482,0.15721514023323754,5760,0.6666666666666666
STRICT,config_random80,GaussianNB,robust,smote,off,0.375499426131658,0.11850024599784768,228,0.3731012536223182,0.7081428138350335,0.06426491562673352,228,0.7159090909090908,0.5484411935278383,0.0963879807353322,228,0.5634920634920635,0.7039473684210527,0.07796363949058846,228,0.7,0.47501550092494366,0.11627032842962277,228,0.5,0.6985171261487051,0.14157121996616787,228,0.6625
IMPUTED,config_random80,GaussianNB,robust,smote,on,0.37549355429980363,0.20964301578298378,1680,0.4040950971038548,0.7029200147262626,0.11162778301050653,1680,0.7147753720980266,0.5412930991466532,0.1595990475825138,1680,0.5714285714285714,0.7264508928571428,0.09086724087240997,1680,0.71875,0.48264393812671674,0.17951993007872113,1680,0.4615384615384615,0.65588936856794,0.19848639324408215,1680,0.6666666666666666
IMPUTED,config_kfold,RandomForestClassifier,none,smoteenn,off,0.3751768978017342,0.04454725312896155,8064,0.3742021379883851,0.7003014947721696,0.023406002339033765,8064,0.7001811594202898,0.5557688550693638,0.029449938911746087,8064,0.5559343434343434,0.7025576636904762,0.03168955971628938,8064,0.7,0.48803048000295485,0.04294684132110443,8064,0.4831096681096681,0.6930019565696649,0.061202603443267146,8064,0.6849999999999999
IMPUTED,config_strat80,KNeighborsClassifier,maxabs,undersample,off,0.37500783192822484,0.20134673748396378,640,0.3759112094884605,0.6990791062801932,0.10349842349205092,640,0.7028985507246377,0.5741163545121893,0.12713402593035203,640,0.5714285714285714,0.7001953125,0.10900146505122663,640,0.6875,0.49982173804759905,0.14464786912447467,640,0.4705882352941176,0.6965277777777777,0.13744423422461358,640,0.7777777777777778
IMPUTED,config_random80,KNeighborsClassifier,robust,smoteenn,on,0.3749685320768098,0.1682095280761301,8960,0.4098780306383839,0.7101669313677655,0.0932745264092311,8960,0.728744939271255,0.5426338788040437,0.12904526418890874,8960,0.56,0.6907505580357143,0.08609123129405923,8960,0.6875,0.44276756097517567,0.1371025473790695,8960,0.4285714285714285,0.7506799246140764,0.18630897273737201,8960,0.7692307692307693
IMPUTED,config_loo,KNeighborsClassifier,maxabs,smoteenn,on,0.37494916670258155,0.04767267382122792,895,0.3766454337124869,0.7082323426910212,0.025824294643529574,895,0.7108150470219436,0.5708229736318202,0.02857452164666973,895,0.5714285714285714,0.6812779329608938,0.03634619346340986,895,0.68125,0.4562996567761392,0.03572922275432048,895,0.4507042253521127,0.768131030980193,0.05092418940216159,895,0.7727272727272727
IMPUTED,config_kfold,KNeighborsClassifier,none,none,off,0.37492627224373504,0.049408063319844334,639,0.3758372956937039,0.6731128406608096,0.02448553011348428,639,0.6727272727272727,0.5099280243760668,0.04406770583956981,639,0.5066993464052287,0.7616686228482004,0.016734132211115697,639,0.7625,0.5961492072524937,0.05305685993441318,639,0.595,0.4753060337332638,0.05054232039478844,639,0.475
IMPUTED,config_kfold,KNeighborsClassifier,standard,smoteenn,on,0.37491897556023673,0.05293976333559341,17892,0.3750765950415471,0.7030055952388317,0.028599035258985016,17892,0.7034090909090909,0.5627490185898644,0.03321736982498648,17892,0.5628996806957827,0.6914392605633803,0.036475886054759626,17892,0.69375,0.47356886822103644,0.041341018812856976,17892,0.47053133957545723,0.7280529473135107,0.07250300092302737,17892,0.7277777777777777
IMPUTED,config_kfold,KNeighborsClassifier,none,smoteenn,off,0.3747346227050264,0.03618112471914442,2556,0.3743836367731981,0.7053414692272112,0.020190537445026246,2556,0.7054951690821256,0.565910210772647,0.022189003423010334,2556,0.56587507955424,0.6709555946791863,0.02928997317127839,2556,0.66875,0.45322183549777184,0.027502945327075715,2556,0.4512265512265512,0.7815927664753957,0.03905536196837372,2556,0.78
IMPUTED,config_strat80,KNeighborsClassifier,robust,undersample,on,0.3745354193906808,0.16114938247100957,4480,0.3768673314407159,0.6961535973084886,0.08265781106298196,4480,0.6980676328502415,0.5642293332361195,0.10646962543353178,4480,0.5657142857142857,0.7164760044642857,0.07991915574299378,4480,0.71875,0.51223902286347,0.12037221655411481,4480,0.5,0.6497023809523809,0.1435837238658155,4480,0.6666666666666666
IMPUTED,config_strat80,QuadraticDiscriminantAnalysis,standard,smote,on,0.37449332335017804,0.1561008403702639,1680,0.3768673314407159,0.6942259029215551,0.08038101989718403,1680,0.6908212560386473,0.5581983904877628,0.11149224548136787,1680,0.5555555555555556,0.7251488095238096,0.07051745080579086,1680,0.71875,0.5203902610148463,0.11662307880287517,1680,0.5,0.6235449735449735,0.15565294475307004,1680,0.6666666666666666
IMPUTED,config_random80,GaussianNB,maxabs,smote,off,0.3742172570589479,0.15001955954790255,240,0.3544898773270556,0.704491332233323,0.08130562574248498,240,0.6880357142857143,0.5391052556068541,0.11123731296298789,240,0.5577777777777778,0.71796875,0.06878238349145582,240,0.703125,0.4756025265584089,0.14891913610043186,240,0.4545454545454545,0.672991452991453,0.1774627791398774,240,0.625
IMPUTED,config_kfold,GaussianNB,robust,smote,off,0.3741450982829588,0.03179707646595457,336,0.3761644195857507,0.697659632034632,0.015506165107328737,336,0.6994548748353095,0.5507772493439402,0.02044268958535615,336,0.5519820054087788,0.7220982142857143,0.016769019847696905,336,0.725,0.50456988622955,0.02860742093056011,336,0.5039713064713065,0.6415178571428571,0.025559627133601114,336,0.6388888888888888
STRICT,config_loo,GaussianNB,maxabs,smote,on,0.37396201649986466,0.03822870360280729,71,0.374173046816084,0.6991951710261569,0.022181777318012297,71,0.7012578616352201,0.5680169699152762,0.027370309625121738,71,0.5714285714285714,0.7196421773886563,0.01708855553730125,71,0.7162162162162162,0.5060879804516629,0.025594897671591253,71,0.5,0.6519114688128772,0.06468961015635902,71,0.6428571428571429
IMPUTED,config_kfold,LogisticRegression,maxabs,smoteenn,off,0.37378469444773244,0.12618537645433572,960,0.4115705729784268,0.6992194362099254,0.07356710655552559,960,0.7232954545454546,0.5580664501287083,0.08599455260085347,960,0.5856718868892782,0.6442317708333333,0.12458682624673087,960,0.69375,0.4516443779740706,0.08151318615923556,960,0.4741847041847041,0.8203993055555556,0.15288709822832316,960,0.8550000000000001
STRICT,config_loo,GaussianNB,robust,smote,off,0.3737808556750573,0.0430487197326504,8,0.3425890948707095,0.6990959119496856,0.023366438245925453,8,0.6821653189577718,0.5686677631578947,0.029395884846985104,8,0.5473684210526316,0.7221283783783783,0.01748476924009344,8,0.7094594594594594,0.5079926624737945,0.02405102709447939,8,0.490566037735849,0.6458333333333334,0.03696779782191182,8,0.6190476190476191
STRICT,config_strat80,GaussianNB,robust,smote,off,0.3737796948454695,0.14749771660028602,240,0.363696483726654,0.6900793650793651,0.06558168911443651,240,0.6984126984126984,0.576007699204546,0.08630990765841652,240,0.5833333333333334,0.7083333333333334,0.08139303202659655,240,0.7,0.5404699467199467,0.1443287386303648,240,0.5,0.6444444444444444,0.09706685467001991,240,0.6666666666666666
STRICT,config_loo,RandomForestClassifier,robust,smoteenn,off,0.373768029240503,0.035121387791073856,258,0.3817639887950308,0.6948240317042423,0.0203601581455747,258,0.6967654986522911,0.5619620292433661,0.02724572182713589,258,0.5660377358490566,0.7252776031845799,0.026381718348520683,258,0.722972972972973,0.520430327324144,0.04405174525764262,258,0.5087719298245614,0.6244001476559616,0.08455145130081984,258,0.6190476190476191
STRICT,config_strat80,KNeighborsClassifier,maxabs,undersample,off,0.373585027207234,0.12329008064518288,640,0.4075500715665535,0.6960565476190477,0.06638050155021001,640,0.7063492063492063,0.5741981935216915,0.08547935402331236,640,0.5882352941176471,0.7036458333333333,0.058769976940035114,640,0.7,0.5126739276080172,0.08071542651021692,640,0.5,0.6770833333333333,0.1534255013186446,640,0.6666666666666666
STRICT,config_loo,LogisticRegression,maxabs,none,off,0.3735305488982026,0.14763327743979987,10,0.4129574716124209,0.6809973045822103,0.10885755538571878,10,0.7259658580413297,0.47090946843853826,0.2448485391187652,10,0.59375,0.7283783783783784,0.044455602852163316,10,0.75,0.6407530454042082,0.20372203723604507,10,0.5555555555555556,0.5714285714285714,0.37055928666440485,10,0.8095238095238095
IMPUTED,config_kfold,SVC_linear,standard,none,on,0.37329033091953945,0.0581047037343733,1421,0.3803236694702102,0.6493560177239766,0.026939083438574162,1421,0.6516666666666666,0.44831094933191307,0.05769804151705511,1421,0.4578571428571428,0.779182793807178,0.01592627339876596,1421,0.78125,0.676425722998559,0.07819750326397487,1421,0.6916666666666667,0.3604527328172648,0.054071300270036746,1421,0.3638888888888889
IMPUTED,config_strat80,QuadraticDiscriminantAnalysis,maxabs,undersample,on,0.37322796390228213,0.20458883435203382,840,0.38737781366765,0.6859730848861284,0.11280252564201526,840,0.6908212560386473,0.4987517596551822,0.22751578297764882,840,0.5555555555555556,0.7298363095238095,0.08326387694125857,840,0.71875,0.5183168223945559,0.26010427748500936,840,0.5,0.5857142857142857,0.3129115818005168,840,0.6666666666666666
IMPUTED,config_random80,RandomForestClassifier,maxabs,smoteenn,off,0.3731222165579291,0.14847389935856736,5760,0.3777777777777777,0.7037094529878763,0.08037239897336572,5760,0.7083333333333333,0.5410076783029286,0.1032381415881966,5760,0.5555555555555556,0.7184678819444444,0.08340517526306895,5760,0.71875,0.48050425064534324,0.13291016120472335,5760,0.5,0.6675876216761634,0.15953188934217652,5760,0.625
STRICT,config_strat80,QuadraticDiscriminantAnalysis,standard,smoteenn,on,0.37303837721569566,0.17662341643805704,1680,0.3851644432598216,0.6796201814058958,0.08966311834177035,1680,0.6825396825396826,0.5387216841937434,0.14564594974418593,1680,0.5555555555555556,0.7276587301587302,0.07835459608086077,1680,0.7333333333333333,0.5809385871675787,0.1780924174211229,1680,0.5454545454545454,0.5595238095238095,0.20611782087903208,1680,0.5555555555555556
STRICT,config_loo,LogisticRegression,maxabs,smoteenn,off,0.3728764719494147,0.11059449307918441,48,0.41707603046191943,0.693087376460018,0.07881716822152464,48,0.7289982030548068,0.5520155049909524,0.1220214248693373,48,0.6000302548975116,0.6517454954954954,0.12289252224141499,48,0.6959459459459459,0.48668180618799384,0.1240175273770767,48,0.4802597402597403,0.7886904761904762,0.22489363208396496,48,0.8571428571428571
IMPUTED,config_random80,RandomForestClassifier,standard,smoteenn,off,0.3727852563440144,0.1559367076557107,5760,0.3450048406631009,0.7008342472376428,0.08684304462916279,5760,0.6875,0.5359792290453718,0.11212808782889253,5760,0.5333333333333333,0.7305013020833333,0.07814859401279849,5760,0.71875,0.49384487965946783,0.13978584709512962,5760,0.4615384615384615,0.6340109678130511,0.17055065353018176,5760,0.625
STRICT,config_strat80,QuadraticDiscriminantAnalysis,robust,smoteenn,on,0.3724922431012247,0.16858857514047923,1680,0.3851644432598216,0.6836073318216175,0.08698227915476914,1680,0.6825396825396826,0.5442270559276757,0.1420100299510853,1680,0.56,0.721388888888889,0.07604426355796788,1680,0.7333333333333333,0.558582603287386,0.1632403027092351,1680,0.5454545454545454,0.5891534391534391,0.21492879584564728,1680,0.5555555555555556
STRICT,config_random80,KNeighborsClassifier,none,smote,off,0.37229738441521093,0.15753341949648944,1264,0.3731012536223182,0.7084308063557857,0.08626262919998536,1264,0.7142857142857142,0.552804543524279,0.11247375435240178,1264,0.5555555555555556,0.695253164556962,0.09214971260613244,1264,0.7,0.46305073207965153,0.12489237487373489,1264,0.4615384615384615,0.7258671137231263,0.1297290514571358,1264,0.75
STRICT,config_random80,GaussianNB,standard,smote,off,0.37229226065449456,0.11315202764762496,228,0.3731012536223182,0.7060705011362906,0.061142088427237194,228,0.7159090909090908,0.5464434612526904,0.09331909041348967,228,0.5555555555555556,0.7035087719298246,0.07732285374493457,228,0.7,0.47450176027962404,0.11423880485605369,228,0.5,0.6933479532163743,0.13759770530155954,228,0.6625
STRICT,config_kfold,KNeighborsClassifier,maxabs,smoteenn,on,0.372095413763584,0.04952629423144086,17920,0.371830837573525,0.7000988327149041,0.026198580481323168,17920,0.7001984126984127,0.5702484087592264,0.029655893460553313,17920,0.568939393939394,0.6758627360426929,0.038348038268355845,17920,0.6771428571428572,0.47127495564342425,0.04185022491350464,17920,0.4686886724386724,0.7560323660714285,0.05617919769807122,17920,0.76
STRICT,config_loo,RandomForestClassifier,none,smoteenn,off,0.3719980385015069,0.03241326756534906,259,0.3738487656727224,0.701158127707993,0.01770023286340314,259,0.7012578616352201,0.5707093435448035,0.021021518831084194,259,0.5714285714285714,0.7026766148387771,0.027004089296760188,259,0.7027027027027027,0.4874584253715457,0.0324407873067085,259,0.4821428571428571,0.6976466262180548,0.07334858951675358,259,0.6666666666666666
IMPUTED,config_strat80,KNeighborsClassifier,robust,undersample,off,0.3719768543634471,0.16938475753240256,640,0.3363307829750928,0.6941878019323672,0.08475667119469564,640,0.682367149758454,0.5643636376105909,0.1112960886958967,640,0.54858934169279,0.7150390625,0.08733579740133433,640,0.71875,0.5139714191118264,0.1318072315289032,640,0.5,0.6465277777777778,0.130315274434659,640,0.6666666666666666
STRICT,config_loo,KNeighborsClassifier,standard,undersample,on,0.37187531387023054,0.056233003164901256,447,0.374173046816084,0.6975790485034502,0.031586613650115336,447,0.6963162623539982,0.5656822081270769,0.03969822416211063,447,0.5652173913043478,0.7192847209625733,0.025492769253048702,447,0.722972972972973,0.5062504319402672,0.036639791941272835,447,0.5084745762711864,0.647384680941728,0.07903834284399229,447,0.6428571428571429
STRICT,config_loo,GaussianNB,standard,smote,off,0.37173089474753324,0.041411453290088676,13,0.3946339545592893,0.6992190199737369,0.021850482402972174,13,0.7106918238993711,0.5690737833594977,0.026912859714898308,13,0.5833333333333334,0.7172557172557172,0.01947504573305116,13,0.7297297297297297,0.5016788766788767,0.025948096411192736,13,0.5178571428571429,0.6575091575091575,0.028403044723939223,13,0.6666666666666666
STRICT,config_strat80,SVC_linear,standard,none,on,0.371495771630749,0.16192216821617303,840,0.408248290463863,0.64572940287226,0.0762691369987658,840,0.6349206349206349,0.4530231995468616,0.16252015445802398,840,0.4615384615384615,0.7587301587301588,0.04990231422103815,840,0.7666666666666667,0.709157819693534,0.23736988572026235,840,0.6666666666666666,0.3632275132275132,0.17398598465073725,840,0.3333333333333333
IMPUTED,config_random80,GaussianNB,none,smote,off,0.3713594094940314,0.15129788298394142,240,0.3522267206477733,0.7032537888842237,0.08342071277840682,240,0.6766281087333719,0.5381505833609415,0.11297526084758701,240,0.56,0.717578125,0.07062344078054435,240,0.71875,0.4720722669895464,0.14112224135355123,240,0.4666666666666667,0.6718398962148963,0.17719449409062393,240,0.6458333333333333
IMPUTED,config_kfold,GaussianNB,maxabs,smote,off,0.3713482062151058,0.03177207620318478,336,0.3736696687034937,0.6970869800489365,0.01622213288468175,336,0.6980681818181818,0.5501301261060397,0.021603619871489493,336,0.5484114238164581,0.7185267857142857,0.017221841298108283,336,0.71875,0.49932654005658206,0.02782766417231635,336,0.4995588235294117,0.6475595238095239,0.027977065267818294,336,0.6475
STRICT,config_strat80,GaussianNB,maxabs,none,off,0.3713252131240317,0.12367867662556216,60,0.3634138666660607,0.6761904761904761,0.050971574308114456,60,0.6706349206349207,0.5450390244430492,0.07685764834165423,60,0.5393939393939393,0.7333333333333333,0.0562480382583216,60,0.7333333333333333,0.5919871794871795,0.16020529624773142,60,0.5584415584415584,0.5333333333333333,0.10978492927901577,60,0.5555555555555556
STRICT,config_strat80,GaussianNB,none,none,off,0.3713252131240317,0.12367867662556216,60,0.3634138666660607,0.6761904761904761,0.050971574308114456,60,0.6706349206349207,0.5450390244430492,0.07685764834165423,60,0.5393939393939393,0.7333333333333333,0.0562480382583216,60,0.7333333333333333,0.5919871794871795,0.16020529624773142,60,0.5584415584415584,0.5333333333333333,0.10978492927901577,60,0.5555555555555556
STRICT,config_strat80,GaussianNB,robust,none,off,0.3713252131240317,0.12367867662556216,60,0.3634138666660607,0.6761904761904761,0.050971574308114456,60,0.6706349206349207,0.5450390244430492,0.07685764834165423,60,0.5393939393939393,0.7333333333333333,0.0562480382583216,60,0.7333333333333333,0.5919871794871795,0.16020529624773142,60,0.5584415584415584,0.5333333333333333,0.10978492927901577,60,0.5555555555555556
STRICT,config_strat80,GaussianNB,standard,none,off,0.3713252131240317,0.12367867662556216,60,0.3634138666660607,0.6761904761904761,0.050971574308114456,60,0.6706349206349207,0.5450390244430492,0.07685764834165423,60,0.5393939393939393,0.7333333333333333,0.0562480382583216,60,0.7333333333333333,0.5919871794871795,0.16020529624773142,60,0.5584415584415584,0.5333333333333333,0.10978492927901577,60,0.5555555555555556
IMPUTED,config_kfold,GaussianNB,maxabs,smoteenn,on,0.3713000098360311,0.056255194478571455,2352,0.37246941008199197,0.6929166946752351,0.03118729635402107,2352,0.6942045454545455,0.5423928266026488,0.04469167093853587,2352,0.5454698079698079,0.7219387755102041,0.030903748254500988,2352,0.71875,0.5107875293807166,0.05471867721143571,2352,0.5066269841269841,0.6280243764172335,0.09683267484780077,2352,0.6341666666666667
IMPUTED,config_kfold,SVC_linear,standard,none,off,0.37125488124995165,0.04952377285915891,203,0.3775620417614633,0.6483230192263175,0.022907699450817186,203,0.6515096618357488,0.44436962937252705,0.052993864130471836,203,0.4538095238095238,0.779064039408867,0.011784663949153548,203,0.78125,0.6759594182500586,0.07716052058582068,203,0.690952380952381,0.35701423097974816,0.04992124262374742,203,0.3611111111111111
STRICT,config_kfold,GaussianNB,none,smote,off,0.3709775366651563,0.04196457104242062,432,0.3747518887324436,0.6945133627946127,0.021044612225599595,432,0.6956313131313131,0.5600670234949354,0.030555557446637457,432,0.5623790536948432,0.7138789682539682,0.021410611395845935,432,0.7154351395730706,0.5099460859356693,0.0371827792600973,432,0.5054166666666666,0.6504282407407408,0.03371454603290236,432,0.645
STRICT,config_strat80,QuadraticDiscriminantAnalysis,standard,undersample,on,0.3709502589176396,0.15688193157906175,840,0.4075500715665535,0.6925925925925925,0.08405834213542243,840,0.7063492063492063,0.5660000954179423,0.10673904023907844,840,0.5882352941176471,0.7066666666666667,0.06540725387717844,840,0.7166666666666666,0.5174164391863971,0.10333875316730927,840,0.5147058823529411,0.6574074074074073,0.19165197534058195,840,0.6666666666666666
STRICT,config_loo,KNeighborsClassifier,none,none,off,0.3705686899425357,0.02164160807253537,32,0.3757730170152481,0.6735596361185984,0.013453814533310807,32,0.6695867026055705,0.5282277567616971,0.022304482487843447,32,0.5205479452054794,0.7563344594594594,0.008907402540810315,32,0.7567567567567568,0.5876153968590832,0.023314165365286535,32,0.5917467948717949,0.48214285714285715,0.04056870244621895,32,0.488095238095238
STRICT,config_loo,QuadraticDiscriminantAnalysis,standard,none,off,0.3704850448739247,0.03483009237896622,6,0.3766995032161185,0.6784965558550464,0.01809071096391291,6,0.679245283018868,0.5375639623178301,0.027544665434098694,6,0.5384615384615384,0.7522522522522523,0.012580396435827859,6,0.7567567567567568,0.5712058212058212,0.023925591746439812,6,0.5833333333333334,0.5079365079365079,0.03253000243161784,6,0.5
STRICT,config_kfold,QuadraticDiscriminantAnalysis,standard,smoteenn,on,0.3703964236054723,0.06804437832551662,3360,0.3749228959215243,0.6829130054799698,0.04241692601669431,3360,0.6860227272727273,0.5298583536944521,0.07528316125433548,3360,0.5418253968253968,0.7309980842911877,0.028073380114585298,3360,0.7354351395730706,0.5482680641542594,0.06418596273292031,3360,0.5433333333333333,0.5719031084656084,0.1398619012713376,3360,0.585
IMPUTED,config_kfold,KNeighborsClassifier,maxabs,smote,on,0.3702586483823239,0.05564029423972354,17884,0.36994840281617514,0.6971744334027113,0.02983982043438362,17884,0.6977272727272728,0.5555612856279095,0.03829139650460303,17884,0.557065157065157,0.7107519290986356,0.02806701097347133,17884,0.7125,0.4930225313069385,0.04027347677825907,17884,0.489047619047619,0.6665425644275454,0.06466497734396413,17884,0.665
STRICT,config_loo,QuadraticDiscriminantAnalysis,standard,none,on,0.37003113001957955,0.08393285311612643,42,0.3980335009325598,0.6747957044453001,0.042616427318596314,42,0.6911500449236299,0.5283108991820983,0.07315141913490282,42,0.5569620253164557,0.7567567567567567,0.02669539450404296,42,0.7635135135135135,0.5822936854304575,0.05899741035528112,42,0.5897435897435898,0.48526077097505665,0.08128856560748743,42,0.5238095238095238
STRICT,config_random80,LogisticRegression,maxabs,undersample,off,0.37001856612215983,0.19560645966761914,240,0.40150965371986225,0.6986403396321875,0.10801912530242541,240,0.7115384615384616,0.5128601926311924,0.20112027282915312,240,0.5450928381962865,0.6633333333333333,0.13976136931686106,240,0.7,0.42085622214877494,0.19863643874491774,240,0.4375,0.7631183862433862,0.29653236913383485,240,0.875
IMPUTED,config_random80,GaussianNB,standard,smote,off,0.3699030251614051,0.15339350863738985,240,0.3391021570043601,0.7014544024762847,0.08230837093213617,240,0.6713900134952767,0.5364827881694889,0.11339830870096293,240,0.5577777777777778,0.71875,0.06896481274889056,240,0.6875,0.47591928904428904,0.15154168674474167,240,0.458041958041958,0.6627533577533578,0.17335012001869735,240,0.625
IMPUTED,config_loo,KNeighborsClassifier,none,undersample,off,0.36961988277598135,0.04427357782112069,64,0.3689452260608618,0.7020596590909091,0.024236135773023672,64,0.700039184952978,0.564515250344116,0.028804471907128464,64,0.5622551524442173,0.7060546875,0.024924706807194465,64,0.70625,0.4781111068640439,0.03056732830690897,64,0.4782608695652174,0.6931818181818182,0.05640179316361638,64,0.6931818181818181
STRICT,config_kfold,QuadraticDiscriminantAnalysis,standard,smote,on,0.369256198730937,0.06451453176666462,3360,0.3688278955922487,0.6902446295437367,0.035862490437739036,3360,0.6892839105339106,0.5495935497226067,0.05178596617120419,3360,0.5518249567769691,0.7195223043240285,0.022878601842731442,3360,0.7183661740558291,0.5204341293560527,0.04496038808683828,3360,0.5199511599511599,0.6226147486772486,0.08786584870382673,3360,0.62
STRICT,config_loo,KNeighborsClassifier,robust,smoteenn,off,0.3689360338645245,0.04222257204309003,128,0.35951314785122185,0.6989660545822103,0.0241629388071499,128,0.6956424079065588,0.5677493947233374,0.02916454701241066,128,0.5648370497427101,0.7068201013513513,0.024150414801214423,128,0.7027027027027027,0.49063565753156174,0.029976818205544195,128,0.4857142857142857,0.6808035714285714,0.07315361648109926,128,0.6785714285714286
STRICT,config_loo,KNeighborsClassifier,maxabs,none,on,0.368674033874485,0.04503039837196187,224,0.3689081377845243,0.6673786259786934,0.02248361925414988,224,0.6648697214734951,0.5166275288246095,0.036834941316216584,224,0.5135135135135135,0.7600748069498069,0.01618779919616481,224,0.7635135135135135,0.6035435286744562,0.038585967866427914,224,0.6071428571428571,0.45301870748299317,0.04389214806373965,224,0.4523809523809524
IMPUTED,config_random80,RandomForestClassifier,robust,smote,off,0.36837805150393527,0.15676884191828436,5760,0.3418817293789138,0.6863499390989022,0.08087043728265866,5760,0.6787439613526569,0.5216818172167623,0.11523867691763236,5760,0.5263157894736842,0.7518988715277778,0.07388485133474403,5760,0.75,0.5278025425282181,0.15351467266840643,5760,0.5454545454545454,0.5504539220424637,0.15664666458971307,5760,0.5
STRICT,config_random80,GaussianNB,standard,smoteenn,off,0.36837625347109537,0.11612610283630019,228,0.3700004732374948,0.7003106336201301,0.06807742697281796,228,0.6994318181818182,0.5334992614778092,0.09639672676597631,228,0.5454545454545454,0.7118421052631579,0.07017995483574054,228,0.7166666666666666,0.486268130734075,0.11686688767795485,228,0.5,0.6563178780284044,0.18249126163101487,228,0.625
STRICT,config_random80,QuadraticDiscriminantAnalysis,robust,undersample,off,0.36815597313617027,0.1513056184468078,120,0.3424747597107866,0.7052560302016823,0.08209550063757674,120,0.6931818181818181,0.5482893033006095,0.10637775237007217,120,0.5454545454545454,0.6827777777777778,0.101802919519324,120,0.7,0.45834335756549377,0.1296916493494009,120,0.458041958041958,0.7373809523809524,0.1419980094439487,120,0.75
IMPUTED,config_kfold,KNeighborsClassifier,maxabs,smoteenn,on,0.3679336949085007,0.04590225918613409,17881,0.3682244289857488,0.7006648660911201,0.02504649261723819,17881,0.7007575757575758,0.5607950012038477,0.02749067579282482,17881,0.5599257605139958,0.6709590487109223,0.03835459533449431,17881,0.675,0.4540665248482232,0.0374053159699715,17881,0.4516810966810967,0.7660382218245313,0.055156989740117325,17881,0.77
STRICT,config_loo,GaussianNB,maxabs,smote,off,0.3679273378002902,0.07508759147687998,11,0.3025719782220187,0.697806910071061,0.03964841490096085,11,0.6632973944294699,0.5676635142427083,0.048726516631148145,11,0.5252525252525253,0.7131449631449631,0.03528601134237117,11,0.6824324324324325,0.49673771204871675,0.04664281690678987,11,0.4561403508771929,0.6623376623376623,0.04973647313019939,11,0.6190476190476191
STRICT,config_random80,GaussianNB,robust,smoteenn,off,0.36785541967231977,0.13258492941666145,228,0.3429971702850177,0.6996065433422414,0.07298818605276375,228,0.6878607503607503,0.5354040795428033,0.10555836373271568,228,0.5298245614035088,0.7135964912280701,0.07254096651665362,228,0.7166666666666666,0.4869320136348,0.12853162712196725,228,0.5,0.6528195488721805,0.17175081761540817,228,0.625
IMPUTED,config_loo,LogisticRegression,maxabs,none,off,0.36776116326390274,0.14936624028465925,10,0.4028575111910458,0.6823667711598747,0.10616434076445154,10,0.7249216300940439,0.474653812978281,0.22593781480390743,10,0.5846153846153846,0.73375,0.04009537241239803,10,0.74375,0.5666307994909175,0.08780000526026742,10,0.5522388059701493,0.5681818181818181,0.3530660665979104,10,0.7954545454545454
IMPUTED,config_kfold,GaussianNB,none,smote,off,0.36759450062026355,0.03898291206922608,336,0.36897496367043675,0.6947222908432147,0.01994436223335671,336,0.6951515151515151,0.5478870159924077,0.025635578285151013,336,0.5473418972332016,0.7178013392857143,0.020320596631366174,336,0.71875,0.49885347145851344,0.03165765911764785,336,0.4992063492063492,0.6416220238095238,0.03183794461776716,336,0.6388888888888888
IMPUTED,config_loo,QuadraticDiscriminantAnalysis,maxabs,none,off,0.3675836718454874,0.0,2,0.3675836718454874,0.6767241379310345,0.0,2,0.6767241379310345,0.5301204819277109,0.0,2,0.5301204819277109,0.75625,0.0,2,0.75625,0.5641025641025641,0.0,2,0.5641025641025641,0.5,0.0,2,0.5
IMPUTED,config_kfold,LinearDiscriminantAnalysis_svd,maxabs,none,on,0.367472247834604,0.07261962253662493,280,0.3619684131163602,0.6550077404479578,0.03590745176276268,280,0.6494559727711902,0.46693111333602266,0.06919103051260513,280,0.4513492063492063,0.7711160714285714,0.02100024344274082,280,0.76875,0.6410406101834673,0.07882116128314552,280,0.657142857142857,0.39622619047619045,0.07267543052378,280,0.3805555555555555
STRICT,config_loo,SVC_linear,none,undersample,off,0.36729458875246074,0.045900413911591886,24,0.34903370593138366,0.6958295896975143,0.03137794124436573,24,0.6860961365678347,0.5607635995521904,0.037901742985615175,24,0.5534137993154387,0.7015765765765766,0.03343929337550495,24,0.7128378378378378,0.4892507027096591,0.034395713096852104,24,0.4964788732394366,0.6825396825396824,0.13983459945910784,24,0.7023809523809523
IMPUTED,config_kfold,SVC_linear,robust,none,off,0.3672651125077967,0.053557262137099715,203,0.3750346480714214,0.6477820018562148,0.024353410308929502,203,0.6493181818181818,0.44243742137030123,0.056128572246827754,203,0.4472527472527473,0.77814039408867,0.012567490823012345,203,0.78125,0.6652322308233639,0.08138875659352703,203,0.6842857142857143,0.35752052545155993,0.05301767136069071,203,0.36
STRICT,config_random80,GaussianNB,robust,smote,on,0.36722683593782035,0.21148088019906408,1596,0.3202563076101743,0.7001825850224019,0.11186341241211385,1596,0.6904761904761905,0.5410174745214981,0.15331855751751836,1596,0.5217391304347826,0.7000000000000001,0.11847163243029989,1596,0.7,0.4796637682767481,0.16451700322020157,1596,0.4615384615384615,0.6797857739587063,0.19875177530862614,1596,0.625
STRICT,config_loo,KNeighborsClassifier,maxabs,smoteenn,on,0.3671166520558379,0.042914498663737005,894,0.3654846809036986,0.7017347355133856,0.023486458307511164,894,0.7017070979335129,0.5718741408627493,0.025846781941579775,894,0.5714285714285714,0.6811627063304916,0.03277872246261378,894,0.6824324324324325,0.4647316583046742,0.031630949486941874,894,0.4657534246575342,0.7493075529988282,0.05734836492577824,894,0.7619047619047619
STRICT,config_strat80,GaussianNB,standard,smote,off,0.36692775558578483,0.14154332930536717,240,0.363696483726654,0.6880952380952381,0.06524930956367549,240,0.6944444444444444,0.572623548354922,0.08352509356079191,240,0.5773809523809523,0.7066666666666667,0.0773335257055271,240,0.7,0.5323690545565546,0.1300623392814911,240,0.5,0.6416666666666667,0.09143551007519952,240,0.6666666666666666
STRICT,config_kfold,KNeighborsClassifier,maxabs,smote,off,0.36678449288038667,0.0480823047873695,2560,0.3660428392839608,0.6922262975739538,0.02503145567017409,2560,0.6915404040404041,0.5573882154973155,0.03372162184414846,2560,0.5563456426614322,0.7097903966543514,0.0258621764022803,2560,0.71,0.5055150606946212,0.03973208975782362,2560,0.5011724386724387,0.6520538194444445,0.05295439458570354,2560,0.65
STRICT,config_random80,GaussianNB,robust,none,on,0.36673251589922384,0.1937379356269187,399,0.337099931231621,0.6592397014920716,0.08225015869571307,399,0.6647727272727273,0.4610432247982005,0.1735338717730625,399,0.4615384615384615,0.768421052631579,0.06753816335059704,399,0.7666666666666667,0.6194870292614654,0.2625138478359661,399,0.6,0.41370091896407685,0.18405420395913863,399,0.375
STRICT,config_random80,GaussianNB,robust,undersample,on,0.3665778758726075,0.19555379000573794,798,0.3232676249994279,0.6984599088391178,0.10002214176211778,798,0.6818181818181819,0.542401678125862,0.14305267627093193,798,0.5263157894736842,0.6943609022556392,0.11531396992811338,798,0.7,0.47866491145722506,0.16699211518678456,798,0.4545454545454545,0.6904224847833871,0.17728238801695725,798,0.625
IMPUTED,config_loo,QuadraticDiscriminantAnalysis,none,smoteenn,off,0.36657583840743974,0.04083460500221998,24,0.35421267925103916,0.6838590647857888,0.025369496897586778,24,0.677115987460815,0.5397845723868083,0.03680323561081116,24,0.5323869736371227,0.7440104166666667,0.020890433524996987,24,0.753125,0.5380944984741672,0.036554159906223606,24,0.5495098039215687,0.5501893939393939,0.07843784678253976,24,0.5340909090909091
IMPUTED,config_random80,SVC_linear,robust,none,off,0.3664543758379042,0.13326408828313538,120,0.3484895863434363,0.657487256658786,0.0783476691758469,120,0.6451388888888888,0.4570320148261324,0.12900510704870294,120,0.44505494505494503,0.7802083333333333,0.0650646763985339,120,0.78125,0.6281150793650794,0.13081044577438242,120,0.6458333333333333,0.3942022792022792,0.17510052364381393,120,0.375
STRICT,config_strat80,QuadraticDiscriminantAnalysis,robust,smoteenn,off,0.36629324620787324,0.17047675190247058,240,0.3751219041695933,0.6768518518518518,0.09177805975284184,240,0.6746031746031746,0.5151070430170578,0.1794094395006002,240,0.5393939393939393,0.7283333333333333,0.06214064520220228,240,0.7333333333333333,0.5693066040927882,0.1897995190050308,240,0.5313725490196078,0.548148148148148,0.25582054594891385,240,0.5555555555555556
STRICT,config_kfold,GaussianNB,robust,smote,off,0.366188667433024,0.03126778780700935,432,0.37093393524964,0.6917493887285554,0.015523461986700468,432,0.6918993506493507,0.5562580142773398,0.02317579472857008,432,0.5581193470384478,0.712791689472724,0.016848402247775306,432,0.7101806239737274,0.5078375911035224,0.029595467677016794,432,0.5080555555555555,0.6440200617283951,0.028468769767439187,432,0.6444444444444445
STRICT,config_kfold,GaussianNB,maxabs,smote,off,0.3661672191364261,0.033264417217071865,432,0.3686902272820287,0.6914390432098765,0.016625715755656887,432,0.6947330447330446,0.5566579683916023,0.024415871455958832,432,0.5605810761306118,0.7113234355044701,0.0179065848093004,432,0.71064039408867,0.5085155433255923,0.032056926537997375,432,0.5077224164724164,0.6461651234567901,0.029101458757215325,432,0.6444444444444445
STRICT,config_loo,GaussianNB,standard,none,off,0.3658714928077655,0.0,6,0.3658714928077655,0.686657681940701,0.0,6,0.6866576819407009,0.5517241379310345,0.0,6,0.5517241379310345,0.7364864864864865,0.0,6,0.7364864864864865,0.5333333333333333,0.0,6,0.5333333333333333,0.5714285714285714,0.0,6,0.5714285714285714
STRICT,config_loo,GaussianNB,none,none,off,0.3658714928077655,0.0,4,0.3658714928077655,0.6866576819407009,0.0,4,0.6866576819407009,0.5517241379310345,0.0,4,0.5517241379310345,0.7364864864864865,0.0,4,0.7364864864864865,0.5333333333333333,0.0,4,0.5333333333333333,0.5714285714285714,0.0,4,0.5714285714285714
STRICT,config_loo,GaussianNB,robust,none,off,0.3658714928077655,0.0,3,0.3658714928077655,0.686657681940701,0.0,3,0.6866576819407009,0.5517241379310345,0.0,3,0.5517241379310345,0.7364864864864865,0.0,3,0.7364864864864865,0.5333333333333333,0.0,3,0.5333333333333333,0.5714285714285714,0.0,3,0.5714285714285714
STRICT,config_random80,QuadraticDiscriminantAnalysis,none,none,off,0.3655223407514819,0.19967595425460039,60,0.40393368347062786,0.6846084953693649,0.09935045499630137,60,0.7045454545454546,0.5196364056193777,0.14275797089468342,60,0.5298245614035088,0.7444444444444444,0.08562755304545626,60,0.7333333333333333,0.535963480963481,0.18163109155034593,60,0.5,0.5447619047619047,0.1815404509097063,60,0.5
IMPUTED,config_kfold,KNeighborsClassifier,maxabs,none,off,0.36544999611955625,0.04055712284892404,639,0.3673300000677347,0.66225334586939,0.019727329154094628,639,0.6615338164251208,0.49128044608632987,0.03504826219524964,639,0.4925396825396825,0.7619424882629109,0.014355597793177228,639,0.7625,0.6132754213270645,0.0481410953876197,639,0.615079365079365,0.4393661971830986,0.03930990273072734,639,0.44
IMPUTED,config_random80,QuadraticDiscriminantAnalysis,standard,none,off,0.3653902286622557,0.14286269954598546,60,0.3446736529351221,0.6828774965323402,0.07865714592505557,60,0.6624025974025974,0.5067918264512692,0.1020500932816741,60,0.5,0.7489583333333333,0.06169145077618176,60,0.75,0.536391108891109,0.1791011515430895,60,0.5,0.5360826210826211,0.17627343018505987,60,0.5
IMPUTED,config_strat80,LogisticRegression,maxabs,none,on,0.36534579776295406,0.25707257165534825,840,0.4127594582445936,0.679549114331723,0.13901317782025285,840,0.681159420289855,0.4443629469838862,0.29365932633840575,840,0.5454545454545454,0.753125,0.06681680365220996,840,0.71875,0.48771447502650506,0.32364020212957756,840,0.5,0.5113756613756614,0.38599191964909296,840,0.5555555555555556
STRICT,config_strat80,KNeighborsClassifier,maxabs,none,on,0.3653048235381476,0.12119707183061604,2240,0.3851644432598216,0.6655328798185941,0.06045108747348099,2240,0.6666666666666666,0.515168051357592,0.10236751086020013,2240,0.5263157894736842,0.7433333333333333,0.04637844596481936,2240,0.7333333333333333,0.6178818379041593,0.14115949703390648,2240,0.6,0.471031746031746,0.1450507550170363,2240,0.4444444444444444
STRICT,config_loo,KNeighborsClassifier,maxabs,smote,on,0.36529522483267246,0.06868840445421688,895,0.3641684744762948,0.6957214634562584,0.03759262616793967,895,0.6942946990116801,0.5639049221925575,0.04670331143458026,895,0.5631067961165048,0.7123810961799788,0.0312650644269777,895,0.7094594594594594,0.4962103362853651,0.04164877193124681,895,0.4909090909090909,0.657196062782655,0.07484630584438079,895,0.6666666666666666
IMPUTED,config_random80,KNeighborsClassifier,maxabs,smote,on,0.3650931072307119,0.1483996268812378,8960,0.3777777777777777,0.7035858946789717,0.08193698962435195,8960,0.7085714285714286,0.5384620827872847,0.12001786346522643,8960,0.5555555555555556,0.710546875,0.06955785695418222,8960,0.71875,0.4559854612180567,0.12994948856155975,8960,0.4615384615384615,0.6889610792233559,0.15050560905309365,8960,0.6923076923076923
STRICT,config_kfold,GaussianNB,standard,smote,off,0.36476733552283813,0.031061001004332123,432,0.3663931661983205,0.6909813411896745,0.015098442823924014,432,0.6917045454545454,0.5548529411689999,0.02262606731390085,432,0.5565904198701345,0.712861019886882,0.016419836815079164,432,0.7147619047619047,0.5069635808545122,0.02952615235798588,432,0.5114898989898989,0.6412808641975309,0.027955703259851077,432,0.6430555555555555
STRICT,config_kfold,KNeighborsClassifier,standard,smote,on,0.3647448744860348,0.05948244888183417,17920,0.3618924655215089,0.6882004930523345,0.03065542499704171,17920,0.6870454545454545,0.5491829926078532,0.043101974199392754,17920,0.548220551378446,0.7190955844622332,0.027727228811763604,17920,0.7167816091954023,0.5185283242532498,0.04848779777856469,17920,0.5144017094017093,0.616551525297619,0.06313181334110021,17920,0.6166666666666666
STRICT,config_loo,RandomForestClassifier,maxabs,smoteenn,off,0.3646841334710146,0.03414275033192304,259,0.3635218281937376,0.6979319519750786,0.01872496697875156,259,0.6940700808625337,0.567106868933192,0.021180410976528872,259,0.5625,0.6991286653448816,0.024349237722245703,259,0.7027027027027027,0.48195087968538625,0.0286827831312113,259,0.4821428571428571,0.6951645523074094,0.06070184458693494,259,0.6904761904761905
IMPUTED,config_loo,KNeighborsClassifier,none,none,off,0.36438082561844637,0.028694376975443886,32,0.3569314757343571,0.6694504310344828,0.014619695209398874,32,0.6632053291536051,0.5171442486866781,0.023821595782521014,32,0.5091096091683809,0.759765625,0.012290328203050933,32,0.7593749999999999,0.580141031236885,0.03187859555317087,32,0.5847537878787878,0.46875,0.0381830400586504,32,0.4659090909090909
IMPUTED,config_kfold,KNeighborsClassifier,robust,undersample,off,0.3639265043009018,0.06414847502031189,1278,0.3652112159832502,0.6910887013635023,0.03477965799405854,1278,0.691969696969697,0.5474150067462029,0.04591038616338313,1278,0.5485209235209235,0.7125440140845071,0.030936137539764246,1278,0.7125,0.4998387568548654,0.04845704410020206,1278,0.4988690476190476,0.6424856546687533,0.0822342037425892,1278,0.638888888888889
STRICT,config_strat80,GaussianNB,standard,none,on,0.36391922215387995,0.13809990644989767,420,0.3851644432598216,0.6534013605442176,0.06212861674543058,420,0.6507936507936507,0.49011678674659653,0.11247311466555199,420,0.5,0.7490476190476191,0.052834208371752886,420,0.75,0.659592352092352,0.16599024753182426,420,0.625,0.4142857142857143,0.13285704984664962,420,0.4444444444444444
STRICT,config_random80,KNeighborsClassifier,standard,undersample,on,0.3638533254852008,0.17069915895193816,4424,0.3668996928526714,0.698610041331069,0.08879574304531815,4424,0.6988636363636364,0.5402503684087946,0.12363137408609845,4424,0.5454545454545454,0.6960443037974683,0.0976482549659485,4424,0.7,0.47112762374091244,0.14875812381216294,4424,0.4545454545454545,0.6912508252246046,0.17052914276995684,4424,0.6666666666666666
STRICT,config_loo,GaussianNB,none,smoteenn,off,0.36380883601179875,0.0003961084210120531,8,0.3635218281937376,0.6906727313566936,0.0012787603020157918,8,0.6915992812219227,0.5577956989247311,0.001855014944468654,8,0.5591397849462365,0.7255067567567568,0.003496953848018645,8,0.722972972972973,0.5139399509803921,0.005708262898971735,8,0.5098039215686274,0.6101190476190477,0.012322599273970608,8,0.6190476190476191
STRICT,config_loo,KNeighborsClassifier,standard,undersample,off,0.3636624236695231,0.04283789338250439,64,0.3561699403606383,0.6914729335130279,0.02407643515485567,64,0.6892407906558851,0.5581162141460385,0.030805084846821304,64,0.5562974902141378,0.7208614864864865,0.02046152445110512,64,0.722972972972973,0.5088159437738453,0.03206773356368936,64,0.5102040816326531,0.6235119047619048,0.06692464393108509,64,0.6190476190476191
STRICT,config_loo,KNeighborsClassifier,standard,smoteenn,on,0.3636407408023893,0.05287659271301534,896,0.3641684744762948,0.6976714919458349,0.028855522348429932,896,0.6987870619946093,0.5669045165754424,0.03365425231384348,896,0.5684210526315789,0.6967151303088803,0.03166332611310378,896,0.6959459459459459,0.4793597083051893,0.035977437385622923,896,0.4776119402985074,0.6998830782312925,0.06821325046144083,896,0.6904761904761905
STRICT,config_random80,GaussianNB,maxabs,smote,on,0.3630652817286655,0.18812593609523717,1596,0.3731012536223182,0.7006916333820551,0.10336600235605826,1596,0.7159090909090908,0.5372834599502646,0.13844271862473384,1596,0.5454545454545454,0.7026942355889725,0.0957129594586808,1596,0.7,0.4697235465869512,0.14198434841139074,1596,0.5,0.6788160878386442,0.1986030706663313,1596,0.7142857142857143
STRICT,config_random80,SVC_linear,robust,none,on,0.3629910492730159,0.20071324574765034,798,0.3466876226407682,0.6512357212545183,0.09425473201189814,798,0.6428571428571428,0.42689063079144324,0.20384235419337426,798,0.4285714285714285,0.7732247284878864,0.06743711569936271,798,0.8,0.6359821395535681,0.30666453885626377,798,0.6666666666666666,0.37929048812507454,0.22677754500536904,798,0.375
STRICT,config_strat80,KNeighborsClassifier,maxabs,smoteenn,off,0.36262401379679987,0.12749674583384843,1280,0.3563483225498992,0.6920510912698413,0.0663027243917811,1280,0.6904761904761905,0.5789095961821087,0.0760316045197517,1280,0.5714285714285714,0.6700520833333333,0.08223697287252588,1280,0.6666666666666666,0.4837141295317814,0.09345482199146453,1280,0.4666666666666667,0.7470486111111111,0.12176753686472694,1280,0.7777777777777778
STRICT,config_strat80,KNeighborsClassifier,maxabs,smote,on,0.36260868592597323,0.12022926062102303,8960,0.363696483726654,0.6882475907029478,0.06263010229410636,8960,0.6904761904761905,0.5659439131598619,0.0802373508570814,8960,0.5714285714285714,0.7008184523809523,0.062498128571935756,8960,0.7,0.5149109901262139,0.09234653310327033,8960,0.5,0.6568204365079365,0.14556075746276875,8960,0.6666666666666666
STRICT,config_random80,KNeighborsClassifier,maxabs,undersample,off,0.3625792414958265,0.17607712487924942,631,0.3424747597107866,0.7002949147440294,0.09278913555004896,631,0.6988636363636364,0.5464930393616668,0.12609017693739194,631,0.5454545454545454,0.6832012678288432,0.10770771814802599,631,0.6666666666666666,0.45960248909594636,0.1455001358748045,631,0.4545454545454545,0.7259879757502579,0.14431327233658403,631,0.75
IMPUTED,config_random80,RandomForestClassifier,none,smote,off,0.3625127956654239,0.15942864379026397,5760,0.3415145093702769,0.6826039559736284,0.07672531145851913,5760,0.6703703703703703,0.5187299532858533,0.11737639191876828,5760,0.5217391304347826,0.7475423177083333,0.0724907979233665,5760,0.75,0.5244194545412376,0.17641021461747206,5760,0.5,0.5497890434218559,0.1455901877139056,5760,0.5
STRICT,config_kfold,QuadraticDiscriminantAnalysis,standard,none,on,0.36246068489808053,0.06611273178530407,840,0.3697068437268307,0.6667863241256099,0.03321959646849803,840,0.6715909090909091,0.5047214209529557,0.060442305399532915,840,0.5151781225310637,0.7494786535303777,0.021562415507493174,840,0.7502298850574713,0.5928679719751148,0.06372860723479203,840,0.6002777777777777,0.4748981481481481,0.06724716849660903,840,0.49
IMPUTED,config_strat80,KNeighborsClassifier,standard,smoteenn,on,0.36228477756830546,0.1719049492398394,8960,0.3768673314407159,0.693290092305038,0.09012036178732077,8960,0.6932367149758454,0.5646188314173671,0.10574008788405545,8960,0.56,0.6879673549107143,0.0982337153325119,8960,0.6875,0.4838068849554725,0.12016141544350208,8960,0.4666666666666667,0.7054563492063491,0.13927309959671097,8960,0.6666666666666666
STRICT,config_random80,QuadraticDiscriminantAnalysis,standard,smote,on,0.3621297963123984,0.1286466532639407,1680,0.3424747597107866,0.6989947841869426,0.06898556437865819,1680,0.6988636363636364,0.5381289126048538,0.09981881128373511,1680,0.5263157894736842,0.6951984126984128,0.09081699806010497,1680,0.7,0.46884430424830137,0.12196985145290772,1680,0.4615384615384615,0.6889375472411188,0.15311708085702605,1680,0.7
STRICT,config_loo,QuadraticDiscriminantAnalysis,robust,undersample,on,0.3620674994109392,0.09572549108685544,84,0.3948461301141082,0.6951985196594361,0.0521594356685084,84,0.7133872416891285,0.5632765696605382,0.0651756100845775,84,0.5849056603773585,0.707046332046332,0.044072295083350504,84,0.7162162162162162,0.48929606095482936,0.05537835207604802,84,0.5,0.6678004535147393,0.08991922977786826,84,0.6904761904761905
IMPUTED,config_kfold,QuadraticDiscriminantAnalysis,robust,undersample,on,0.362029837277716,0.07555126103463647,1680,0.37123251839838806,0.6928001521425434,0.04026060010648911,1680,0.6980676328502415,0.5451104729044304,0.05467189028925199,1680,0.5516806722689076,0.7081026785714285,0.03450491469552683,1680,0.7125,0.48652565952975063,0.051265137474708865,1680,0.4911111111111111,0.6578511904761906,0.07917864136876114,1680,0.6611111111111111
STRICT,config_strat80,LogisticRegression,none,undersample,off,0.361826057913283,0.1125589324938179,240,0.365079365079365,0.683068783068783,0.05906864411656262,240,0.6825396825396826,0.5550022262529385,0.07923702611708514,240,0.5657142857142857,0.7100000000000001,0.05730666565422731,240,0.7333333333333333,0.5327658546447246,0.09726838549868977,240,0.5358974358974359,0.6157407407407407,0.16319542328690823,240,0.5555555555555556
STRICT,config_strat80,GaussianNB,none,smote,off,0.36182298709242916,0.15449535577300744,240,0.3422314988312732,0.6837301587301587,0.07073449055021204,240,0.6785714285714286,0.5673423880872647,0.0914053148891414,240,0.56,0.7066666666666667,0.08239781719766628,240,0.7,0.5361427461427462,0.14297144880596022,240,0.5,0.6263888888888889,0.09681708107227115,240,0.6111111111111112
STRICT,config_loo,QuadraticDiscriminantAnalysis,none,none,off,0.3617818471799826,0.02878525899752568,6,0.3634218921558155,0.6753519017669962,0.015984649851464704,6,0.6745283018867925,0.5329834311001338,0.024460617844772287,6,0.5316455696202531,0.7477477477477478,0.009231487176540192,6,0.75,0.561036036036036,0.0162199695356082,6,0.5675675675675675,0.5079365079365079,0.03253000243161783,6,0.5
IMPUTED,config_random80,LinearDiscriminantAnalysis_svd,maxabs,none,on,0.3617461524376294,0.17706828027232285,140,0.3484895863434363,0.6612783182063176,0.09163509580985645,140,0.6543981481481481,0.46946201876653004,0.152321439396624,140,0.4615384615384615,0.7799107142857142,0.06880020123614179,140,0.78125,0.5952102659245516,0.16183292206480762,140,0.6,0.4116688470259899,0.18384130660546183,140,0.3846153846153846
STRICT,config_kfold,KNeighborsClassifier,maxabs,smoteenn,off,0.36168914339047153,0.04161865911683232,2560,0.3602450561342061,0.6955281526199495,0.02237883013415015,2560,0.6948051948051948,0.5646585223094691,0.02474163949529791,2560,0.562883388752954,0.6649848368226601,0.03327142241509817,2560,0.663448275862069,0.4583075206232767,0.033499522321838573,2560,0.4568144437262084,0.7658129340277778,0.04687684699305836,2560,0.765
IMPUTED,config_random80,GaussianNB,maxabs,smoteenn,on,0.36166367445184017,0.15238815951420787,1680,0.3578300267477955,0.6955896954248336,0.09145815878262971,1680,0.688259109311741,0.5247970325921429,0.11481725828139383,1680,0.5419580419580419,0.7265625,0.07313083638381662,1680,0.71875,0.4791696249564726,0.11443402296935869,1680,0.5,0.6307054552590267,0.20620152580552079,1680,0.6201923076923077
IMPUTED,config_loo,KNeighborsClassifier,maxabs,smote,on,0.36162045297689865,0.06467640293943036,896,0.3614090617663796,0.6959964873488581,0.03534783245724019,896,0.6965125391849529,0.5572638766671039,0.04382440068606341,896,0.5581254331254331,0.7096819196428571,0.030920638135063908,896,0.70625,0.48158640291090765,0.040994342373479944,896,0.4745762711864407,0.6655844155844156,0.07087070176396736,896,0.6590909090909091
IMPUTED,config_kfold,RandomForestClassifier,robust,smoteenn,off,0.36121120406618534,0.05075595562899616,8064,0.3623984675925585,0.6881791912504096,0.025757064239182142,8064,0.6884057971014492,0.5401112759463732,0.03509481613054199,8064,0.5392025518341308,0.7147832961309524,0.03370695666797943,8064,0.7125,0.5035271597456816,0.0511562990750167,8064,0.4997492784992784,0.627613811728395,0.06765303807377449,8064,0.625
STRICT,config_strat80,SVC_linear,none,undersample,off,0.3611816534168834,0.1501121368813112,240,0.3851644432598216,0.6725529100529101,0.07674149221435203,240,0.6706349206349207,0.5311353365471932,0.1285063315710868,240,0.542528735632184,0.7097222222222223,0.08310522009666081,240,0.7333333333333333,0.5668613214056325,0.1889884493072862,240,0.5454545454545454,0.5796296296296296,0.2161816542549662,240,0.5555555555555556
STRICT,config_random80,GaussianNB,maxabs,smote,off,0.3610756434512545,0.1174613179883482,228,0.33287119235510726,0.700163326693647,0.06317848120228714,228,0.6994318181818182,0.5392703281298651,0.09697413994177262,228,0.5263157894736842,0.6969298245614035,0.07819130716562202,228,0.7,0.4658167984406374,0.11508690280121202,228,0.4545454545454545,0.6894005847953216,0.14289014687326834,228,0.7
IMPUTED,config_loo,QuadraticDiscriminantAnalysis,standard,smoteenn,on,0.3610553144019035,0.050413915889469633,168,0.36082602545436254,0.6893006418868488,0.03028111971803365,168,0.6906347962382445,0.5469141263743462,0.04174742649415932,168,0.5513722730471499,0.7212797619047618,0.031995143829735895,168,0.71875,0.5030076875344529,0.04919550002221488,168,0.4915156744319815,0.6182359307359307,0.10661659141063315,168,0.6363636363636364
STRICT,config_strat80,KNeighborsClassifier,standard,smoteenn,on,0.36101636164201995,0.1412954595036709,8960,0.363696483726654,0.69000141723356,0.0742339035589837,8960,0.6904761904761905,0.5723079691900396,0.08691435083958195,8960,0.5714285714285714,0.684702380952381,0.07829913402485467,8960,0.7,0.4965956052598962,0.09685044295808674,8960,0.5,0.7032490079365079,0.14711966712518249,8960,0.6666666666666666
IMPUTED,config_strat80,QuadraticDiscriminantAnalysis,robust,smote,on,0.36081436391227684,0.14880545383687646,1680,0.3759112094884605,0.6875862663906143,0.07616193057353608,1680,0.6908212560386473,0.5498311643456189,0.10658921903373147,1680,0.5555555555555556,0.7187872023809524,0.06808536490863235,1680,0.71875,0.5102439461860072,0.11265922776013891,1680,0.5,0.6162698412698412,0.1483338983503387,1680,0.6666666666666666
STRICT,config_random80,GaussianNB,none,smote,off,0.3607910715800093,0.1223583131450502,228,0.3424747597107866,0.700774600431351,0.0658538255326388,228,0.7,0.5400640811545623,0.09822956645936165,228,0.5263157894736842,0.693859649122807,0.07922356817114261,228,0.7,0.4626230623521645,0.11649337661189915,228,0.4545454545454545,0.6978592314118629,0.14237729235508673,228,0.7
STRICT,config_strat80,KNeighborsClassifier,standard,smoteenn,off,0.3607537892144824,0.1355735799984562,1280,0.363696483726654,0.6896825396825397,0.06985164875207782,1280,0.6904761904761905,0.5712538818812026,0.08613250521870898,1280,0.5714285714285714,0.6854166666666666,0.07302848476096499,1280,0.6666666666666666,0.49670740708218936,0.09885905489496023,1280,0.4705882352941176,0.7003472222222222,0.1473841807603025,1280,0.6666666666666666
STRICT,config_random80,QuadraticDiscriminantAnalysis,standard,undersample,off,0.36065684011414834,0.15299812883200803,120,0.3423811916311629,0.7006227196716328,0.08192805336732342,120,0.6927447552447552,0.5435111283812986,0.10857979185188409,120,0.5454545454545454,0.6766666666666666,0.10466254519174024,120,0.6666666666666666,0.45388683369720517,0.1330253586935426,120,0.4285714285714285,0.735297619047619,0.1427187505861681,120,0.75
STRICT,config_random80,KNeighborsClassifier,standard,smoteenn,on,0.36057613535657956,0.15249036500931293,8848,0.3429971702850177,0.7033015757239851,0.08437517704897818,8848,0.7102272727272727,0.5443344476386907,0.10832857420488363,8848,0.5454545454545454,0.6723138939119951,0.097490615464184,8848,0.6666666666666666,0.44294347729130895,0.11570407883519827,8848,0.4444444444444444,0.7549174416602084,0.14553260394743572,8848,0.75
IMPUTED,config_strat80,QuadraticDiscriminantAnalysis,none,smoteenn,off,0.3604262471589149,0.17604100357357183,240,0.3475240234284579,0.6720813204508856,0.08614505352610485,240,0.6787439613526569,0.513151104927488,0.15235474487464776,240,0.5333333333333333,0.7463541666666667,0.06533618871489218,240,0.75,0.5653385040885042,0.16502655900940058,240,0.5454545454545454,0.5023148148148148,0.19041224445566848,240,0.5555555555555556
IMPUTED,config_loo,GaussianNB,standard,smote,off,0.3603865868768441,0.014285329874401339,9,0.3508630336272432,0.6931818181818182,0.006465517241379287,9,0.688871473354232,0.5545652604476135,0.008318478906714152,9,0.5490196078431373,0.71875,0.009374999999999963,9,0.7125,0.4915360501567398,0.013166144200626922,9,0.4827586206896552,0.6363636363636364,0.0,9,0.6363636363636364
IMPUTED,config_loo,KNeighborsClassifier,robust,smoteenn,off,0.3602159580305461,0.0514254645828507,128,0.3623163671341667,0.698673834247649,0.0290183295286221,128,0.700039184952978,0.5593777528063585,0.03244940806301866,128,0.5622551524442173,0.68564453125,0.03111050929758175,128,0.6875,0.4578394681129897,0.03174803748850761,128,0.453125,0.7276278409090909,0.08397810998504537,128,0.7386363636363636
IMPUTED,config_kfold,RandomForestClassifier,standard,smoteenn,off,0.35985854928373906,0.048845438889429924,8064,0.3601809508714454,0.6875914037066664,0.024941935170801333,8064,0.6873484848484848,0.539281145703545,0.03307790632402385,8064,0.5385837691720046,0.7136036706349206,0.034097277200064495,8064,0.71875,0.5018220110092542,0.05133102586595209,8064,0.4971428571428571,0.6287866512345679,0.06516721636147843,8064,0.6263888888888889
IMPUTED,config_random80,RandomForestClassifier,maxabs,smote,off,0.35981948067945224,0.16165165654083918,5760,0.3415145093702769,0.6827083515985297,0.08239854632875082,5760,0.6787439613526569,0.5170506979549734,0.12185936537927519,5760,0.5263157894736842,0.7481119791666667,0.07451815206762588,5760,0.75,0.518276539702462,0.1563058540798074,5760,0.5384615384615384,0.5482785260649844,0.1550018004191638,5760,0.5
STRICT,config_loo,QuadraticDiscriminantAnalysis,none,smoteenn,off,0.35948376680629496,0.07544829225890175,24,0.3699679701809776,0.6774857741838874,0.04425711993287435,24,0.6829514824797843,0.5328820840967543,0.06863139893996896,24,0.5448529411764707,0.7443693693693695,0.020674261169353423,24,0.7466216216216216,0.5484632485370871,0.03322403845362631,24,0.5555555555555556,0.5228174603174603,0.09990608985558894,24,0.5357142857142857
STRICT,config_strat80,RandomForestClassifier,robust,smoteenn,off,0.3594418524425211,0.14157236252147684,5760,0.363696483726654,0.6820987654320987,0.0723840388947358,5760,0.6825396825396826,0.5592293918999645,0.0923087514197847,5760,0.5555555555555556,0.7023148148148147,0.0841609332694288,5760,0.7,0.5300129127882852,0.11702051511488139,5760,0.5,0.6315586419753086,0.15649870052958065,5760,0.6666666666666666
IMPUTED,config_loo,QuadraticDiscriminantAnalysis,standard,smoteenn,off,0.35932040515263153,0.03432714624096774,24,0.3702439279966072,0.6832223092998956,0.023592300802233585,24,0.6839733542319749,0.5381478785402996,0.03395531085052984,24,0.5425180598555212,0.7307291666666668,0.02800649348876493,24,0.73125,0.5210028856709422,0.05417630352510534,24,0.5092624356775299,0.5776515151515151,0.10616054956012676,24,0.5909090909090909
STRICT,config_strat80,KNeighborsClassifier,standard,undersample,on,0.35845071560799746,0.14730891687867143,4480,0.3587529409036034,0.685062358276644,0.07875847479232972,4480,0.6825396825396826,0.5582905403064526,0.10169638195602779,4480,0.5555555555555556,0.7004761904761905,0.06986288735456726,4480,0.7,0.5148302407142267,0.10411016302770516,4480,0.5,0.6465277777777777,0.1797712110065134,4480,0.6666666666666666
STRICT,config_loo,KNeighborsClassifier,robust,undersample,off,0.35838573074938695,0.044894312357914086,64,0.3447378802921968,0.6872683625336927,0.026640215385714316,64,0.684748427672956,0.5517292041235057,0.034914709194175664,64,0.5517375266938459,0.7219172297297297,0.019494624713220617,64,0.722972972972973,0.510532887265915,0.030163707641088135,64,0.509090909090909,0.6071428571428572,0.07913799712750631,64,0.5952380952380952
IMPUTED,config_loo,KNeighborsClassifier,standard,smote,on,0.35825411703662885,0.04635324483069809,896,0.35158896363537673,0.6907485025750112,0.024939100154070224,896,0.6892633228840126,0.5510851111980791,0.031885191733731874,896,0.5494505494505495,0.7193080357142857,0.023875602473146254,896,0.71875,0.4939467581753304,0.034516925415684956,896,0.4919333853760083,0.6272828733766234,0.05647795455119258,896,0.6136363636363636
STRICT,config_strat80,KNeighborsClassifier,robust,smoteenn,off,0.35821915400219023,0.1454234168140173,1280,0.363696483726654,0.6878224206349206,0.07693158117551402,1280,0.6904761904761905,0.5667499107222237,0.09384378736849544,1280,0.5714285714285714,0.6842708333333334,0.07523159447253776,1280,0.7,0.4942173196551415,0.09563639089584336,1280,0.5,0.6967013888888889,0.1706364701352034,1280,0.6666666666666666
IMPUTED,config_random80,KNeighborsClassifier,robust,smote,on,0.3580166617625413,0.1654777218324665,8960,0.3708420277204425,0.6954575742615836,0.09139714571768637,8960,0.6971428571428572,0.5254663894400473,0.12615044553727786,8960,0.5263157894736842,0.716064453125,0.07425506797010882,8960,0.71875,0.46457242534155574,0.1448052347083986,8960,0.4444444444444444,0.6524331174777603,0.1912174239415473,8960,0.6666666666666666
STRICT,config_strat80,RandomForestClassifier,standard,smoteenn,off,0.35800006641174836,0.12983581112049059,5760,0.363696483726654,0.6814704585537918,0.06818148434162272,5760,0.6746031746031746,0.5568870500481803,0.08456011913082198,5760,0.5555555555555556,0.7074537037037038,0.07542716473427614,5760,0.7333333333333333,0.5328666179609888,0.10359351780751763,5760,0.5384615384615384,0.6165123456790123,0.1451083866941641,5760,0.6666666666666666
IMPUTED,config_kfold,KNeighborsClassifier,standard,smoteenn,off,0.35794634875482106,0.05274605495742559,2556,0.3611771225299349,0.6945863088426621,0.029496944587082116,2556,0.6968939393939395,0.5539656259020265,0.03311726922827902,2556,0.5566472913275982,0.6761076877934272,0.033061884815712844,2556,0.675,0.45739893650415747,0.03513387498030689,2556,0.4539285714285714,0.735269300991132,0.08031530511502134,2556,0.73
STRICT,config_random80,KNeighborsClassifier,robust,undersample,off,0.35787110083891266,0.1723342547410006,632,0.3424747597107866,0.6962513343532881,0.0912741849587156,632,0.6931818181818181,0.5384156229687768,0.12373837341747564,632,0.5384615384615384,0.6874472573839662,0.10210302654227402,632,0.6666666666666666,0.46326307335867134,0.14500635311998172,632,0.4545454545454545,0.7013964235483222,0.1684156217259303,632,0.75
IMPUTED,config_kfold,KNeighborsClassifier,standard,smote,on,0.35785160679472106,0.05751395955100073,17892,0.3589965850972488,0.6868520015815383,0.030298777606764887,17892,0.6876811594202898,0.5424229693031786,0.04017149906826141,17892,0.5434721799939191,0.7158691733735747,0.027558370002605255,17892,0.7125,0.5019177609655137,0.044676799934704595,17892,0.4977777777777777,0.6219010668951984,0.06466467606002153,17892,0.6166666666666666
STRICT,config_kfold,LogisticRegression,maxabs,smoteenn,off,0.3573578287646724,0.13765696222887053,960,0.4014788765676812,0.687196917087542,0.07886247026670244,960,0.7128787878787879,0.5452418484988681,0.12724259561641646,960,0.5834920634920635,0.6416838738368911,0.12337462419797328,960,0.6950000000000001,0.44381505953425615,0.0990625298531351,960,0.475,0.7925081018518518,0.21256448038960463,960,0.85
IMPUTED,config_random80,KNeighborsClassifier,none,smote,off,0.35727765615444274,0.1724711211833758,1280,0.3708420277204425,0.6981010469421287,0.09594190002591824,1280,0.7024291497975709,0.533206196414895,0.1307021767332296,1280,0.5555555555555556,0.70341796875,0.08523024861458765,1280,0.71875,0.45649596716734636,0.1447123287354816,1280,0.4615384615384615,0.6815350274725275,0.16047204178682267,1280,0.7
IMPUTED,config_loo,SVC_linear,robust,none,on,0.3572586086815077,0.09692354212567188,60,0.386003659403893,0.6415355379351323,0.04224691049490158,60,0.6516457680250785,0.4495497444639238,0.11132331854476489,60,0.4776119402985074,0.7741666666666667,0.02098181550583515,60,0.78125,0.6648854420539203,0.0869456006103598,60,0.6923076923076923,0.3451541274817137,0.09282415401601983,60,0.3636363636363636
IMPUTED,config_random80,KNeighborsClassifier,maxabs,smoteenn,on,0.357200336206116,0.15222289442853681,8960,0.3630922845918441,0.7030837163153062,0.08463334325307437,8960,0.7051282051282051,0.5360855659805371,0.11416800565532352,8960,0.5384615384615384,0.6689313616071428,0.08889038854780126,8960,0.65625,0.42628197899535647,0.1257971356904354,8960,0.4117647058823529,0.768169697366126,0.1425057788900905,8960,0.7692307692307693
STRICT,config_random80,KNeighborsClassifier,robust,smoteenn,off,0.3571308673624631,0.14070053469281144,1264,0.3429971702850177,0.7028914539070359,0.07994706187111739,1264,0.7049689440993789,0.5400441134036301,0.10026916248967761,1264,0.5454545454545454,0.660759493670886,0.08936746233919808,1264,0.6666666666666666,0.42982349239416,0.10186181456254477,1264,0.4285714285714285,0.7761546865581676,0.15465080005975182,1264,0.75
STRICT,config_strat80,KNeighborsClassifier,robust,smoteenn,on,0.3570819351252739,0.1543840907033482,8960,0.365079365079365,0.686453018707483,0.08123662875016072,8960,0.6904761904761905,0.5654419335357033,0.09699762620418402,8960,0.5714285714285714,0.6854389880952381,0.07968343281455552,8960,0.7,0.49759899754867254,0.1034195885369293,8960,0.5,0.6889880952380952,0.17258348824652633,8960,0.6666666666666666
IMPUTED,config_random80,KNeighborsClassifier,none,undersample,off,0.3570410659221609,0.1899570055444823,640,0.4032441137045824,0.6949902350812855,0.10594464756672568,640,0.7083333333333333,0.5323328560728089,0.1403564352044527,640,0.5714285714285714,0.71318359375,0.08644510821060739,640,0.71875,0.4679847807421337,0.1581691445521955,640,0.4545454545454545,0.654469722985348,0.17468389012376373,640,0.6458333333333333
IMPUTED,config_random80,RandomForestClassifier,none,smoteenn,off,0.3570321805181102,0.14011511522372067,5760,0.3418817293789138,0.6981712078588846,0.0796517056499628,5760,0.6875,0.5332843407582454,0.09433213298993678,5760,0.5263157894736842,0.7106391059027778,0.07588238611017589,5760,0.71875,0.46098689446396085,0.11523152891991252,5760,0.4545454545454545,0.6703587433014516,0.1559631549884371,5760,0.625
STRICT,config_random80,KNeighborsClassifier,maxabs,none,on,0.3570289402243381,0.18310443357174194,2208,0.337099931231621,0.6725035770345317,0.08928737258064794,2208,0.6647727272727273,0.4992692542575181,0.14253497605019186,2208,0.5,0.7485809178743961,0.07521135430736253,2208,0.7333333333333333,0.5523108332890941,0.190169230391546,2208,0.5714285714285714,0.4992854267310789,0.17189941185783403,2208,0.5
STRICT,config_strat80,RandomForestClassifier,none,smoteenn,off,0.3569629639808894,0.12979458016251894,5760,0.365079365079365,0.6804949294532628,0.06374939101828471,5760,0.6825396825396826,0.5617261372998722,0.07742607283286815,5760,0.5714285714285714,0.6894675925925926,0.09040406355326548,5760,0.7,0.520991894695257,0.1184347937393405,5760,0.5,0.6580632716049383,0.15240799423964724,5760,0.6666666666666666
IMPUTED,config_random80,KNeighborsClassifier,none,none,off,0.35694717250649827,0.16913658684619373,320,0.3415145093702769,0.6735429500445947,0.08835690361816985,320,0.6590909090909092,0.49877790316838305,0.139401633163486,320,0.5,0.76171875,0.06138803140422838,320,0.75,0.5419902146464646,0.17482607861745028,320,0.5,0.4914644383394383,0.16941992551173674,320,0.4615384615384615
IMPUTED,config_strat80,QuadraticDiscriminantAnalysis,standard,none,on,0.35692134978148693,0.15516959471624445,420,0.3816425120772946,0.6601449275362319,0.06794345778631501,420,0.6678743961352658,0.49823763755411926,0.12537146036181576,420,0.513157894736842,0.7489583333333333,0.05836431229341177,420,0.75,0.6048406091263234,0.19424478875554563,420,0.5714285714285714,0.45714285714285713,0.14671172914475286,420,0.4444444444444444
IMPUTED,config_strat80,KNeighborsClassifier,none,none,off,0.3568566597479006,0.15203217388684515,320,0.3316863613133475,0.658695652173913,0.06101683618286802,320,0.6666666666666666,0.5050935198487443,0.0993663803835972,320,0.5,0.74453125,0.06533068612954206,320,0.75,0.6085082278832279,0.20038577855210665,320,0.5555555555555556,0.4625,0.11120685530045003,320,0.4444444444444444
STRICT,config_random80,KNeighborsClassifier,none,smoteenn,off,0.35664073444624694,0.14986706271381872,1264,0.3424747597107866,0.7028311626477387,0.08352861718157609,1264,0.7115384615384616,0.5460287850085443,0.10768372916198576,1264,0.56,0.6534810126582279,0.10368513484275926,1264,0.6666666666666666,0.4289702063638312,0.11434675211737842,1264,0.4285714285714285,0.7950933669881455,0.10804332615328387,1264,0.75
STRICT,config_strat80,SVC_linear,robust,none,on,0.35655019524409487,0.1765712078329335,840,0.408248290463863,0.6388321995464852,0.08006106335772523,840,0.623015873015873,0.4315967256734616,0.1851136645487067,840,0.44505494505494503,0.7565873015873016,0.05142899360015192,840,0.7666666666666667,0.6808603896103895,0.2826893975274636,840,0.6666666666666666,0.34444444444444444,0.1839512147612664,840,0.3333333333333333
IMPUTED,config_loo,KNeighborsClassifier,maxabs,smoteenn,off,0.356317519270431,0.03793490544053239,128,0.35777161344352837,0.6986677115987461,0.020922334540168754,128,0.6996473354231975,0.5601245600185902,0.022214492600584716,128,0.5603030303030303,0.6658203125,0.030957663138360268,128,0.6656249999999999,0.44080715040810803,0.02750790275602348,128,0.4376466906587388,0.7716619318181818,0.03684136961263249,128,0.7727272727272727
IMPUTED,config_random80,GaussianNB,standard,none,on,0.3562025826838139,0.16278942135852004,420,0.3415145093702769,0.6638445670598334,0.07964008096650105,420,0.6606060606060606,0.47369042255596877,0.13951367360487607,420,0.5,0.7714285714285715,0.056103841821810406,420,0.75,0.5751133786848073,0.18879055996699218,420,0.5,0.4349280481423339,0.1644692654336633,420,0.4285714285714285
IMPUTED,config_strat80,QuadraticDiscriminantAnalysis,standard,none,off,0.3561423146227303,0.15406890563894274,60,0.3280209083173944,0.6638486312399355,0.06438212334028906,60,0.6690821256038648,0.5120981059990348,0.11127242839340035,60,0.5263157894736842,0.746875,0.06053587499175138,60,0.71875,0.5850384800384801,0.17080300900196688,60,0.5,0.47407407407407404,0.11548213419092551,60,0.5
IMPUTED,config_kfold,KNeighborsClassifier,maxabs,smote,off,0.3559047983036026,0.04401597846613159,2556,0.3559377516031574,0.6892039711430148,0.02366730874443396,2556,0.6899154589371981,0.5467653046451165,0.030206793602212904,2556,0.5479399685282038,0.7054821987480439,0.025067614554036912,2556,0.70625,0.486752241712361,0.03401861969274512,2556,0.4860164835164834,0.6523965397322204,0.053280399679232565,2556,0.6555555555555556
STRICT,config_kfold,GaussianNB,robust,smoteenn,on,0.35576421991702795,0.08193793909143848,3024,0.37472135765247305,0.6786264573169335,0.04258736501969789,3024,0.6843181818181818,0.530646301174517,0.05838345852473289,3024,0.536875901875902,0.7195213334375896,0.049552350488203445,3024,0.7308045977011494,0.5267115745596034,0.07054683862203459,3024,0.5346606334841629,0.5850837742504409,0.09856463815729045,3024,0.5874999999999999
STRICT,config_random80,QuadraticDiscriminantAnalysis,robust,none,off,0.35563857491744394,0.16719953612359928,60,0.35173319510841694,0.6772660612334526,0.08618149837826251,60,0.7019230769230769,0.50303024346368,0.13939339847321508,60,0.5298245614035088,0.7466666666666666,0.07188607852882474,60,0.7666666666666667,0.5348713323713324,0.15088612750203367,60,0.5555555555555556,0.5205952380952381,0.18033595517193976,60,0.5
IMPUTED,config_loo,RandomForestClassifier,robust,smoteenn,off,0.3556016348596013,0.0342746596465661,231,0.3555795011093797,0.6869800784377587,0.016455876540621344,231,0.6865203761755485,0.5464443949979323,0.02117905817461085,231,0.5454545454545454,0.7204274891774891,0.02844879824341349,231,0.71875,0.4995456247259451,0.042489084378918796,231,0.4923076923076923,0.6126524990161354,0.06335991440941596,231,0.6136363636363636
STRICT,config_random80,RandomForestClassifier,none,smoteenn,off,0.35556947230728747,0.11938458422192195,5472,0.3424747597107866,0.6964030126555155,0.06405814280070604,5472,0.6923076923076923,0.536779176930288,0.09405001643019666,5472,0.5333333333333333,0.6811586257309941,0.08899372104948886,5472,0.6666666666666666,0.4571849151302331,0.12074134494774202,5472,0.4615384615384615,0.7136952624617099,0.1472761143996904,5472,0.75
IMPUTED,config_strat80,KNeighborsClassifier,maxabs,none,on,0.35548933546674716,0.16245564138788696,2240,0.3415145093702769,0.6569099378881987,0.07181778303670747,2240,0.6570048309178744,0.4935575558820179,0.12554976651629254,2240,0.5,0.7525111607142857,0.05998431840994723,2240,0.75,0.6104695403802547,0.18501699374401587,2240,0.5555555555555556,0.43839285714285714,0.1398565439038009,2240,0.4444444444444444
IMPUTED,config_random80,SVC_linear,standard,none,off,0.3550488615857715,0.14083881828094313,120,0.34816119142170177,0.6504019391984686,0.08093846224364033,120,0.6272727272727273,0.44300476756359103,0.13542073143121758,120,0.41428571428571426,0.7791666666666667,0.0650394461217247,120,0.78125,0.6242592592592593,0.13641299084699648,120,0.6666666666666666,0.37594831094831094,0.17795246915955631,120,0.3
STRICT,config_random80,RandomForestClassifier,standard,smoteenn,off,0.3548372708898445,0.13103382691384355,5472,0.3668996928526714,0.6918979359703282,0.07204472978423286,5472,0.6988636363636364,0.5245059923239984,0.10583867656125583,5472,0.5333333333333333,0.7008284600389864,0.08323929365591139,5472,0.7,0.4770795858700168,0.13046402950880623,5472,0.5,0.6522958147684025,0.18624755546929217,5472,0.625
IMPUTED,config_loo,KNeighborsClassifier,maxabs,none,off,0.35473300786202777,0.02771076459729422,32,0.3569314757343571,0.6604623824451411,0.011697195963134416,32,0.6598746081504703,0.5016774282882988,0.018704430028354743,32,0.5,0.76015625,0.012063967610870398,32,0.7625,0.5866918261493985,0.030747132756404626,32,0.59375,0.43892045454545453,0.01952302129377562,32,0.4318181818181818
IMPUTED,config_loo,LinearDiscriminantAnalysis_svd,maxabs,none,on,0.3547269723089518,0.08143762984357411,14,0.3231326891253338,0.644256605463502,0.039817909713026775,14,0.6246081504702194,0.46307617337992557,0.07424396753951606,14,0.4242424242424242,0.7705357142857142,0.02517111767155293,14,0.7625,0.6439528287804149,0.06514665855066332,14,0.6363636363636364,0.36363636363636365,0.074582968558397,14,0.3181818181818182
STRICT,config_random80,KNeighborsClassifier,maxabs,smote,on,0.35420218469104103,0.18407312184575422,8834,0.3668996928526714,0.6966474859619922,0.09963840939132226,8834,0.7,0.540480294824554,0.12800001521172982,8834,0.5454545454545454,0.6903101652705456,0.10240052138015632,8834,0.7,0.45954980884481206,0.13912156723303418,8834,0.4615384615384615,0.6990029503613384,0.15174578603257485,8834,0.75
IMPUTED,config_random80,KNeighborsClassifier,maxabs,smote,off,0.3541077383135949,0.14858547038433245,1280,0.3567530340063379,0.6963023114283483,0.08222049039385927,1280,0.6971428571428572,0.528930934197611,0.11914371570575316,1280,0.5454545454545454,0.706640625,0.07075018786737024,1280,0.71875,0.4537027440801265,0.1290977195262541,1280,0.4615384615384615,0.6727091918498169,0.1592766029110633,1280,0.6923076923076923
IMPUTED,config_kfold,KNeighborsClassifier,maxabs,smoteenn,off,0.35408425830035917,0.04252495809896399,2556,0.3543706197621222,0.6936317712918805,0.023459988511054162,2556,0.6941699604743083,0.5535757181430948,0.02428189106685639,2556,0.5525808178749355,0.6584849374021909,0.03533915448288963,2556,0.6625,0.4417648968507921,0.031856158130873356,2556,0.4401984126984127,0.7710748130759868,0.04587863744834223,2556,0.7722222222222223
STRICT,config_kfold,QuadraticDiscriminantAnalysis,robust,smoteenn,off,0.3540719520930506,0.08573210930688355,480,0.36937647478592395,0.6718589015151515,0.056256395867593845,480,0.6823611111111112,0.49769969521921514,0.11805224162112302,480,0.5361877011877012,0.7330066365626711,0.023202028739440238,480,0.7304105090311988,0.5419637996055372,0.0697425196875535,480,0.5330952380952381,0.5303541666666667,0.1903124257110128,480,0.5666666666666667
STRICT,config_random80,KNeighborsClassifier,standard,undersample,off,0.35399348904385813,0.18615994642947803,632,0.34967274641745844,0.6933755997029938,0.09756364525292607,632,0.6957972582972582,0.5349255949104648,0.1338548977675012,632,0.5333333333333333,0.6905063291139241,0.10523148145676166,632,0.7,0.46561512437717517,0.15422328653977072,632,0.4545454545454545,0.6859440928270042,0.17606651568249293,632,0.6666666666666666
IMPUTED,config_random80,KNeighborsClassifier,maxabs,none,on,0.3539804742781555,0.1458132149563096,2240,0.3478327964999673,0.6687885444776535,0.07453802043348813,2240,0.6666666666666667,0.49062231626120073,0.12636856315889855,2240,0.5,0.7650390625,0.05700808459560059,2240,0.78125,0.5490423465423465,0.16200017237526806,2240,0.5454545454545454,0.4721588827838828,0.15596952990389043,2240,0.5
IMPUTED,config_kfold,QuadraticDiscriminantAnalysis,standard,smote,on,0.35397506307984256,0.061761612879468894,3360,0.3566380413452478,0.6847428444643119,0.035517216441576155,3360,0.6852651515151515,0.5310138287841691,0.04899715025723695,3360,0.5316051268992446,0.7184561011904761,0.02103342227533517,3360,0.71875,0.4971602571801196,0.03709438025722647,3360,0.4957954545454545,0.6091005291005291,0.09027480300895634,3360,0.6083333333333333
IMPUTED,config_random80,RandomForestClassifier,standard,smote,off,0.35390478983358775,0.14762456274406943,5760,0.3415145093702769,0.6790833400209512,0.07620782850837518,5760,0.6761133603238867,0.5108986914165178,0.11584107082185953,5760,0.5263157894736842,0.7478949652777778,0.06817574962004537,5760,0.75,0.5153894791777758,0.1442303603508674,5760,0.5,0.5382738731176231,0.15180795882148096,5760,0.5
IMPUTED,config_strat80,KNeighborsClassifier,standard,smoteenn,off,0.3538994506348826,0.190797568355712,1280,0.3475240234284579,0.6886813103864734,0.10027338677039374,1280,0.681159420289855,0.5617591361732204,0.11577022695152328,1280,0.5454545454545454,0.677880859375,0.111219754631157,1280,0.6875,0.4774980047903042,0.13044655488985252,1280,0.4615384615384615,0.7133680555555555,0.1429114090497715,1280,0.6666666666666666
IMPUTED,config_loo,QuadraticDiscriminantAnalysis,standard,undersample,on,0.35374987005497205,0.04280147495246538,84,0.3499631152497511,0.6918476638304225,0.023366227962838125,84,0.686128526645768,0.5524698033140018,0.027775023219437183,84,0.5454545454545454,0.7061011904761905,0.023142113304628106,84,0.70625,0.476878761572063,0.029463525742672254,84,0.4775318578135479,0.6601731601731602,0.05372520835098169,84,0.6590909090909091
IMPUTED,config_random80,SVC_linear,standard,none,on,0.3534735411053829,0.17148963334527526,840,0.3478327964999673,0.6517401067724022,0.08544190404453543,840,0.6474358974358975,0.4470231861402803,0.16008972337932104,840,0.4615384615384615,0.7801339285714286,0.06995976672852798,840,0.78125,0.6064450628736343,0.17936594632645203,840,0.6125,0.38008219954648526,0.1782694098308341,840,0.375
STRICT,config_kfold,QuadraticDiscriminantAnalysis,standard,none,off,0.3532502846754734,0.057673078115376135,120,0.3661048590954552,0.6649443843193843,0.027680018891367886,120,0.6677867965367965,0.5072197687908079,0.04541466173446752,120,0.5156754356754356,0.7413297755883962,0.021152658822794247,120,0.7435057471264368,0.5776092056092056,0.05763989180640809,120,0.5826190476190476,0.48784259259259255,0.04884665135663637,120,0.4922222222222222
STRICT,config_strat80,KNeighborsClassifier,maxabs,smote,off,0.3529464016427373,0.12356972572288646,1280,0.3563483225498992,0.6827628968253968,0.0626735072439281,1280,0.6904761904761905,0.5609301292394975,0.0794127556355079,1280,0.5714285714285714,0.6982291666666667,0.06640806960603722,1280,0.7,0.5124281337441046,0.09672069808214931,1280,0.5,0.6440972222222222,0.13265935629205539,1280,0.6666666666666666
IMPUTED,config_kfold,QuadraticDiscriminantAnalysis,standard,none,off,0.352890104948629,0.05635647852736614,120,0.36083891085191705,0.6639195944956814,0.026140685324942854,120,0.6696387790953008,0.4954422899318915,0.04467285758040241,120,0.5044588744588745,0.7511458333333334,0.019962269645101886,120,0.753125,0.5736068699818699,0.0556269827092847,120,0.5699621212121212,0.4693148148148148,0.046326218777101934,120,0.47638888888888886
IMPUTED,config_kfold,GaussianNB,standard,none,on,0.35287569185502793,0.06484006025139037,588,0.36977021603156857,0.6555090165183333,0.03002054930323239,588,0.6600757575757576,0.47050457798135814,0.05775226565290538,588,0.4853996983408749,0.7638392857142857,0.020402088341349912,588,0.7625,0.602220234414112,0.06457226106199349,588,0.6155555555555556,0.4143820861678004,0.05393926816773147,588,0.425
IMPUTED,config_random80,GaussianNB,maxabs,smote,on,0.3528635803140964,0.1615338207400328,1680,0.3467004881908537,0.6934702827569982,0.09758309427697874,1680,0.6875,0.519935056998837,0.11391992363053881,1680,0.5333333333333333,0.7169642857142857,0.07179647922779614,1680,0.71875,0.4670668914418914,0.12230124759030074,1680,0.5,0.6375233298447583,0.2062768390961942,1680,0.6
IMPUTED,config_loo,QuadraticDiscriminantAnalysis,standard,none,on,0.35275546000877567,0.07696267937766915,42,0.3593677802403692,0.6635691894312584,0.03751259094535072,42,0.6696708463949843,0.5066139962574167,0.0626553253756615,42,0.5185185185185185,0.7571428571428571,0.025992913132256757,42,0.7625,0.5718713704560675,0.060487698192370806,42,0.59375,0.45562770562770566,0.06524579859915339,42,0.4772727272727273
IMPUTED,config_loo,GaussianNB,maxabs,smoteenn,on,0.35267967539591555,0.047560168269878474,66,0.3383336339262843,0.6870369051011683,0.031119492297837878,66,0.6763322884012539,0.543267229235681,0.03931677350055561,66,0.5320124926800702,0.7144886363636364,0.023594100950244945,66,0.71875,0.4894555477342187,0.03083075089375879,66,0.4897959183673469,0.6260330578512397,0.11213567256681688,66,0.6363636363636364
STRICT,config_strat80,KNeighborsClassifier,standard,undersample,off,0.35254218815524585,0.1493036293135231,640,0.363696483726654,0.6823412698412699,0.08033513040405148,640,0.6904761904761905,0.5527971508738372,0.10649031500464397,640,0.5714285714285714,0.6995833333333333,0.06566673154169057,640,0.7,0.5101613866949829,0.10106333743652912,640,0.5,0.6392361111111111,0.1878778546161912,640,0.6666666666666666
STRICT,config_random80,GaussianNB,maxabs,none,on,0.3522883193051927,0.15982777334871814,399,0.337099931231621,0.6587989296309008,0.07310150516558463,399,0.65,0.47012289822527487,0.1254465842530729,399,0.4615384615384615,0.7533834586466166,0.06636529657899345,399,0.7333333333333333,0.5903008854136673,0.202682194648971,399,0.5555555555555556,0.44226638023630505,0.17856771696271223,399,0.375
STRICT,config_strat80,KNeighborsClassifier,robust,undersample,off,0.3517884527660691,0.15485663968518157,640,0.365079365079365,0.6820932539682539,0.08379822290011496,640,0.6904761904761905,0.551088951398919,0.11044889837448225,640,0.5714285714285714,0.6977083333333333,0.06541568856858766,640,0.7,0.5060482149322125,0.09914270739087877,640,0.5,0.6430555555555555,0.20176676694250534,640,0.6666666666666666
IMPUTED,config_loo,QuadraticDiscriminantAnalysis,standard,smote,on,0.3516470933129381,0.04920485596032303,168,0.3504130744384971,0.6876119570085087,0.029258172546278532,168,0.6855407523510971,0.545791359900442,0.03682013707140965,168,0.5445719329214475,0.7165178571428571,0.017103147174858162,168,0.71875,0.4881880082929121,0.024724820892309967,168,0.49121725731895227,0.6233766233766234,0.0760344371959215,168,0.6136363636363636
IMPUTED,config_loo,QuadraticDiscriminantAnalysis,robust,none,off,0.3515713038651204,0.05213938934323381,6,0.3675836718454874,0.6658829676071055,0.029773001294520776,6,0.6767241379310345,0.5105685901500739,0.05012667935946443,6,0.5301204819277109,0.7541666666666668,0.014068285846778453,6,0.75625,0.561698717948718,0.026225313992726453,6,0.5641025641025641,0.46969696969696967,0.065345026220751,6,0.5
IMPUTED,config_random80,KNeighborsClassifier,none,smoteenn,off,0.3512664253532416,0.12147091936923984,1280,0.3522267206477733,0.7027101886347229,0.0698186708153051,1280,0.7085714285714286,0.5320314864275144,0.09073494829021286,1280,0.5217391304347826,0.66787109375,0.0733527668555891,1280,0.65625,0.42140612934580857,0.10733361391154962,1280,0.4,0.7641031841422466,0.12023370602760777,1280,0.8
STRICT,config_loo,KNeighborsClassifier,standard,smote,on,0.3509290318963907,0.06100046696420991,894,0.3529705370989173,0.6848539529779242,0.03212778141711674,894,0.6868823000898473,0.5502098870398544,0.042070897116671675,894,0.5531914893617021,0.7156947215672047,0.029043586398109413,894,0.7162162162162162,0.5011956089159996,0.042878579843609745,894,0.5,0.6135346756152126,0.0619580149358904,894,0.6190476190476191
STRICT,config_kfold,KNeighborsClassifier,robust,smoteenn,on,0.35075687127702765,0.08355165448293904,17920,0.3648739119897627,0.6871742158511132,0.04507426615334396,17920,0.6945454545454546,0.5525173723022212,0.054383485910122605,17920,0.5614035087719298,0.6838856347495894,0.04505604973673771,17920,0.6890476190476191,0.475851590430459,0.053523302967951894,17920,0.4766666666666667,0.6947723214285714,0.08920305919627539,17920,0.6950000000000001
IMPUTED,config_strat80,QuadraticDiscriminantAnalysis,standard,smote,off,0.3507450845912993,0.14286727955857106,240,0.3316863613133475,0.6777375201288245,0.07077902143572012,240,0.681159420289855,0.5360432440275341,0.10545295780310995,240,0.5454545454545454,0.7255208333333333,0.06407320916883953,240,0.71875,0.5221518065268065,0.11586944970532106,240,0.5,0.5685185185185184,0.13574704549729455,240,0.5555555555555556
STRICT,config_strat80,LogisticRegression,maxabs,undersample,off,0.35032851311743113,0.1482739258301765,240,0.38560422967777286,0.6773148148148148,0.07828511300872838,240,0.6904761904761905,0.5297172831131277,0.17438616701181284,240,0.5714285714285714,0.6786111111111112,0.09659915242799132,240,0.7,0.47522511493071123,0.19016878565718875,240,0.4705882352941176,0.674074074074074,0.26377376023268356,240,0.7777777777777778
IMPUTED,config_kfold,QuadraticDiscriminantAnalysis,standard,smoteenn,on,0.35031229124172863,0.06434164947997195,3360,0.35327496053120133,0.6767001295302926,0.0406958367072465,3360,0.6788949275362319,0.5141935540904187,0.06794995507463734,3360,0.5256406274884535,0.7245386904761905,0.02877612961599782,3360,0.725,0.5175900708409716,0.061685272267276055,3360,0.5092735042735043,0.5699193121693121,0.13808376913285772,3360,0.575
IMPUTED,config_strat80,KNeighborsClassifier,none,smote,off,0.35017197642145653,0.1542534143910867,1280,0.3316863613133475,0.6859865640096618,0.0773996653535977,1280,0.681159420289855,0.555036137311349,0.09551006729343423,1280,0.5454545454545454,0.689501953125,0.08296435053579214,1280,0.6875,0.48292529672125256,0.12174916968718559,1280,0.4545454545454545,0.6779513888888888,0.1243054964063866,1280,0.6666666666666666
STRICT,config_loo,QuadraticDiscriminantAnalysis,robust,smoteenn,off,0.35015071852242907,0.05651283468984692,24,0.35430851975603245,0.6747529200359389,0.042993518933822146,24,0.6794699011680144,0.5238092593455345,0.07583530869866778,24,0.5409698996655519,0.7297297297297297,0.01890212449135769,24,0.7297297297297297,0.532867018065573,0.039271888958006644,24,0.5334249084249085,0.5476190476190476,0.1569953508085207,24,0.5595238095238095
STRICT,config_random80,GaussianNB,standard,none,on,0.3498990783209226,0.21438720957592977,399,0.337099931231621,0.6614811970565485,0.10102215649485222,399,0.6647727272727273,0.4685512335224851,0.17091718761770805,399,0.4615384615384615,0.7531328320802005,0.08287521587774774,399,0.7666666666666667,0.5801507181206429,0.23331833645699054,399,0.6,0.45023869196801525,0.2140871261464766,399,0.4444444444444444
STRICT,config_kfold,KNeighborsClassifier,standard,none,on,0.34983168867228975,0.06852811224002232,4480,0.3535166698975023,0.6487487631416203,0.03045702802440061,4480,0.6488636363636364,0.4655074746459435,0.057476318348269745,4480,0.46501748251748254,0.756841521522402,0.02332463186636045,4480,0.7570114942528736,0.6238650057779522,0.085287185373255,4480,0.625,0.39888690476190475,0.059639375997008304,4480,0.4
IMPUTED,config_loo,GaussianNB,maxabs,smoteenn,off,0.3498302840184186,0.014950213891474808,9,0.3398634747574354,0.6914838035527692,0.004506269592476475,9,0.6884796238244515,0.552448377581121,0.005663716814159349,9,0.5486725663716814,0.6958333333333333,0.021874999999999978,9,0.68125,0.466183574879227,0.025362318840579712,9,0.4492753623188406,0.6818181818181819,0.03409090909090914,9,0.7045454545454546
STRICT,config_kfold,SVC_linear,robust,none,on,0.34947440008569125,0.1290166531621731,1575,0.3892811016593821,0.6427852332852333,0.055622374112569116,1575,0.6588636363636364,0.4255690545414856,0.14473829300969307,1575,0.4708309234625024,0.7669451455678056,0.027444922689837923,1575,0.771264367816092,0.6203175156413252,0.19807455155414241,1575,0.6766666666666666,0.3552645502645502,0.12602283988340873,1575,0.385
STRICT,config_strat80,LogisticRegression,maxabs,smoteenn,off,0.34943420630932176,0.15957354891360206,480,0.3860440160957241,0.6782738095238094,0.08880716437426808,480,0.7063492063492063,0.5476735172282851,0.15617398377157596,480,0.5882352941176471,0.6540277777777778,0.13281904701502967,480,0.7,0.47365524837808415,0.1695933161105342,480,0.5,0.7388888888888889,0.24374967163088748,480,0.7777777777777778
IMPUTED,config_loo,RandomForestClassifier,standard,smoteenn,off,0.3494242375544633,0.04006079026190446,230,0.3514641448582267,0.688258143655445,0.02110489674796051,230,0.6890673981191223,0.548137331331153,0.02557898529048732,230,0.5492350786468434,0.7046739130434783,0.029498902242787353,230,0.7,0.4776273192931012,0.03776573589072675,230,0.4722222222222222,0.6517786561264822,0.06652735479325486,230,0.6590909090909091
IMPUTED,config_random80,QuadraticDiscriminantAnalysis,none,undersample,off,0.34910283583665164,0.12442878287765799,120,0.35404856262747253,0.6940738200092701,0.06868059716595447,120,0.6979297018770704,0.5272248075182379,0.09437650467127813,120,0.5298245614035088,0.6901041666666666,0.08347818730424279,120,0.6875,0.44821391528434873,0.12594772987206707,120,0.44949494949494945,0.6961095848595849,0.13653037064050824,120,0.7321428571428572
IMPUTED,config_strat80,QuadraticDiscriminantAnalysis,robust,smote,off,0.34890313418953883,0.14275301598097262,240,0.3316863613133475,0.6786030595813204,0.07274841232651973,240,0.6751207729468599,0.5359789947436837,0.10602775096138035,240,0.5358851674641147,0.72109375,0.06239039814633125,240,0.6875,0.5133754261734137,0.11128215593652122,240,0.46862745098039216,0.5814814814814814,0.1498890429939276,240,0.5555555555555556
IMPUTED,config_kfold,KNeighborsClassifier,robust,smoteenn,off,0.348860670905121,0.056668062037750995,2556,0.3488273530019328,0.6893772078992277,0.03144700129341412,2556,0.6895454545454546,0.5482124708341911,0.03520288866510982,2556,0.5481351981351981,0.6709678208137716,0.03852067221850038,2556,0.675,0.45267024029558917,0.039375063896465445,2556,0.4496428571428571,0.7296454964354026,0.08167718088174308,2556,0.7277777777777777
IMPUTED,config_strat80,QuadraticDiscriminantAnalysis,maxabs,smote,on,0.34875258286179334,0.1993667519337344,1680,0.3415145093702769,0.6721244536461928,0.1099785614343765,1680,0.6618357487922705,0.4788048754046727,0.2201069131244855,1680,0.5263157894736842,0.7105654761904762,0.0894374968419034,1680,0.71875,0.4919986544572133,0.2500538388896383,1680,0.5,0.5842592592592593,0.3337178570217028,1680,0.6666666666666666
STRICT,config_random80,LogisticRegression,maxabs,smoteenn,off,0.3486080120635702,0.20093072407255919,480,0.3580733220904644,0.6886018372227611,0.11324573480981931,480,0.6875,0.5205682229524099,0.1698974733703336,480,0.5263157894736842,0.6231944444444444,0.16911624824434454,480,0.6666666666666666,0.41885879306478857,0.18117128001954094,480,0.4,0.8191054894179894,0.251338098179593,480,0.875
STRICT,config_loo,GaussianNB,maxabs,smoteenn,on,0.348465458407586,0.04120722355609591,74,0.3559131067379297,0.6848698428887108,0.02652755124831857,74,0.6930592991913747,0.54845671610243,0.03639950543586298,74,0.5615533980582524,0.7079072315558802,0.02108825008447466,74,0.7162162162162162,0.49205559857133563,0.029754763011850094,74,0.5,0.6315958815958816,0.09369451768184352,74,0.6666666666666666
IMPUTED,config_random80,QuadraticDiscriminantAnalysis,robust,none,off,0.34841209204340007,0.16915763797719457,60,0.3464188185815341,0.6724244495792931,0.09022998400266521,60,0.6388257575757575,0.48873573851902025,0.12349428603879464,60,0.4615384615384615,0.7458333333333333,0.07311061776088705,60,0.75,0.5316219891219891,0.18261630966757603,60,0.5,0.506986161986162,0.19232723123272114,60,0.4285714285714285
STRICT,config_random80,QuadraticDiscriminantAnalysis,robust,undersample,on,0.3482074160806604,0.16101314910130277,840,0.3424747597107866,0.6931679909979599,0.08726710715437448,840,0.6931818181818181,0.5308368164869272,0.12022644686121628,840,0.5333333333333333,0.6712698412698412,0.10701758026111252,840,0.7,0.4462377461617289,0.13424531940175607,840,0.4545454545454545,0.7212046485260771,0.17597335723467966,840,0.75
IMPUTED,config_kfold,QuadraticDiscriminantAnalysis,robust,undersample,off,0.34776618114128705,0.07306508507747761,240,0.35862326123365484,0.6857092391304348,0.03861459733966973,240,0.6903667105841018,0.5372586409733914,0.05125812162622112,240,0.5429175210754158,0.7014583333333333,0.034859375796084044,240,0.7,0.4761771448580659,0.04941908278407409,240,0.47238095238095235,0.6494861111111111,0.07004463692710607,240,0.655
STRICT,config_loo,GaussianNB,standard,smoteenn,off,0.347662793141945,0.04619034254750348,13,0.3738487656727224,0.6792280046997029,0.024932692385401106,13,0.6987870619946093,0.5414304993252361,0.03446748835066922,13,0.5684210526315789,0.725051975051975,0.018168979514499525,13,0.722972972972973,0.514142880180616,0.029934852746768145,13,0.5094339622641509,0.5732600732600732,0.05093748712517722,13,0.5952380952380952
STRICT,config_strat80,QuadraticDiscriminantAnalysis,standard,smote,on,0.34749340547229224,0.15891130250972865,1680,0.3563483225498992,0.6760865457294029,0.08032622574146628,1680,0.6746031746031746,0.5465363892655756,0.11018251660040176,1680,0.5454545454545454,0.7072619047619048,0.07200331743746285,1680,0.7,0.5263633916076144,0.12632207300552087,1680,0.5,0.5981481481481482,0.16567954502604285,1680,0.5555555555555556
IMPUTED,config_loo,GaussianNB,robust,undersample,on,0.34737508873585415,0.07639382763761546,30,0.369763902540385,0.6882836990595611,0.04017961850320731,30,0.6982758620689655,0.5499884491788781,0.04514049526018166,30,0.56125,0.699375,0.04718218313275056,30,0.721875,0.472655766134027,0.05400431224371634,30,0.4963768115942029,0.6636363636363637,0.05547792302352084,30,0.6363636363636364
IMPUTED,config_random80,QuadraticDiscriminantAnalysis,standard,none,on,0.34726264726373274,0.16154125820815246,420,0.3415145093702769,0.6674618202436117,0.08178067392995808,420,0.6657142857142857,0.4834931194086435,0.1248986355917732,420,0.4705882352941176,0.7552083333333334,0.06762844485348979,420,0.75,0.5433372579801151,0.1791193777433867,420,0.5,0.4758125472411187,0.16644170785281168,420,0.5
STRICT,config_strat80,QuadraticDiscriminantAnalysis,standard,smoteenn,off,0.3469731682261003,0.16572521789151362,240,0.3563483225498992,0.6626984126984127,0.0846733782783405,240,0.6507936507936507,0.4939641541976816,0.17508093632786237,240,0.5217391304347826,0.73,0.059659657692007255,240,0.7333333333333333,0.572929501054501,0.20428815048070117,240,0.5454545454545454,0.4944444444444444,0.23081929149825095,240,0.5555555555555556
STRICT,config_loo,QuadraticDiscriminantAnalysis,standard,smoteenn,off,0.3467244465187383,0.07791217249661665,24,0.3569093170534595,0.6702792752321054,0.052760217265099635,24,0.6793575920934412,0.5130440918746019,0.09504096086818355,24,0.5398976211984342,0.7370495495495496,0.012429600828783548,24,0.7398648648648649,0.5418274018406548,0.043594437665123394,24,0.5403225806451613,0.5158730158730159,0.1638578258669213,24,0.5238095238095238
IMPUTED,config_loo,GaussianNB,robust,smote,off,0.3466036132762557,0.019583307114599595,9,0.3596591513526554,0.6837774294670846,0.009992163009404417,9,0.6904388714733543,0.5424311138596853,0.012883941455369962,9,0.5510204081632653,0.71875,0.009374999999999963,9,0.725,0.4909090909090909,0.01363636363636363,9,0.5,0.6060606060606061,0.011363636363636348,9,0.6136363636363636
IMPUTED,config_random80,GaussianNB,robust,smoteenn,on,0.34658179071410694,0.17127263416774186,1680,0.3500297585738703,0.686332485453869,0.09183931102122155,1680,0.6878795546558705,0.5179216226933946,0.13289570324604183,1680,0.5333333333333333,0.7180803571428571,0.07951773245470697,1680,0.71875,0.4676049599081443,0.1533320905502092,1680,0.4444444444444444,0.6247753139717426,0.1922743914423328,1680,0.625
IMPUTED,config_loo,RandomForestClassifier,none,undersample,off,0.34647897935396127,0.03134112765325968,116,0.3496527610237563,0.6838247216517133,0.015502602945026193,116,0.6833855799373041,0.5426360857340213,0.019904743282636757,116,0.5416666666666666,0.7163793103448275,0.020351115842674985,116,0.71875,0.4895743185420268,0.028916972714401645,116,0.490566037735849,0.6114811912225706,0.036459661784503244,116,0.5909090909090909
STRICT,config_strat80,GaussianNB,robust,undersample,on,0.3462987147447028,0.18879583015957438,840,0.38560422967777286,0.6807823129251701,0.10048126599896282,840,0.7023809523809523,0.547116491436098,0.13813426542698057,840,0.5857843137254902,0.7026190476190476,0.0742669493909453,840,0.7,0.5022064606728472,0.11590431809538418,840,0.5,0.6261904761904762,0.21019388849519816,840,0.5555555555555556
IMPUTED,config_strat80,KNeighborsClassifier,standard,smote,on,0.3461690835948392,0.1762206885157187,8960,0.3316863613133475,0.6784484989648033,0.08844779031829153,8960,0.6714975845410628,0.541611959552258,0.11997139954889623,8960,0.5333333333333333,0.7100027901785714,0.08649981268549085,8960,0.71875,0.5067787130772518,0.13909856389851838,8960,0.5,0.6063244047619047,0.14770220719532043,8960,0.6666666666666666
IMPUTED,config_strat80,KNeighborsClassifier,maxabs,smoteenn,off,0.34585362287713917,0.17910351984500766,1280,0.3475240234284579,0.6877075785024155,0.09644017459129096,1280,0.6932367149758454,0.5614648288410983,0.10313358487098886,1280,0.56,0.647314453125,0.10839889218127456,1280,0.625,0.4462295076772568,0.10940618332192147,1280,0.4285714285714285,0.7800347222222223,0.12308325902967215,1280,0.7777777777777778
IMPUTED,config_random80,KNeighborsClassifier,maxabs,smoteenn,off,0.3458243696011005,0.155189852682202,1280,0.3630922845918441,0.6966978044868223,0.08540047519201467,1280,0.7024291497975709,0.5293643398295522,0.11909769277618769,1280,0.5555555555555556,0.65625,0.09211086607847274,1280,0.65625,0.4168386690616456,0.13016054809447228,1280,0.4,0.7730535046550672,0.1318235792610864,1280,0.7777777777777778
IMPUTED,config_loo,QuadraticDiscriminantAnalysis,robust,smoteenn,off,0.3456400027460705,0.04690425569281548,24,0.3570433530645985,0.6754832810867294,0.03109772745565787,24,0.6818181818181819,0.5253222871753329,0.04763344506261769,24,0.5405648497931284,0.7229166666666668,0.03216944495022873,24,0.7250000000000001,0.5130710504381426,0.0676271911805628,24,0.500307881773399,0.5700757575757576,0.132846044823865,24,0.5795454545454546
STRICT,config_kfold,QuadraticDiscriminantAnalysis,none,undersample,off,0.345561316126889,0.05752739377801944,240,0.3362526727536978,0.6801908068783068,0.029020723207280365,240,0.6739953102453102,0.5385938446868693,0.0396584124569168,240,0.5416088085573212,0.6982323481116584,0.026972900553041856,240,0.6968472906403942,0.49214699100206066,0.04526761741996927,240,0.4892243867243866,0.6381712962962962,0.060922721999734024,240,0.6416666666666666
IMPUTED,config_strat80,QuadraticDiscriminantAnalysis,maxabs,undersample,off,0.34519200463848526,0.187055254238335,120,0.3591909204054964,0.6713768115942028,0.10266129119599567,120,0.6582125603864735,0.48055236267748047,0.21648831606647373,120,0.5108695652173914,0.7171875,0.07968247945133615,120,0.71875,0.5001927124471377,0.25420030554545575,120,0.5,0.5666666666666667,0.30331706998192737,120,0.6666666666666666
IMPUTED,config_loo,GaussianNB,maxabs,smote,off,0.3451903381593385,0.005228315348725718,6,0.34519033815933853,0.6839733542319749,0.00236087309269461,6,0.6839733542319749,0.5427272727272727,0.0029875775863917636,6,0.5427272727272727,0.7156250000000001,0.003423265984407285,6,0.715625,0.486525974025974,0.0048014639781297315,6,0.486525974025974,0.6136363636363636,0.0,6,0.6136363636363636
STRICT,config_loo,KNeighborsClassifier,maxabs,none,off,0.3449687633734435,0.04260180861832551,32,0.3464635745848292,0.6547338274932615,0.018406644865873567,32,0.6529649595687331,0.49584512103517175,0.029555209256440628,32,0.4931506849315068,0.7525337837837838,0.017140713175455832,32,0.7567567567567568,0.5891851147438953,0.04180502103202189,32,0.59375,0.4285714285714285,0.02565790028953927,32,0.4285714285714285
STRICT,config_random80,RandomForestClassifier,robust,smoteenn,off,0.34475499812201094,0.1479554894010546,5472,0.3424747597107866,0.6835785664202665,0.07767862638549766,5472,0.6904761904761905,0.5161744393788246,0.11227343127821729,5472,0.5217391304347826,0.7016081871345029,0.09177829027648439,5472,0.7,0.4828687898134747,0.14486851094693087,5472,0.5,0.6243857618583495,0.18288959875127916,5472,0.625
STRICT,config_loo,GaussianNB,none,smote,off,0.34474361357206806,0.03065077553358356,14,0.3236024261694575,0.6842510589141317,0.014923538852948658,14,0.6752021563342319,0.5506310907780528,0.018501653206318615,14,0.54,0.7065637065637065,0.018113670468317227,14,0.6959459459459459,0.4877906576182438,0.024482571022196864,14,0.4727272727272727,0.6326530612244898,0.01222744264316895,14,0.6428571428571429
IMPUTED,config_loo,SVC_linear,maxabs,none,off,0.3444483445268923,0.07174609593481268,5,0.3057572480603088,0.6398902821316615,0.031131699163073998,5,0.6300940438871474,0.4568715944089078,0.06090053894075821,5,0.4444444444444444,0.76625,0.02321771952625839,5,0.75,0.6338557095078834,0.07441696348965232,5,0.6,0.35909090909090907,0.0565904527181306,5,0.3636363636363636
IMPUTED,config_random80,GaussianNB,standard,smoteenn,on,0.3444453648152034,0.14576649600428307,1680,0.3418817293789138,0.6843887917252374,0.07780339133252513,1680,0.6881944444444444,0.5118017856868118,0.12517266351014605,1680,0.5,0.7232142857142857,0.06390667917616365,1680,0.71875,0.47042546335489166,0.14165432985926601,1680,0.4545454545454545,0.6077511773940345,0.18405186889518624,1680,0.625
STRICT,config_random80,QuadraticDiscriminantAnalysis,standard,smoteenn,on,0.3442558152599302,0.14768050538756392,1680,0.3267616012328021,0.682737481706814,0.0817971772815232,1680,0.6761363636363636,0.5119627528062569,0.11514536666500555,1680,0.5,0.7100793650793651,0.08269815693596305,1680,0.7,0.4851208248041784,0.14157279219559513,1680,0.46862745098039216,0.6120611300075586,0.19818553156966404,1680,0.625
STRICT,config_random80,GaussianNB,maxabs,undersample,on,0.3442419855885298,0.1878966825805191,798,0.363696483726654,0.6890232057361838,0.09891322508238969,798,0.6988636363636364,0.5323811085094796,0.13232266589480943,798,0.5454545454545454,0.6804511278195489,0.1093020188205963,798,0.7,0.4559341141812219,0.14890980566221304,798,0.4615384615384615,0.6940207662012173,0.16223006970404902,798,0.7
IMPUTED,config_loo,RandomForestClassifier,robust,undersample,off,0.34386717072916806,0.02996113383179468,115,0.3496527610237563,0.6824315115169688,0.01483210840960413,115,0.6833855799373041,0.540829111499764,0.018869686598242282,115,0.5416666666666666,0.7154347826086958,0.0195957245313478,115,0.71875,0.48804164897519914,0.02760911670241106,115,0.4897959183673469,0.6090909090909091,0.035002433685764486,115,0.5909090909090909
IMPUTED,config_random80,SVC_linear,maxabs,undersample,off,0.3438556040759476,0.3049871359849406,240,0.4414147946478204,0.6894217858200505,0.16075789394597925,240,0.7367149758454106,0.5047173895549013,0.24320923446002102,240,0.5882352941176471,0.7,0.1871684656100713,240,0.75,0.4405289706559868,0.24511387110126273,240,0.5,0.6626622914122914,0.30839261865483747,240,0.75
STRICT,config_kfold,KNeighborsClassifier,robust,undersample,on,0.34376396533234355,0.0906967352797542,8960,0.35602984835236595,0.6787835473678108,0.04742883475816066,8960,0.6844155844155844,0.536771927066717,0.06310890872334543,8960,0.5431385281385281,0.7035456617992024,0.04280375702925766,8960,0.7096551724137931,0.49730665218562575,0.06507446649921299,8960,0.5025424657042303,0.6214639136904762,0.09135366686128314,8960,0.62
STRICT,config_kfold,KNeighborsClassifier,robust,smote,off,0.34318867389651236,0.053751015273894,2560,0.3424942978887481,0.6764870947195166,0.02802201809855595,2560,0.6754545454545455,0.5328883190992255,0.040683322372832224,2560,0.5328843378843378,0.7120455665024631,0.024271430763321347,2560,0.7109523809523809,0.5071259135849584,0.043832552556609006,2560,0.5045238095238095,0.5940290798611112,0.06193572409174399,2560,0.5916666666666666
IMPUTED,config_kfold,QuadraticDiscriminantAnalysis,standard,undersample,off,0.34314982861097415,0.06912278022357103,240,0.3537350112888662,0.6833009442248573,0.03645224032155484,240,0.6885649978041282,0.5341555798409284,0.048928428257345204,240,0.5399531024531024,0.6994791666666667,0.03294893639170308,240,0.7,0.4730476392372677,0.04702314921415787,240,0.47097536965958015,0.6460416666666667,0.0660706177337037,240,0.6513888888888889
IMPUTED,config_strat80,LogisticRegression,maxabs,none,off,0.343037797468628,0.25079831350290155,120,0.3475240234284579,0.6686795491143317,0.13606811100604596,120,0.6606280193236715,0.4233868923176811,0.29254934077008005,120,0.527536231884058,0.734375,0.0763318371962047,120,0.71875,0.45512012089217974,0.3288313330411299,120,0.5,0.5185185185185185,0.40674195150269127,120,0.6111111111111112
STRICT,config_strat80,GaussianNB,robust,none,on,0.3427584332410812,0.19149623257518356,420,0.3851644432598216,0.6434240362811792,0.0909886673885566,420,0.6428571428571428,0.4547657355176152,0.17530534501002756,420,0.4615384615384615,0.7471428571428572,0.062178140452499045,420,0.7666666666666667,0.6399087816944959,0.23056988481983812,420,0.6666666666666666,0.3841269841269841,0.19512824956702463,420,0.3333333333333333
STRICT,config_loo,KNeighborsClassifier,maxabs,smoteenn,off,0.34253934218337184,0.03127084033164417,128,0.3398126753948219,0.6888406895777178,0.017122679057466,128,0.6873315363881402,0.5578605860769235,0.01773830493178476,128,0.5555555555555556,0.6644847972972973,0.027376406127000635,128,0.6756756756756757,0.44743823781567554,0.02383323144972091,128,0.453125,0.7451636904761905,0.047558958619460835,128,0.7380952380952381
IMPUTED,config_kfold,KNeighborsClassifier,standard,smote,off,0.34237050544176395,0.05179423341722815,2556,0.3426912429213772,0.6785974083902232,0.02756340525333262,2556,0.6781060606060605,0.5327579498030268,0.03609870704222664,2556,0.5337334887334888,0.7082795383411581,0.025588259216446852,2556,0.70625,0.49267741971811974,0.04016481786815603,2556,0.4912087912087912,0.6120257346548427,0.06030227174099096,2556,0.611111111111111
STRICT,config_kfold,GaussianNB,robust,none,on,0.3422750085892219,0.10913745149909265,756,0.3660122112905192,0.6455058521725189,0.05053929969374614,756,0.6561363636363636,0.4524658180042965,0.11362097462622835,756,0.47891025641025636,0.7571422055412202,0.028792240614581324,756,0.7633333333333333,0.6117910396481825,0.11941260314480084,756,0.6333333333333333,0.3864638447971781,0.10694178104745218,756,0.40694444444444444
STRICT,config_random80,LogisticRegression,maxabs,none,on,0.34223833682534943,0.25802322683972234,840,0.3415145093702769,0.6761640570724422,0.14269883012298465,840,0.6850961538461539,0.41311918619255694,0.29353813560471204,840,0.4615384615384615,0.7508730158730159,0.08344191423945876,840,0.7333333333333333,0.43786595678430046,0.3197812975218206,840,0.5,0.5075699168556311,0.394988901504654,840,0.5555555555555556
STRICT,config_random80,KNeighborsClassifier,standard,smote,on,0.34173988073314776,0.17859718479648623,8848,0.3423811916311629,0.6865271800989281,0.09458441463125453,8848,0.6904761904761905,0.5300838484016374,0.12984453306826985,8848,0.5263157894736842,0.6964511754068716,0.0939043060258809,8848,0.7,0.46071802248104876,0.13943273827706473,8848,0.4615384615384615,0.6599200070323489,0.150113056154209,8848,0.625
IMPUTED,config_strat80,SVC_linear,maxabs,none,on,0.34172366548157196,0.21024597492475874,840,0.4117980140314096,0.6322291235334714,0.08878450772173409,840,0.6135265700483092,0.3990542960430755,0.2234364196190853,840,0.4285714285714285,0.7668154761904762,0.053562175213474714,840,0.78125,0.6318901601044459,0.35886740753481294,840,0.6666666666666666,0.3246031746031746,0.21194672137241188,840,0.3333333333333333
STRICT,config_random80,QuadraticDiscriminantAnalysis,none,undersample,off,0.34161006220656537,0.1495761913163349,120,0.3423811916311629,0.6935895786982743,0.08718018589163191,120,0.6903409090909091,0.5321375294211019,0.0982446608890533,120,0.5323886639676113,0.6722222222222223,0.09067990236779552,120,0.6666666666666666,0.437418034465248,0.11047837994345616,120,0.4285714285714285,0.7253439153439153,0.15316258523064025,120,0.75
STRICT,config_kfold,KNeighborsClassifier,standard,smote,off,0.34152959007514144,0.051538119469418546,2560,0.3381301997445829,0.6766189320661977,0.026789342708261495,2560,0.6740981240981241,0.5338005304744586,0.03854515931180348,2560,0.5313583982237233,0.7091645884646962,0.023749422704535134,2560,0.7094252873563218,0.5021326329369697,0.0410304171580934,2560,0.49853479853479854,0.6011401909722223,0.05938698898695273,2560,0.5944444444444444
IMPUTED,config_kfold,GaussianNB,robust,smoteenn,on,0.341526991495531,0.05406663298117634,2352,0.34287349756186924,0.6764182698771208,0.028200817801282033,2352,0.6765909090909091,0.5221053203370816,0.04034343990844202,2352,0.5248212003966479,0.7087691326530613,0.04006328277306938,2352,0.7125,0.4946976665747358,0.0557808570128256,2352,0.4922510822510823,0.6031675170068027,0.09258570513873961,2352,0.605
IMPUTED,config_loo,GaussianNB,robust,smote,on,0.3409898003051165,0.05993967035974857,69,0.3508630336272432,0.6801826359547498,0.030319184232441256,69,0.6829937304075235,0.5381616227256892,0.039573500339139006,69,0.5420560747663551,0.7141304347826086,0.03363426803979673,69,0.7125,0.4882230385595051,0.04847583678168155,69,0.4814814814814814,0.6047430830039525,0.05678038733687758,69,0.6363636363636364
STRICT,config_kfold,QuadraticDiscriminantAnalysis,robust,smote,on,0.3409578868282721,0.07991760189682728,3360,0.350364219015529,0.6761709870817013,0.0435302911856719,3360,0.6800162337662338,0.5328568343408921,0.0585170641516545,3360,0.5382828282828283,0.7039792204238017,0.03576140871428761,3360,0.71,0.49964544262987975,0.05347620872809671,3360,0.5051984126984127,0.6117632275132274,0.09164362675983333,3360,0.62
IMPUTED,config_kfold,KNeighborsClassifier,robust,undersample,on,0.3409161768211724,0.07684942132076454,8946,0.3476553464460094,0.6799360082320891,0.041021489076658695,8946,0.6831818181818182,0.533743842475492,0.05291868625404148,8946,0.5379004329004329,0.7004170858484239,0.03805126071093098,8946,0.70625,0.4813754132979859,0.05500351315769032,8946,0.4824664224664225,0.6336969967955883,0.08691799562233188,8946,0.635
STRICT,config_loo,KNeighborsClassifier,maxabs,smote,off,0.34067270745210587,0.0405373071179182,128,0.3349588723406357,0.6820389712488769,0.021779430090492508,128,0.6821653189577718,0.547282970309823,0.02788097937168057,128,0.5473684210526316,0.7039695945945946,0.02016804042961811,128,0.6993243243243243,0.48464145879276177,0.02846509686100887,128,0.4772882513661202,0.6313244047619048,0.049456883389328896,128,0.6428571428571429
STRICT,config_kfold,QuadraticDiscriminantAnalysis,standard,smoteenn,off,0.3405191907012506,0.07632564461225436,480,0.3547853884099633,0.6616809012746513,0.0497527641901075,480,0.66754329004329,0.4835258232990717,0.10604923498998192,480,0.5123629148629147,0.7336837712096334,0.020022288089543108,480,0.7358620689655172,0.5488861332703244,0.07732634516248896,480,0.5445389822595705,0.4946412037037037,0.16613069660863605,480,0.5194444444444445
IMPUTED,config_kfold,QuadraticDiscriminantAnalysis,standard,none,on,0.34050210952880305,0.06296667067507827,840,0.3484509332294349,0.653847478407261,0.03015255196170259,840,0.6554166666666666,0.4782699495659748,0.05274045434351143,840,0.4831455146161028,0.7513988095238094,0.020707470705973847,840,0.75625,0.5789156729513872,0.061129376143690864,840,0.579047619047619,0.436776455026455,0.055963333264161794,840,0.436111111111111
IMPUTED,config_random80,QuadraticDiscriminantAnalysis,robust,smoteenn,off,0.34049157799202295,0.17466583308993638,240,0.359922659299091,0.6809884902914557,0.09653755990890717,240,0.6993589743589743,0.48760434690204996,0.15943550730759778,240,0.5224171539961013,0.7234375,0.07591944262033558,240,0.71875,0.47562094424323526,0.17934916609650425,240,0.4666666666666667,0.5845255901505901,0.2547467617667624,240,0.625
IMPUTED,config_strat80,KNeighborsClassifier,robust,smoteenn,off,0.3404889969065173,0.17393682565877414,1280,0.3280209083173944,0.681057518115942,0.09059305422640485,1280,0.6690821256038648,0.5512295904409419,0.10554269958991537,1280,0.5263157894736842,0.672314453125,0.10232014410779619,1280,0.6875,0.47037820105735745,0.1271878807480272,1280,0.4444444444444444,0.7010416666666666,0.14377387902819352,1280,0.6666666666666666
STRICT,config_loo,GaussianNB,standard,none,on,0.34037538258186056,0.10999723825781879,13,0.406666370420838,0.6508915612689198,0.051731804080626526,13,0.6790206648697215,0.4848486393473965,0.09208685303589925,13,0.5352112676056338,0.7541580041580042,0.035704250510593706,13,0.777027027027027,0.5912522490771828,0.09033387295802071,13,0.6363636363636364,0.41208791208791207,0.0898183138112764,13,0.4523809523809524
STRICT,config_loo,QuadraticDiscriminantAnalysis,robust,smote,off,0.3403084643089245,0.04669807294101306,24,0.3489400882307482,0.6813978736148547,0.027681448930520557,24,0.688230008984726,0.5451202109718623,0.03578209368550195,24,0.5555782382361948,0.7066441441441441,0.014217372640580834,24,0.7060810810810811,0.4863233278341064,0.019571348408400736,24,0.4863799283154122,0.623015873015873,0.06938649854939942,24,0.6428571428571429
IMPUTED,config_loo,KNeighborsClassifier,robust,undersample,on,0.3402947554915148,0.0636708401046234,448,0.3596591513526554,0.6804851936856248,0.03329116234596122,448,0.6873040752351097,0.538416177003085,0.0414456617939922,448,0.5471698113207547,0.7106584821428571,0.03638958500137629,448,0.7125,0.48447615917382647,0.04948014589758226,448,0.484375,0.6134334415584416,0.06983094989318493,448,0.6136363636363636
IMPUTED,config_random80,QuadraticDiscriminantAnalysis,standard,smoteenn,on,0.3401093546052081,0.1554385389976267,1680,0.3391021570043601,0.6808955406986014,0.08487301733434319,1680,0.6783150183150184,0.5030048998166121,0.12991131025113384,1680,0.5,0.721391369047619,0.07385497112508779,1680,0.71875,0.4748839464322105,0.1475377676066297,1680,0.4615384615384615,0.5937563593813594,0.2035496702342953,1680,0.625
STRICT,config_strat80,KNeighborsClassifier,maxabs,none,off,0.3400065114080971,0.10959009508644382,320,0.3267616012328021,0.649702380952381,0.05263349084902421,320,0.6507936507936507,0.48859063311559436,0.09066101005446973,320,0.5,0.7370833333333333,0.042882470829274134,320,0.7333333333333333,0.6111382367632368,0.1342886268043725,320,0.6,0.43125,0.128925081095455,320,0.4444444444444444
STRICT,config_kfold,QuadraticDiscriminantAnalysis,robust,smoteenn,on,0.3399142085887513,0.08734068887531188,3360,0.3529809393062196,0.6694992613206899,0.050407184464851,3360,0.6725000000000001,0.5128452655691983,0.08419945216638718,3360,0.5287581699346405,0.7111491222925952,0.04585560390655082,3360,0.7227586206896552,0.5175934731299764,0.07457861942519527,3360,0.5183333333333333,0.573385582010582,0.1495010569791821,3360,0.5916666666666667
STRICT,config_loo,SVC_linear,maxabs,none,off,0.33975893765913684,0.0920695021415441,10,0.3210936535057228,0.6413746630727764,0.041395228312517,10,0.6217430368373764,0.464171983670695,0.07556961196051,10,0.4193548387096774,0.758108108108108,0.030683579037705237,10,0.7567567567567568,0.6235604395604396,0.0858753253797446,10,0.65,0.3714285714285714,0.07027283689263066,10,0.3333333333333333
IMPUTED,config_random80,QuadraticDiscriminantAnalysis,none,smoteenn,off,0.33957644225831024,0.14724455219568683,240,0.3578300267477955,0.6673018328272428,0.08356919852086776,240,0.6663292847503375,0.47653243426810693,0.1255356684727925,240,0.5,0.7364583333333333,0.07893625171003935,240,0.71875,0.5341851435601436,0.18643980348900394,240,0.5,0.5120954161579161,0.20336408296645186,240,0.5
IMPUTED,config_loo,SVC_linear,none,none,off,0.33954605033806295,0.041175668736822026,12,0.3435254995094291,0.627742946708464,0.018211520436711974,12,0.6324451410658307,0.42711600959223733,0.03924000394006841,12,0.43926521239954075,0.7687499999999999,0.011306675421666138,12,0.76875,0.6680871865654474,0.038369679246272034,12,0.6594202898550725,0.3143939393939394,0.03471648253754425,12,0.32954545454545453
STRICT,config_random80,SVC_linear,none,none,off,0.3394316250930964,0.20804348179181606,114,0.3851644432598216,0.6430051673472726,0.09950370588535261,114,0.6428571428571428,0.3908014500119763,0.22634314484335163,114,0.4615384615384615,0.7754385964912281,0.05266779274755732,114,0.7666666666666667,0.5970551378446115,0.3375097392604209,114,0.6666666666666666,0.3462197159565581,0.243330777125404,114,0.3333333333333333
IMPUTED,config_loo,GaussianNB,none,smote,off,0.3390367378609391,0.0039770068732441315,12,0.34101704392190324,0.6827978056426333,0.0019305391713934337,12,0.6831896551724138,0.5414600448095593,0.0023967085599036356,12,0.5418446601941748,0.7062499999999999,0.004615930911725,12,0.70625,0.47449051654560126,0.005715663914224864,12,0.4745762711864407,0.6306818181818182,0.01027879583787828,12,0.6363636363636364
STRICT,config_loo,QuadraticDiscriminantAnalysis,standard,smote,off,0.3390170455536212,0.039937462848148086,24,0.3328689213312087,0.6793575920934413,0.022955147297360312,24,0.6786837376460018,0.5427808608911074,0.02991879958296322,24,0.543560606060606,0.7105855855855857,0.013464462485907307,24,0.7060810810810811,0.4915748437229157,0.01906609087303433,24,0.4861952861952862,0.6071428571428571,0.05111398300467292,24,0.6190476190476191
STRICT,config_loo,KNeighborsClassifier,standard,none,on,0.33897845034260216,0.05581499925395954,224,0.3469253679442434,0.647327445128995,0.025347638305677846,224,0.6481356693620846,0.47935940712490843,0.047283258352760885,224,0.48193548387096774,0.752956081081081,0.020129012310494927,224,0.7533783783783784,0.6009979353718666,0.06430508128652858,224,0.5909926470588236,0.40306122448979587,0.05548105771900145,224,0.4047619047619047
STRICT,config_random80,KNeighborsClassifier,maxabs,smote,off,0.3389423528117058,0.1940502537349815,1262,0.3232676249994279,0.6869847228267265,0.10438241601783604,1262,0.6988636363636364,0.5317214112309054,0.1390847358155155,1262,0.5263157894736842,0.6828314844162705,0.10762298452905031,1262,0.7,0.4507981772247913,0.14443038698721886,1262,0.4545454545454545,0.6869519281563655,0.15031405264809286,1262,0.75
IMPUTED,config_loo,KNeighborsClassifier,standard,smoteenn,off,0.33892401985871823,0.05121483125063342,128,0.3315075525921946,0.6872367260971787,0.02883954474571708,128,0.6829937304075235,0.5466596490909356,0.03164554150761756,128,0.5420560747663551,0.67177734375,0.032716424069760476,128,0.675,0.44342640589686677,0.03049719916015985,128,0.43952922077922074,0.7215909090909091,0.08508548214864259,128,0.7272727272727273
IMPUTED,config_loo,KNeighborsClassifier,robust,smoteenn,on,0.33866540715988064,0.06078349374106458,896,0.3424357729147155,0.6863611873040752,0.033262762498189956,896,0.6892633228840126,0.5461798077256641,0.03848203331613498,896,0.549618320610687,0.6795479910714286,0.03729784522636032,896,0.68125,0.45056648625717355,0.040129153209115066,896,0.4470588235294118,0.7015016233766234,0.07775567039891364,896,0.7045454545454546
IMPUTED,config_strat80,KNeighborsClassifier,maxabs,smote,on,0.33864746561631903,0.17695255230182955,8960,0.3316863613133475,0.6797985679779158,0.09132455381084478,8960,0.681159420289855,0.5469482136743506,0.11337626377363245,8960,0.5454545454545454,0.6914899553571429,0.09115074871064048,8960,0.6875,0.48092890420146406,0.12548860828726213,8960,0.4615384615384615,0.6530753968253968,0.13579606700933733,8960,0.6666666666666666
IMPUTED,config_random80,QuadraticDiscriminantAnalysis,robust,smote,on,0.3383664083409407,0.16445081371845835,1680,0.3391021570043601,0.6859243959391679,0.0881445023471806,1680,0.6875,0.5143907757387228,0.11918602551537022,1680,0.5217391304347826,0.6991815476190476,0.08087404867964085,1680,0.6875,0.4535218126427768,0.1521670112976813,1680,0.4285714285714285,0.6492333856619571,0.1747814863456055,1680,0.625
STRICT,config_loo,RandomForestClassifier,standard,smoteenn,off,0.33809099326451125,0.048420198252989294,258,0.3425890948707095,0.6769120402292846,0.02828189994415572,258,0.6776729559748427,0.537910684949107,0.03844021405122842,258,0.5434782608695652,0.7117117117117117,0.02135565286073912,258,0.7094594594594594,0.49602995387486915,0.03405385229774017,258,0.4888888888888889,0.596437799926172,0.0878948860907703,258,0.5952380952380952
IMPUTED,config_kfold,QuadraticDiscriminantAnalysis,robust,none,off,0.33772078514431253,0.054561892251011046,120,0.3371998151845843,0.654812527448397,0.025217883210670332,120,0.6538877909530083,0.47815576439708213,0.04376134161039657,120,0.4782992171227465,0.7487499999999999,0.019573981615974904,120,0.75,0.5683865717615717,0.057090004058121445,120,0.565952380952381,0.4454166666666666,0.04754122765127019,120,0.4549999999999999
STRICT,config_loo,QuadraticDiscriminantAnalysis,robust,smoteenn,on,0.3370638311141924,0.08354985232034938,168,0.3349588723406357,0.6723783853163907,0.04847670770298643,168,0.6786837376460018,0.5287753499169001,0.06607685840436234,168,0.5437405731523379,0.7123552123552124,0.04755709420349081,168,0.722972972972973,0.5076891745707076,0.06693540394622349,168,0.5087252292221236,0.5799319727891157,0.1347697916918179,168,0.5952380952380952
STRICT,config_kfold,KNeighborsClassifier,standard,none,off,0.33694922368330316,0.04913919591921476,640,0.33835855476371457,0.6447802917568543,0.02093132631686302,640,0.6444805194805194,0.46426020371419946,0.03895611875515769,640,0.4653174603174603,0.7493794129720854,0.017934290510131103,640,0.75,0.6064012671356421,0.07065507548964522,640,0.61,0.40298090277777776,0.04436567334704101,640,0.4027777777777778
IMPUTED,config_strat80,KNeighborsClassifier,standard,none,on,0.3367980247404536,0.19104313188781127,2240,0.3050830778329604,0.6429196859903381,0.08279708756402154,2240,0.6352657004830917,0.46206893660267445,0.15777507734218052,2240,0.4615384615384615,0.7529296875,0.06670713458638344,2240,0.75,0.6143961792176077,0.2087681013033841,2240,0.5857142857142856,0.39146825396825397,0.15374347498175286,2240,0.4444444444444444
STRICT,config_strat80,KNeighborsClassifier,robust,undersample,on,0.33678567499795986,0.1597818935575636,4480,0.3563483225498992,0.6741850907029479,0.08612976672280558,4480,0.6746031746031746,0.5414821969502948,0.1123445828263686,4480,0.5555555555555556,0.6915178571428572,0.06849091263672549,4480,0.7,0.4979042743934004,0.1004230514773541,4480,0.5,0.6308531746031746,0.20147340708270212,4480,0.6666666666666666
STRICT,config_random80,QuadraticDiscriminantAnalysis,standard,smote,off,0.3363795014824337,0.1386002384613359,240,0.3181818181818182,0.6829395906026341,0.0755942577926465,240,0.6761363636363636,0.5172262991205312,0.10128357425540915,240,0.5,0.6916666666666667,0.09381128866003169,240,0.7,0.4638597676474998,0.1260365957885002,240,0.4545454545454545,0.6439087301587302,0.166618047871209,240,0.625
IMPUTED,config_random80,KNeighborsClassifier,maxabs,none,off,0.336180307753264,0.15987735365036898,320,0.3333333333333333,0.660539605641043,0.08393901021954613,320,0.6570048309178744,0.4753497927511085,0.14203510892158416,320,0.5,0.76171875,0.05789775707481822,320,0.75,0.5325649350649351,0.15777475979167993,320,0.5454545454545454,0.45642876221001216,0.1772218015516221,320,0.4444444444444444
STRICT,config_random80,KNeighborsClassifier,robust,smoteenn,on,0.335924743866842,0.16004636441147996,8846,0.3232676249994279,0.6896315457570115,0.0893468556566828,8846,0.6931818181818181,0.5278585130225042,0.11176246461080055,8846,0.5263157894736842,0.6546009495817318,0.10271178167912451,8846,0.6666666666666666,0.42586235292724695,0.11447461945127255,8846,0.4285714285714285,0.7480138992065286,0.16230451227787593,8846,0.75
STRICT,config_random80,KNeighborsClassifier,standard,none,on,0.3358562708093543,0.18764302561522173,2212,0.337099931231621,0.6535742790637044,0.08426692867343404,2212,0.65,0.4733741644357256,0.14372996668868593,2212,0.4615384615384615,0.7486286919831224,0.0785223871212345,2212,0.7666666666666667,0.5633957136895654,0.2077371281203569,2212,0.5714285714285714,0.44580642383535696,0.14988225216094472,2212,0.4444444444444444
IMPUTED,config_loo,KNeighborsClassifier,standard,none,on,0.3357974263242188,0.0628658611848104,224,0.3496527610237563,0.6457575291088222,0.02842457512862294,224,0.6463557993730408,0.47285560392581427,0.052048217666113006,224,0.475,0.7576450892857143,0.02226820408107658,224,0.7625,0.591379027926825,0.0648588350515385,224,0.6,0.3971185064935065,0.05529112386054075,224,0.4090909090909091
STRICT,config_random80,QuadraticDiscriminantAnalysis,none,smote,off,0.3357209371037146,0.17018044271417407,240,0.3181818181818182,0.6781247131994415,0.09505421938172744,240,0.6590909090909092,0.5064719742145203,0.11510688084191865,240,0.5,0.7144444444444444,0.08712925929799616,240,0.7,0.4884976481851482,0.14114448613040576,240,0.5,0.5813475529100529,0.19244229916537708,240,0.5
STRICT,config_random80,SVC_linear,maxabs,none,off,0.3356956364847426,0.18458026893749052,114,0.3466876226407682,0.6404730344661695,0.09028146190484362,114,0.625,0.39057959840508316,0.20257859778887613,114,0.4285714285714285,0.7646198830409358,0.057868580593000055,114,0.7666666666666667,0.5867585630743526,0.33384758584132773,114,0.625,0.3588137009189641,0.25886823988204055,114,0.3333333333333333
IMPUTED,config_random80,QuadraticDiscriminantAnalysis,robust,smote,off,0.33564896758787827,0.15100724734990112,240,0.34344328502100735,0.6850040249129208,0.08173903093015387,240,0.6909090909090909,0.5101165451024449,0.10642888537628348,240,0.5108695652173914,0.6984375,0.07384594142438404,240,0.6875,0.4547185024942378,0.14814727841272943,240,0.44949494949494945,0.6435042735042735,0.17041343710208598,240,0.625
STRICT,config_kfold,QuadraticDiscriminantAnalysis,robust,none,off,0.3349916222902242,0.04918637763289066,120,0.3346801188487911,0.6541247594997596,0.02508825889973579,120,0.6580681818181818,0.4876295603236645,0.0436085156512106,120,0.493968253968254,0.7377739463601533,0.018454298847734925,120,0.7371428571428571,0.5702560726310727,0.05058444854793956,120,0.5828571428571429,0.4603425925925926,0.05079808048008627,120,0.4591666666666666
IMPUTED,config_loo,QuadraticDiscriminantAnalysis,robust,undersample,off,0.33490976591308835,0.07214319429487911,12,0.3321633084113331,0.6800548589341693,0.03707390567030744,12,0.6788793103448275,0.539127642592652,0.045814837005691694,12,0.537037037037037,0.703125,0.03894014929700099,12,0.703125,0.4733000773684736,0.051514095998754096,12,0.4702240566037736,0.6287878787878788,0.0468116955040397,12,0.6477272727272727
STRICT,config_random80,KNeighborsClassifier,maxabs,none,off,0.33479477007538533,0.2043054913731775,316,0.3181818181818182,0.657423636795541,0.09429440176335088,316,0.6420454545454546,0.4776931855967401,0.16592118977456738,316,0.4705882352941176,0.744409282700422,0.08281022607859222,316,0.7333333333333333,0.5443608430950203,0.20781234554743916,316,0.5277777777777778,0.4638763311231665,0.1665381237789049,316,0.5
STRICT,config_random80,KNeighborsClassifier,standard,none,off,0.3347702864550709,0.18500773193425782,316,0.337099931231621,0.6506300283371005,0.07993314446059985,316,0.6590909090909092,0.4691628414215317,0.14120437137593284,316,0.48529411764705876,0.7479957805907174,0.07936826395057461,316,0.7666666666666667,0.5692492282682156,0.2114061204260183,316,0.5714285714285714,0.4359629294755877,0.1382473502470936,316,0.5
IMPUTED,config_loo,QuadraticDiscriminantAnalysis,standard,undersample,off,0.33431159305538444,0.06508733764171903,12,0.3388666814742628,0.6800548589341693,0.034267337615415554,12,0.6851489028213166,0.5386338645826326,0.04187626286792713,12,0.5445247751719273,0.703125,0.03344559693809419,12,0.70625,0.47200686252725205,0.043254554617042563,12,0.47394429469901167,0.6287878787878788,0.0468116955040397,12,0.6477272727272727
IMPUTED,config_kfold,SVC_linear,robust,none,on,0.33417078655312005,0.10216981556929168,1398,0.3644084845669092,0.6328713190874975,0.04359081692399122,1398,0.643719806763285,0.40334970472140114,0.11497509886920274,1398,0.4403968253968253,0.7719152360515021,0.01983586380326895,1398,0.775,0.6192546660143227,0.16052863334511072,1398,0.6666666666666667,0.3233333333333333,0.09840546288909609,1398,0.345
IMPUTED,config_loo,RandomForestClassifier,standard,undersample,off,0.3339473526076874,0.03135598512668691,116,0.3204925371234562,0.6802575397254351,0.016128659990171393,116,0.6743730407523512,0.538494931552037,0.019883579195366766,116,0.5321100917431193,0.7015086206896551,0.01928794766265928,116,0.7,0.46986790426377106,0.025956799338125173,116,0.4660138248847926,0.6330329153605017,0.03524136659856345,116,0.6363636363636364
IMPUTED,config_loo,GaussianNB,standard,smoteenn,off,0.33385624555385834,0.03202493367699294,12,0.3344763360468242,0.6816222570532915,0.02088598428093487,12,0.6829937304075235,0.5388851802403204,0.026583857182393155,12,0.5420560747663551,0.6968749999999999,0.003263956049169331,12,0.6968749999999999,0.4631904043668749,0.004491338104675847,12,0.4609279609279609,0.6477272727272727,0.06818181818181819,12,0.6590909090909091
IMPUTED,config_loo,KNeighborsClassifier,standard,smote,off,0.3333945461669758,0.04410431556723551,128,0.327800861189009,0.6789589047805643,0.02309714037925366,128,0.6786833855799372,0.536618183151807,0.02907602188337379,128,0.5365597556319206,0.70419921875,0.023971323898850136,128,0.7,0.47324732302886885,0.033199941100430175,128,0.4633655394524959,0.6228693181818182,0.04835397418836097,128,0.6136363636363636
IMPUTED,config_strat80,KNeighborsClassifier,maxabs,none,off,0.33336701589186646,0.1536938725688906,320,0.3050830778329604,0.6454257246376811,0.06405688173486129,320,0.644927536231884,0.4763210881825433,0.11519228066589685,320,0.4705882352941176,0.7455078125,0.058119077187536936,320,0.75,0.5953115981240982,0.1805372063738557,320,0.5555555555555556,0.4166666666666667,0.11868964772901247,320,0.4444444444444444
IMPUTED,config_random80,QuadraticDiscriminantAnalysis,none,none,off,0.3332593520143854,0.1494099000561438,60,0.37553845510227485,0.6702308346934587,0.08663528970245633,60,0.65625,0.48601550070455707,0.11177600130910868,60,0.5,0.7291666666666666,0.06526375214951073,60,0.75,0.4994361194361194,0.17287165422723266,60,0.4807692307692307,0.5397313797313797,0.19695000242370495,60,0.4285714285714285
STRICT,config_random80,QuadraticDiscriminantAnalysis,maxabs,undersample,on,0.33316934021672745,0.19573956811620094,840,0.3731012536223182,0.6768868434590484,0.10763153408773428,840,0.6988636363636364,0.45376794312475005,0.22965787784532443,840,0.5333333333333333,0.6996825396825397,0.09655655099521966,840,0.7,0.4180916918666495,0.2432523984105884,840,0.4375,0.6198025321239606,0.3509192602166224,840,0.75
IMPUTED,config_loo,RandomForestClassifier,maxabs,undersample,off,0.3329759312014605,0.029739034224597966,115,0.3397315084925725,0.6798180455226932,0.015294850806125136,115,0.6818181818181819,0.5379638864620376,0.018710973823931252,115,0.54,0.7007065217391304,0.019035926930710847,115,0.7,0.46891132241729794,0.025204058191747532,115,0.4677419354838709,0.633399209486166,0.03504405706084517,115,0.6363636363636364
STRICT,config_random80,QuadraticDiscriminantAnalysis,robust,smote,off,0.3328729524795208,0.1343756819781326,240,0.313394259053001,0.6830549422397248,0.07467496098515504,240,0.6746066433566433,0.5169189421876189,0.0999306151512539,240,0.5,0.6833333333333333,0.09348861360621456,240,0.6666666666666666,0.4528639184889185,0.11875462651661274,240,0.4545454545454545,0.662473544973545,0.16847430481449682,240,0.625
IMPUTED,config_random80,QuadraticDiscriminantAnalysis,standard,smote,on,0.3327948777886163,0.16440629878729127,1680,0.3418817293789138,0.6817058551485583,0.08781082035064257,1680,0.6909090909090909,0.5110433434162626,0.11931556346505226,1680,0.5263157894736842,0.7025297619047619,0.07786264942221974,1680,0.6875,0.4539259421768544,0.14902312988442495,1680,0.4545454545454545,0.6329992659456946,0.17306122020025919,1680,0.625
IMPUTED,config_random80,KNeighborsClassifier,standard,none,on,0.3327632303127391,0.1588311739153626,2240,0.3318803884682784,0.654488798996466,0.0820496630910008,2240,0.6458333333333333,0.46269061823167174,0.13655643488227207,2240,0.4615384615384615,0.7622209821428572,0.0605916125197556,2240,0.75,0.5460017834348192,0.17515765960035384,2240,0.5,0.4333627409297052,0.17608423730917996,2240,0.4
STRICT,config_random80,KNeighborsClassifier,robust,none,off,0.3327453003540066,0.20215599654186558,316,0.365079365079365,0.6492498241225539,0.08670251890605161,316,0.6647727272727273,0.4694136739082266,0.15140487472176897,316,0.5,0.7457805907172995,0.08748770049833249,316,0.7666666666666667,0.567763073775732,0.22164026247007748,316,0.5857142857142856,0.4366661643560378,0.1419986095776431,316,0.5
STRICT,config_random80,KNeighborsClassifier,standard,smoteenn,off,0.33267447068979905,0.15020703275882624,1264,0.314256853626364,0.6886772116924841,0.08504231963298699,1264,0.6904761904761905,0.5263206525080897,0.10545735936350832,1264,0.5217391304347826,0.6489978902953587,0.09920444341435894,1264,0.6666666666666666,0.41996561473933547,0.10513969085698711,1264,0.4285714285714285,0.7555995077355837,0.155020118697042,1264,0.75
IMPUTED,config_kfold,QuadraticDiscriminantAnalysis,robust,smote,on,0.332580742576232,0.06764903359912504,3360,0.3378492875962263,0.6744864352636092,0.03708581812430146,3360,0.6756351559068949,0.5191213566043474,0.049401551063393744,3360,0.5218056943056943,0.7051897321428572,0.03154451563166114,3360,0.7125,0.4795712951740013,0.045192905667598225,3360,0.48361291486291486,0.6054477513227513,0.08510957879301058,3360,0.611111111111111
IMPUTED,config_kfold,KNeighborsClassifier,robust,smoteenn,on,0.3325397657180731,0.06260133571466255,17892,0.336813451231169,0.6799537602818885,0.033991555146543576,17892,0.682608695652174,0.5367716657876621,0.03921397810123692,17892,0.540223978919631,0.6676747987927566,0.039974586479882855,17892,0.66875,0.44765662263850037,0.04223144848517639,17892,0.4459426847662142,0.7064511451424597,0.0816575181356267,17892,0.7083333333333334
STRICT,config_loo,GaussianNB,robust,undersample,on,0.3325186953324158,0.09962416494236255,33,0.3674219716109345,0.6788913392686977,0.056509296910000964,33,0.7014824797843666,0.5396115125692797,0.07629796068080222,33,0.5714285714285714,0.696969696969697,0.03701295338029232,33,0.6959459459459459,0.472986994176044,0.049444078804234064,33,0.4761904761904761,0.637085137085137,0.12571088996900504,33,0.6666666666666666
IMPUTED,config_kfold,KNeighborsClassifier,standard,none,on,0.3324423322933147,0.06611095986994994,4473,0.3363597104600784,0.6412767087078171,0.029244537504748997,4473,0.6421212121212121,0.4514329320113985,0.05396023234952762,4473,0.4545209176788124,0.7547018220433713,0.022129781239800958,4473,0.75625,0.6054581886305562,0.07943784645801924,4473,0.6083333333333333,0.38818727177882106,0.05664263822345739,4473,0.3888888888888889
STRICT,config_strat80,LogisticRegression,maxabs,none,on,0.33226177855309014,0.2382744316085758,840,0.4075500715665535,0.657785336356765,0.12579258181898753,840,0.6428571428571428,0.42226095279502296,0.2874296085343676,840,0.5,0.7401587301587301,0.06490298121382614,840,0.7333333333333333,0.4934323708115725,0.3265528119188855,840,0.5384615384615384,0.45185185185185184,0.34990095919285996,840,0.5555555555555556
STRICT,config_strat80,KNeighborsClassifier,standard,smote,on,0.3319047763303818,0.1337667086565296,8960,0.3267616012328021,0.6696109693877551,0.06759312480997197,8960,0.6666666666666666,0.5415831709925126,0.08991173848274352,8960,0.5454545454545454,0.697485119047619,0.06706081925179785,8960,0.7,0.5115064962656943,0.1057488448557658,8960,0.5,0.5999255952380952,0.13760682963644247,8960,0.5555555555555556
STRICT,config_random80,GaussianNB,maxabs,smoteenn,off,0.33168116613544557,0.12607986674984312,228,0.3192190628959962,0.6818419852458755,0.0672992383492957,228,0.6761363636363636,0.5186851477451615,0.10148517473227486,228,0.5263157894736842,0.6864035087719298,0.08502873861221145,228,0.7,0.45385565372020475,0.117666453060179,228,0.4545454545454545,0.656516290726817,0.1501541067353289,228,0.625
IMPUTED,config_kfold,QuadraticDiscriminantAnalysis,robust,smoteenn,off,0.33159202048320074,0.0667284415972537,480,0.338473540226615,0.662706814522032,0.04650764270148647,480,0.6698808739569609,0.4874218478908466,0.09002177410186143,480,0.5138997113997114,0.7229166666666667,0.027113594517415785,480,0.725,0.5208794562098548,0.07280918463578215,480,0.5110912698412697,0.5282314814814815,0.16978862122652463,480,0.5461111111111111
STRICT,config_loo,QuadraticDiscriminantAnalysis,robust,none,off,0.3314479089876799,0.027494832557030134,6,0.3288102833790712,0.6562593590895478,0.01712448857462786,6,0.6579065588499551,0.501242702733946,0.029730084104060094,6,0.5063291139240507,0.740990990990991,0.006978348371544897,6,0.7364864864864865,0.5521650682941005,0.01243607169756859,6,0.5483870967741935,0.4603174603174603,0.044330920773869666,6,0.4761904761904761
STRICT,config_loo,KNeighborsClassifier,robust,smoteenn,on,0.3314099516720165,0.08568891034980633,894,0.3425660853315318,0.6793545770847277,0.047156909157822884,894,0.6848607367475292,0.5447898121537625,0.05483392582063345,894,0.5523809523809524,0.6866724106656992,0.04330094732929279,894,0.6959459459459459,0.4661499540962744,0.04898609562957258,894,0.4727272727272727,0.6624320869287311,0.09142475486409908,894,0.6666666666666666
IMPUTED,config_loo,KNeighborsClassifier,maxabs,smote,off,0.3311909573282426,0.04670770460719594,128,0.3234956794395422,0.6798711794670846,0.024708766460796696,128,0.6765282131661442,0.5383584745218606,0.02996680262193555,128,0.5345238095238095,0.69609375,0.025110484211238022,128,0.69375,0.463603641995494,0.031818888331889665,128,0.4590163934426229,0.6438210227272727,0.041143978401981966,128,0.6363636363636364
STRICT,config_kfold,QuadraticDiscriminantAnalysis,maxabs,undersample,on,0.3310111213755449,0.14791207127119754,1680,0.36743608804393363,0.6679778696832268,0.08682284412498818,1680,0.6951136363636363,0.4640316158013525,0.21112537979983784,1680,0.5649867422178636,0.715498299319728,0.024491576208529955,1680,0.7171428571428571,0.4569231017407986,0.1570064170724146,1680,0.5009304584304584,0.5577652116402116,0.3024286460764449,1680,0.675
IMPUTED,config_loo,GaussianNB,standard,none,on,0.3308042526709751,0.011764125945527094,15,0.3301925209836083,0.6487460815047023,0.006035718521143724,15,0.6512539184952978,0.48149688149688147,0.011408832574930297,15,0.4871794871794871,0.7525,0.005175491695067646,15,0.75,0.5686274509803921,0.016538475539636405,15,0.5588235294117647,0.41818181818181815,0.01881996980024605,15,0.4318181818181818
STRICT,config_loo,GaussianNB,maxabs,none,on,0.33059616564816147,0.011374400775058892,16,0.3389422842217006,0.6466896900269542,0.005774314029695965,16,0.6433063791554358,0.4810720521085146,0.011017869652523687,16,0.4722222222222222,0.7487331081081081,0.005067567567567596,16,0.75,0.5819168734491316,0.0178269512348244,16,0.5806451612903226,0.41071428571428564,0.018442777839082942,16,0.4047619047619047
IMPUTED,config_kfold,KNeighborsClassifier,robust,smote,off,0.3303891664271871,0.05404851458252459,2556,0.3307594632768506,0.6719663391587509,0.029229144428741003,2556,0.6720432586736935,0.5227516041019771,0.03873821198130883,2556,0.5231313131313131,0.7054968701095462,0.02527819945903484,2556,0.70625,0.48687719185045636,0.039364634452430596,2556,0.4844246031746031,0.5965703790645105,0.06498538278622605,2556,0.5916666666666666
IMPUTED,config_strat80,KNeighborsClassifier,robust,smoteenn,on,0.33037781653285625,0.17604838839297615,8960,0.3280209083173944,0.6758718297101449,0.09280512555975814,8960,0.6714975845410628,0.5425814598399531,0.10932765419767627,8960,0.5384615384615384,0.670263671875,0.09924723239289238,8960,0.65625,0.46290213099730815,0.11956909094044278,8960,0.4444444444444444,0.6886904761904762,0.16199681756213477,8960,0.6666666666666666
IMPUTED,config_random80,SVC_linear,maxabs,undersample,on,0.3303326300793938,0.29963402927224864,1680,0.4118415294481012,0.68249559274404,0.1592922341936692,1680,0.7246376811594203,0.49529723361089056,0.23874763510105615,1680,0.5833333333333334,0.6937127976190476,0.1852021910729779,1680,0.75,0.43092031742367826,0.2368790388186155,1680,0.5,0.6543857201000058,0.3111766646058799,1680,0.7
STRICT,config_loo,KNeighborsClassifier,standard,none,off,0.3302379535818944,0.04011230422161683,32,0.3487179346962114,0.6467037286612759,0.016568366826228205,32,0.6540880503144655,0.48170322948018,0.02695141037923203,32,0.4929521540599563,0.7474662162162162,0.017814805081620682,32,0.7533783783783784,0.5813754873460781,0.04994459992813503,32,0.5871975806451613,0.41369047619047616,0.03185784201529362,32,0.41666666666666663
IMPUTED,config_random80,RandomForestClassifier,robust,none,off,0.32998326674479883,0.1453184814878731,1440,0.3133397807202561,0.6504765040986595,0.0773802711750886,1440,0.6275303643724697,0.45135627508004056,0.1345859240810482,1440,0.4444444444444444,0.7595486111111112,0.06691310031081486,1440,0.75,0.563074888074888,0.174749892391564,1440,0.5,0.4225735568443902,0.17794855228493048,1440,0.4
IMPUTED,config_random80,RandomForestClassifier,standard,none,off,0.32993865661496175,0.1472397607804992,1440,0.3133397807202561,0.6504884756894117,0.07825709369364471,1440,0.6318181818181818,0.45120970663939935,0.13649969708468754,1440,0.4444444444444444,0.759765625,0.06731665199241087,1440,0.75,0.5628844226760893,0.1752326111071135,1440,0.5,0.4224144451227784,0.1794940205593889,1440,0.4
IMPUTED,config_strat80,QuadraticDiscriminantAnalysis,robust,none,off,0.32981004539805336,0.13662157875133088,60,0.3165519930751774,0.6456521739130435,0.05401917606475739,60,0.6400966183574879,0.48078976006220586,0.094583238521246,60,0.4705882352941176,0.7385416666666667,0.055475681163596115,60,0.71875,0.588577441077441,0.18890753307056943,60,0.5,0.43333333333333335,0.10570660220703786,60,0.4444444444444444
IMPUTED,config_random80,RandomForestClassifier,maxabs,none,off,0.3293890158413295,0.14789699489287828,1440,0.3133397807202561,0.6501603676105726,0.0776094801233988,1440,0.625925925925926,0.4513654913288528,0.13474916412098673,1440,0.4444444444444444,0.7593315972222222,0.06763959922875455,1440,0.75,0.5617419733044733,0.17637742646812357,1440,0.5,0.42207375186541846,0.17703648891523277,1440,0.4
IMPUTED,config_random80,RandomForestClassifier,none,none,off,0.32922747796227103,0.14660260788975835,1440,0.3133397807202561,0.6500405898996193,0.07795008420413109,1440,0.6275303643724697,0.45036476026590777,0.13599042931713826,1440,0.4444444444444444,0.7594184027777777,0.06728550475645599,1440,0.75,0.562867807346974,0.17559080305299926,1440,0.5,0.42154638956722285,0.17906026770818095,1440,0.4
IMPUTED,config_strat80,SVC_linear,maxabs,undersample,on,0.3290608114639878,0.33566192416795537,1680,0.4115687677026414,0.6811191626409018,0.16759850922204192,1680,0.7258454106280192,0.5318863812870976,0.23543207788078238,1680,0.5925925925925926,0.6739583333333333,0.18485788181768487,1680,0.71875,0.4497376981138818,0.22368800920643606,1680,0.5,0.6974867724867725,0.2944689535736958,1680,0.7777777777777778
STRICT,config_kfold,QuadraticDiscriminantAnalysis,robust,smote,off,0.32887222626664964,0.06430728821331175,480,0.334853398994506,0.6682341119528619,0.036890728872715405,480,0.6721753246753246,0.5193413508531223,0.05562831402192457,480,0.5276267592057066,0.7062993979200876,0.018548895193669288,480,0.7081855500821018,0.4990158208485414,0.03942921524118732,480,0.4987103174603174,0.5800300925925925,0.09270299662596836,480,0.5900000000000001
STRICT,config_random80,QuadraticDiscriminantAnalysis,robust,smote,on,0.3288419624089026,0.1338458799626542,1680,0.3127828530760306,0.6811469420417402,0.07258931018711866,1680,0.6761363636363636,0.5163546294939587,0.10055464203369105,1680,0.5217391304347826,0.6761507936507937,0.09440014554379358,1680,0.6666666666666666,0.44668070355058964,0.12109094679300467,1680,0.4545454545454545,0.6730116213151928,0.16248985556763348,1680,0.625
STRICT,config_loo,QuadraticDiscriminantAnalysis,maxabs,none,off,0.3288102833790712,0.0,2,0.3288102833790712,0.6579065588499551,0.0,2,0.6579065588499551,0.5063291139240507,0.0,2,0.5063291139240507,0.7364864864864865,0.0,2,0.7364864864864865,0.5405405405405406,0.0,2,0.5405405405405406,0.4761904761904761,0.0,2,0.4761904761904761
STRICT,config_loo,QuadraticDiscriminantAnalysis,robust,smote,on,0.32866618944413706,0.07729114221243827,168,0.34292320656509934,0.6756059341975784,0.04334501669765531,168,0.682277628032345,0.5377462451949354,0.0556238189208866,168,0.5481940144478845,0.6990830115830116,0.033075541559122235,168,0.7027027027027027,0.4770136183802053,0.04114661720431166,168,0.4838709677419355,0.6213151927437641,0.09023191610048481,168,0.6309523809523809
STRICT,config_random80,KNeighborsClassifier,maxabs,smoteenn,on,0.32866220276079805,0.1473665301288636,8834,0.3307189138830738,0.6858281278601485,0.08260949785906463,8834,0.6931818181818181,0.5267740183699984,0.10227995004544228,8834,0.5384615384615384,0.6408459738887632,0.10530793235713314,8834,0.6333333333333333,0.4181363362285628,0.11172848142388622,8834,0.4285714285714285,0.7659391384657402,0.13365795542024053,8834,0.75
IMPUTED,config_loo,QuadraticDiscriminantAnalysis,robust,smote,on,0.32793180472311606,0.05096967540130455,168,0.3307793667612287,0.676033736378564,0.028417710229548723,168,0.67358934169279,0.5323737839744311,0.035607536515181525,168,0.5288568257491676,0.7011904761904761,0.027057479818769936,168,0.70625,0.4693646719985364,0.03343985741701045,168,0.4705882352941176,0.6201298701298702,0.06669782491737435,168,0.6363636363636364
IMPUTED,config_kfold,KNeighborsClassifier,standard,none,off,0.3278962332569026,0.04206911357164917,639,0.3272314379541683,0.6413600676424722,0.01827561924850585,639,0.6409848484848485,0.45478074176797995,0.032222103835927655,639,0.4530392156862745,0.7504401408450704,0.015731087709152443,639,0.75,0.5927047131272484,0.05916813725582238,639,0.5916666666666666,0.3973335072161363,0.03759561748308775,639,0.4027777777777778
IMPUTED,config_kfold,GaussianNB,robust,none,on,0.3272683729096126,0.0796619287075249,588,0.3410311005554686,0.6375133880956863,0.03603037245696002,588,0.6448863636363635,0.4271931143419739,0.08395526185254086,588,0.4453968253968254,0.7612244897959184,0.018027147677931177,588,0.7625,0.5990030037989222,0.09500066004431165,588,0.6060317460317459,0.361281179138322,0.08033376524143043,588,0.3805555555555555
STRICT,config_strat80,KNeighborsClassifier,robust,smote,on,0.3267308809258891,0.1433968391975946,8960,0.3267616012328021,0.6663885345804988,0.07243142287633188,8960,0.6666666666666666,0.5365569485341106,0.09622901852761775,8960,0.5454545454545454,0.6954241071428572,0.06951638034598755,8960,0.7,0.5091460846977194,0.11259111969681417,8960,0.5,0.5937996031746031,0.14988383717004441,8960,0.5555555555555556
IMPUTED,config_random80,KNeighborsClassifier,standard,none,off,0.32563400675680015,0.12506757921872197,320,0.3026137663344012,0.6525818085013236,0.06473218032562672,320,0.6458333333333333,0.4661600827685386,0.10746715640163394,320,0.4615384615384615,0.7580078125,0.052402001549174765,320,0.75,0.5325128517316017,0.14384752287176372,320,0.5,0.4390218635531135,0.1425798417244972,320,0.4
STRICT,config_strat80,QuadraticDiscriminantAnalysis,maxabs,smote,on,0.32561703765979033,0.195317578890319,1680,0.3267616012328021,0.6561224489795918,0.10499756852986887,1680,0.6428571428571428,0.4690080680064169,0.22139408449048623,1680,0.5185185185185185,0.7007936507936507,0.089465828583779,1680,0.7,0.5038764126307453,0.25165268330236057,1680,0.5,0.5444444444444444,0.319043858650386,1680,0.5555555555555556
STRICT,config_random80,GaussianNB,robust,smoteenn,on,0.3254489056155129,0.1747479893840682,1596,0.3181818181818182,0.6717037992699975,0.0880564661149759,1596,0.6666666666666666,0.5092654121928964,0.1292596908862872,1596,0.5,0.6963032581453634,0.10600030329521573,1596,0.7,0.4716423532460575,0.15508705870232456,1596,0.4545454545454545,0.6077455543620957,0.17087489372559486,1596,0.625
STRICT,config_strat80,QuadraticDiscriminantAnalysis,maxabs,undersample,on,0.32540893734316617,0.18661976840381583,840,0.34155496189135065,0.6577097505668934,0.10176759394592513,840,0.6666666666666666,0.4657617964325737,0.22094203215886613,840,0.5384615384615384,0.7068253968253968,0.06647550017414033,840,0.7,0.5082806856128949,0.25492728477170895,840,0.5,0.5349206349206349,0.31293307833259776,840,0.5555555555555556
STRICT,config_strat80,SVC_linear,none,none,off,0.32521383651795166,0.14847817098711136,120,0.365079365079365,0.6124338624338624,0.06747175897554711,120,0.6111111111111112,0.3733586049027225,0.16033699718519676,120,0.3636363636363636,0.7433333333333334,0.04247259785588178,120,0.7333333333333333,0.742715848965849,0.28544429295270124,120,0.75,0.28518518518518515,0.1720924081302205,120,0.2222222222222222
IMPUTED,config_strat80,QuadraticDiscriminantAnalysis,maxabs,smote,off,0.32515306204647965,0.18707632622859435,240,0.3050830778329604,0.657608695652174,0.10197741025594885,240,0.6400966183574879,0.45827713885723637,0.21066807863820536,240,0.5,0.7046875,0.08449815705697433,240,0.71875,0.484386964307672,0.24910859954787626,240,0.4736842105263157,0.55,0.3302507394489149,240,0.5555555555555556
STRICT,config_random80,QuadraticDiscriminantAnalysis,standard,smoteenn,off,0.32499378420780484,0.1553089450669316,240,0.3232676249994279,0.6678353279168496,0.09175133837739538,240,0.6619318181818182,0.4800305209363573,0.1312383089106872,240,0.5,0.7166666666666667,0.07738160374915516,240,0.7333333333333333,0.4964256597876954,0.1576938767489768,240,0.5,0.5505291005291005,0.23780442786396636,240,0.5555555555555556
STRICT,config_loo,QuadraticDiscriminantAnalysis,maxabs,smote,on,0.3249339583394251,0.10346053514533812,168,0.33591180593332537,0.6582702263295255,0.07813044320528953,168,0.667789757412399,0.45754731797590203,0.1954353962013039,168,0.5274725274725275,0.7010939510939511,0.035900192095101126,168,0.7094594594594594,0.5814271623738502,0.19643329472402368,168,0.4897959183673469,0.5592403628117913,0.3149325425919187,168,0.5952380952380952
STRICT,config_kfold,SVC_linear,none,none,off,0.3246409077723563,0.07753595205838128,225,0.3384254213458698,0.6216452781786115,0.03445261817967437,225,0.6230519480519481,0.3726492138217628,0.08857900206073106,225,0.3758041958041958,0.766778835978836,0.017190918891728878,225,0.7704761904761905,0.6343044091710758,0.12707939029999882,225,0.6416666666666666,0.2862716049382716,0.07722886146646114,225,0.285
IMPUTED,config_strat80,SVC_linear,maxabs,undersample,off,0.32452192930467216,0.3287868057139136,240,0.4290823322857326,0.6787640901771337,0.16397557246977418,240,0.7342995169082125,0.5278515678763426,0.2317108800732355,240,0.6086956521739131,0.67109375,0.18106831988796443,240,0.71875,0.44566435384778197,0.22064681490554214,240,0.5,0.6962962962962963,0.2951939823784814,240,0.7777777777777778
IMPUTED,config_kfold,QuadraticDiscriminantAnalysis,standard,smoteenn,off,0.3243474952440811,0.06501871338102617,480,0.3237115325743938,0.656691173510467,0.04208581095256288,480,0.659963768115942,0.4775336359198874,0.08221585041645846,480,0.4937968975468975,0.7284635416666667,0.025578177961847505,480,0.73125,0.5259487055807682,0.07643019375122738,480,0.5113461538461538,0.49652546296296296,0.14517887577601826,480,0.52
STRICT,config_loo,KNeighborsClassifier,standard,smoteenn,off,0.3240271537009403,0.04636649364203489,128,0.3160807685303818,0.6766395164319794,0.026119390569387203,128,0.6711590296495957,0.5420925180801389,0.02997933223897768,128,0.5360824742268041,0.6764167262214137,0.026411774539277844,128,0.6756756756756757,0.4548003457977006,0.027363326375429185,128,0.4545454545454545,0.6771410611658456,0.0730177991155374,128,0.6666666666666666
IMPUTED,config_random80,QuadraticDiscriminantAnalysis,maxabs,undersample,on,0.3237516904168663,0.19454498110432514,840,0.3455681798817401,0.6739906884616077,0.11090608589036491,840,0.6909090909090909,0.4463849977523499,0.2268048455843241,840,0.5333333333333333,0.7225446428571428,0.07648277167702743,840,0.71875,0.41788569489669664,0.2298523814253839,840,0.4545454545454545,0.5737484737484737,0.3310283526973415,840,0.625
STRICT,config_strat80,SVC_linear,maxabs,none,off,0.32340957838650203,0.17703933891290863,120,0.3851644432598216,0.625925925925926,0.07797185373262111,120,0.6111111111111112,0.3929545602030122,0.20610401090037947,120,0.375,0.7511111111111112,0.042982491242096584,120,0.7666666666666667,0.6186970899470899,0.31717408307545786,120,0.6666666666666666,0.312962962962963,0.1927104669327243,120,0.3333333333333333
STRICT,config_kfold,QuadraticDiscriminantAnalysis,none,none,off,0.3228093721692363,0.05244169552418411,120,0.3274729678317454,0.6509984367484367,0.025881770470546447,120,0.6521590909090909,0.4808728779222452,0.041467260833825195,120,0.4844077104526021,0.7304099616858237,0.018882969546374462,120,0.7307717569786536,0.5489050625300625,0.058363532140040454,120,0.5430952380952381,0.46696296296296297,0.05097487899834396,120,0.475
IMPUTED,config_loo,QuadraticDiscriminantAnalysis,maxabs,undersample,on,0.3227617888860188,0.1361819717227826,84,0.34743718651993766,0.6663401253918495,0.0874713805721095,84,0.692985893416928,0.46111485016757153,0.2029415767329118,84,0.5542060278902384,0.715625,0.023932400405237815,84,0.715625,0.5000967808718093,0.047227933804296955,84,0.4893226919758412,0.5568181818181819,0.30566240059338834,84,0.6590909090909091
IMPUTED,config_kfold,SVC_linear,none,none,off,0.3226064608000137,0.06581364313831566,203,0.3284995167690295,0.6240979888843458,0.02594525015207967,203,0.6259090909090909,0.3810089496774515,0.06691888902970915,203,0.3857142857142857,0.7707512315270936,0.014031953843775742,203,0.76875,0.6264203612479474,0.11968308327847767,203,0.625,0.297071702244116,0.05576380247294974,203,0.2972222222222222
IMPUTED,config_kfold,QuadraticDiscriminantAnalysis,maxabs,undersample,on,0.32205830215590014,0.14455599999781382,1680,0.3591482802363995,0.6660378421900162,0.08522137773172296,1680,0.6891666666666667,0.4555559579399701,0.2031143221603054,1680,0.5443857779647253,0.7140922619047618,0.030618227387700883,1680,0.71875,0.4385764147171157,0.14474434422476962,1680,0.4811538461538461,0.5589041005291006,0.29881678320726396,1680,0.663888888888889
STRICT,config_loo,QuadraticDiscriminantAnalysis,maxabs,smote,off,0.3217720459354444,0.10612687451303492,24,0.324429955700806,0.6556790955375861,0.0787451277898915,24,0.6570080862533693,0.45476838242750267,0.19567048915494675,24,0.5113636363636364,0.7032657657657658,0.03351341085108672,24,0.7060810810810811,0.5838780770609355,0.20016542374456892,24,0.48402839396628217,0.5456349206349206,0.3153158244436299,24,0.5476190476190477
IMPUTED,config_strat80,QuadraticDiscriminantAnalysis,none,none,off,0.32137984011027626,0.15670983913562758,60,0.2799291142883328,0.648389694041868,0.06619245955390447,60,0.6352657004830917,0.4878500676023896,0.11576716358611679,60,0.47338935574229685,0.734375,0.061834379321714684,60,0.71875,0.553027898027898,0.16310787248583583,60,0.5,0.45185185185185184,0.11548213419092551,60,0.4444444444444444
IMPUTED,config_random80,QuadraticDiscriminantAnalysis,robust,smoteenn,on,0.3212909631209759,0.16767228885892901,1680,0.3362177451688467,0.6746268665958243,0.09487887337447624,1680,0.6783150183150184,0.4918791458699898,0.1358482341867335,1680,0.5185185185185185,0.7068080357142857,0.07869954859897907,1680,0.71875,0.4497103240296241,0.14035363908148552,1680,0.4444444444444444,0.6044432452468167,0.22403947794151052,1680,0.625
IMPUTED,config_random80,SVC_linear,none,none,off,0.32121402439295615,0.15946473499170394,120,0.34816119142170177,0.6279899085962205,0.07732211952122714,120,0.625,0.392823461941109,0.15356215473429863,120,0.4,0.7729166666666667,0.07083745250833878,120,0.796875,0.6187896825396826,0.21204118737078453,120,0.6458333333333333,0.319212962962963,0.17190440454016656,120,0.2857142857142857
STRICT,config_strat80,KNeighborsClassifier,standard,none,on,0.3210782808926342,0.1479452015382637,2240,0.3086066999241838,0.6351828231292517,0.06816552415078213,2240,0.6428571428571428,0.4542915105865681,0.1283373095067994,2240,0.4615384615384615,0.7374702380952382,0.05267636445204937,2240,0.7333333333333333,0.6182644364564007,0.15734036916258057,2240,0.6,0.3794642857142857,0.14096647544574364,2240,0.3333333333333333
IMPUTED,config_loo,KNeighborsClassifier,standard,none,off,0.3209493051399522,0.032496699340701415,32,0.32215673581182547,0.6427801724137931,0.011906931400091835,32,0.6414576802507836,0.4712323365040756,0.0186723298078104,32,0.4675324675324675,0.74921875,0.01569540589245884,32,0.75,0.5653538318315359,0.045972800765642044,32,0.563049853372434,0.40625,0.02432095662081873,32,0.4090909090909091
IMPUTED,config_loo,QuadraticDiscriminantAnalysis,robust,smote,off,0.3209444662332725,0.06034102117654923,24,0.3231060703761167,0.6718260188087775,0.03425257249633177,24,0.6745689655172413,0.5260272507508498,0.044640446755518544,24,0.5311447811447811,0.703125,0.02076983075437104,24,0.703125,0.4681106374316875,0.03049084208645418,24,0.4702240566037736,0.6022727272727273,0.0718699468220086,24,0.6136363636363636
STRICT,config_random80,KNeighborsClassifier,robust,smote,off,0.32083198957103193,0.18201835294219645,1264,0.3082573996425538,0.6770363400282222,0.09912010295595088,1264,0.6704545454545454,0.5174387617754072,0.1307482121745079,1264,0.5217391304347826,0.6781645569620253,0.09631006747651823,1264,0.6666666666666666,0.43976342881937674,0.1318107347268616,1264,0.4285714285714285,0.6661756580269239,0.1596064961204957,1264,0.6666666666666666
STRICT,config_kfold,KNeighborsClassifier,robust,smote,on,0.31967622825432107,0.07142500725016043,17920,0.328880970767531,0.6647204277307514,0.037167461382741275,17920,0.6693181818181818,0.5176519256109655,0.05132117009204587,17920,0.5238690264955577,0.700064959388928,0.031751212043078944,17920,0.7034482758620689,0.49021623620070875,0.05333626808414427,17920,0.4933333333333333,0.5827669270833333,0.0728193889794922,17920,0.586111111111111
STRICT,config_strat80,KNeighborsClassifier,robust,smote,off,0.31958665714284407,0.1359396999915243,1280,0.3086066999241838,0.6629216269841269,0.06876440626510767,1280,0.6666666666666666,0.5316693188359662,0.09334025780341818,1280,0.5333333333333333,0.6940625,0.06582335725392043,1280,0.7,0.505230308651724,0.10626670095046868,1280,0.5,0.5850694444444444,0.1425670547837116,1280,0.5555555555555556
STRICT,config_kfold,LogisticRegression,maxabs,none,on,0.3195666120078208,0.1979872418058048,1680,0.40351402127144986,0.6575464466089466,0.11186189945402521,1680,0.6903769841269841,0.4111119774669751,0.2640654339160619,1680,0.5439344121351795,0.7418425209164126,0.020107593365429242,1680,0.7422988505747127,0.44336032710123263,0.22636610715976144,1680,0.5444444444444445,0.4624583333333333,0.3429820352055248,1680,0.5527777777777778
STRICT,config_random80,QuadraticDiscriminantAnalysis,robust,none,on,0.3194150924511935,0.21194593118227728,420,0.3181818181818182,0.6551000457444558,0.1010070736505239,420,0.6590909090909092,0.4529732108767933,0.19192642815518743,420,0.4615384615384615,0.7441269841269842,0.0790416259890114,420,0.7333333333333333,0.5091808059665203,0.22759980459129472,420,0.5,0.45505102040816325,0.22351896453352796,420,0.5
IMPUTED,config_kfold,KNeighborsClassifier,robust,smote,on,0.31914268897639403,0.07292700223619505,17892,0.3268064839375149,0.6668286924126127,0.03882179417632297,17892,0.6709848484848485,0.5149659850454055,0.05168979326089451,17892,0.5204545454545455,0.6995245780236977,0.03261323107780657,17892,0.7,0.4762891662110089,0.05084456826640195,17892,0.4772110242698478,0.5932734990188042,0.07785769461565611,17892,0.5916666666666666
STRICT,config_kfold,QuadraticDiscriminantAnalysis,maxabs,undersample,off,0.3190228177594667,0.14799379220886566,240,0.33948677451859643,0.6606724386724386,0.0863574359686458,240,0.6710317460317461,0.4530739235110011,0.20890952353669345,240,0.526230998328185,0.7148854679802955,0.027796985716970448,240,0.7221428571428571,0.4556906499288465,0.1571725035043446,240,0.5048164825370707,0.5348888888888889,0.2943963593272578,240,0.6375
STRICT,config_random80,KNeighborsClassifier,maxabs,smoteenn,off,0.3190142562798006,0.1509703841349379,1262,0.3202563076101743,0.6807140144665123,0.08424677805243261,1262,0.6931818181818181,0.5223799075908399,0.10595274470426887,1262,0.5384615384615384,0.6306920232435288,0.10877475115319758,1262,0.6333333333333333,0.4095888861690884,0.11086182539537909,1262,0.4285714285714285,0.7715543480995145,0.12461860814885128,1262,0.75
IMPUTED,config_strat80,QuadraticDiscriminantAnalysis,none,undersample,off,0.31899186616917896,0.09372778118341667,120,0.2976851013806767,0.6708534621578099,0.05185665086095379,120,0.6594202898550725,0.5306123157078535,0.06697419351737484,120,0.5217391304347826,0.6791666666666667,0.05550885058256204,120,0.6875,0.4589843195590099,0.062069405365903,120,0.4545454545454545,0.6518518518518518,0.13430499773618768,120,0.6666666666666666
STRICT,config_random80,QuadraticDiscriminantAnalysis,maxabs,undersample,off,0.31867210701255266,0.19759818906458673,120,0.3423811916311629,0.6701485943605509,0.10892650254839596,120,0.6761363636363636,0.4457751926749994,0.22682443330330354,120,0.5263157894736842,0.7033333333333334,0.08571117330172408,120,0.7,0.41347114272036867,0.24406735752020645,120,0.4375,0.5939616402116402,0.34131891234588635,120,0.75
IMPUTED,config_kfold,QuadraticDiscriminantAnalysis,robust,smoteenn,on,0.3185488279198846,0.06600294903817659,3360,0.3237151807811833,0.662047077922078,0.03883917981787831,3360,0.6643939393939394,0.498780021178404,0.06377786559704597,3360,0.5088761238761239,0.702421875,0.04019790972389895,3360,0.70625,0.48773061195497575,0.06609026342402415,3360,0.4813961038961039,0.5717420634920635,0.1347565747255172,3360,0.5874999999999999
IMPUTED,config_strat80,KNeighborsClassifier,maxabs,smote,off,0.3182580189951903,0.1740792932502074,1280,0.3280209083173944,0.6682253925120774,0.08913907825078257,1280,0.6690821256038648,0.5334565219969484,0.11173632849083488,1280,0.5263157894736842,0.685009765625,0.0911520737536628,1280,0.6875,0.4729009638183883,0.1256475062994098,1280,0.4545454545454545,0.6298611111111111,0.12564758075414062,1280,0.6666666666666666
IMPUTED,config_random80,SVC_linear,robust,none,on,0.31805274807853845,0.1837924199025567,840,0.3333333333333333,0.6358868283941429,0.09223854655976048,840,0.6278677462887989,0.4035599010388926,0.18775704782737196,840,0.4,0.7722470238095238,0.0706167966118411,840,0.78125,0.5707458943173229,0.2313397762806485,840,0.6,0.3473619105761963,0.20314513524991493,840,0.375
IMPUTED,config_kfold,QuadraticDiscriminantAnalysis,robust,smote,off,0.31791740603121643,0.0641173471638716,480,0.32219193906449406,0.6650970392329089,0.036382096187404185,480,0.6681439393939395,0.503828788672304,0.05121057176507533,480,0.5105484363081616,0.7073697916666667,0.020826226388696658,480,0.70625,0.47743934863797477,0.03751377259710178,480,0.47659090909090907,0.570136574074074,0.08671162416537768,480,0.5711111111111111
STRICT,config_strat80,QuadraticDiscriminantAnalysis,robust,smote,on,0.3171042233902463,0.19155740340981237,1680,0.3267616012328021,0.6611772486772487,0.09576414432711655,1680,0.6746031746031746,0.5275994851203759,0.132510074421241,1680,0.5454545454545454,0.690515873015873,0.08521888115714975,1680,0.7,0.502800389851888,0.14914691946091105,1680,0.5,0.5878306878306878,0.1862612474357532,1680,0.5555555555555556
IMPUTED,config_loo,QuadraticDiscriminantAnalysis,robust,undersample,on,0.31710125787368004,0.06446520464366945,84,0.32022591313915655,0.6714061800268697,0.033498656966035344,84,0.6716300940438871,0.5285174734931084,0.04091166055900101,84,0.5283018867924528,0.6910714285714286,0.03689631702464067,84,0.69375,0.458395930474001,0.04590950730214136,84,0.458041958041958,0.6277056277056277,0.05037754031872432,84,0.6363636363636364
STRICT,config_kfold,QuadraticDiscriminantAnalysis,standard,smote,off,0.31688953113684026,0.0568925192818882,480,0.32092236570729604,0.6598748346560847,0.03113692976688018,480,0.660443722943723,0.5069597545206174,0.04812890913494645,480,0.5091193288696317,0.7062816091954023,0.01795530727885329,480,0.7059523809523809,0.5001592312235694,0.04363332766158857,480,0.4982160894660894,0.5523032407407408,0.07577486945410274,480,0.55
IMPUTED,config_strat80,KNeighborsClassifier,robust,smote,off,0.3167081149786239,0.16476114002512604,1280,0.2809003238667948,0.662326388888889,0.0830935921819384,1280,0.6473429951690821,0.5205981480841676,0.11085797312433973,1280,0.5,0.6986328125,0.08504937475897233,1280,0.6875,0.49109220028337675,0.13002475271107675,1280,0.4545454545454545,0.5793402777777777,0.14112642514158008,1280,0.5555555555555556
STRICT,config_strat80,QuadraticDiscriminantAnalysis,robust,undersample,on,0.31667220891167813,0.20579648327571512,840,0.365079365079365,0.6628306878306878,0.10644761241165746,840,0.6825396825396826,0.5224788377309001,0.14723859004798384,840,0.5555555555555556,0.6888095238095239,0.0793575095241561,840,0.7,0.49120305289948146,0.14830812945101196,840,0.5,0.5978835978835979,0.22920094876377928,840,0.5555555555555556
IMPUTED,config_kfold,QuadraticDiscriminantAnalysis,none,none,off,0.31665332479969954,0.05963939650084109,120,0.3141179894430748,0.648887772654077,0.027952677053658642,120,0.6467435221783048,0.469250851716796,0.0473359077486271,120,0.4664111816975594,0.7373958333333334,0.021113055604217498,120,0.7406250000000001,0.535424408924409,0.05465320967039594,120,0.5398504273504274,0.45146296296296295,0.04863378467264178,120,0.4555555555555555
STRICT,config_strat80,QuadraticDiscriminantAnalysis,standard,none,on,0.31640856549613855,0.1313441061922515,420,0.3086066999241838,0.641156462585034,0.06317722529377255,420,0.6507936507936507,0.47411506988454466,0.11190470210190152,420,0.5,0.7242857142857143,0.050953703302992884,420,0.7333333333333333,0.5862929795072652,0.16225327905861894,420,0.5714285714285714,0.43333333333333335,0.15370341083212505,420,0.4444444444444444
IMPUTED,config_loo,QuadraticDiscriminantAnalysis,standard,smote,off,0.31600098456858366,0.04975809366006372,24,0.3105531688680999,0.6672870950888191,0.02752299051240075,24,0.6647727272727273,0.520221475172344,0.03632200689279776,24,0.5177319587628866,0.7067708333333332,0.018330142179449664,24,0.70625,0.4725519312084501,0.028085155580221243,24,0.4711431742508324,0.5795454545454545,0.05319473847310184,24,0.5681818181818182
IMPUTED,config_kfold,LogisticRegression,maxabs,none,on,0.31597576133502336,0.19751405674493627,1680,0.3755416360696633,0.6573050105088148,0.11416930951039363,1680,0.6735644488361879,0.40316428516413755,0.2593970307649856,1680,0.4995994201876555,0.7464136904761904,0.016854954136021054,1680,0.74375,0.439777579821034,0.2182927539227966,1680,0.5411288711288711,0.4586726190476191,0.34548863252319634,1680,0.5152777777777777
STRICT,config_loo,GaussianNB,robust,smoteenn,on,0.31588978406702706,0.0952690858103405,75,0.3425660853315318,0.6590056903264451,0.04967713983851329,75,0.6698113207547169,0.5168726184550139,0.05440122169855652,75,0.525,0.7064864864864865,0.06865667173859129,75,0.7297297297297297,0.503451898740666,0.07367245145415893,75,0.5272727272727272,0.5492063492063491,0.09282111083023419,75,0.5238095238095238
STRICT,config_strat80,SVC_linear,maxabs,undersample,off,0.3158634730718638,0.2842471726596371,240,0.4256887899825743,0.6599206349206349,0.1425677631090148,240,0.7182539682539681,0.5144152559905986,0.22163183979097248,240,0.6043478260869566,0.675,0.162971591561149,240,0.7333333333333333,0.4838553233235251,0.23868983425479987,240,0.5384615384615384,0.6222222222222222,0.2947269768932279,240,0.6666666666666666
IMPUTED,config_random80,QuadraticDiscriminantAnalysis,standard,smoteenn,off,0.31567786252317487,0.17156579303958816,240,0.3268228676411533,0.663389220887314,0.08946779528334199,240,0.6666666666666667,0.4710681962611787,0.1558712623429306,240,0.49,0.725,0.07306159635488868,240,0.71875,0.4762198616871604,0.1783727307939103,240,0.4641025641025641,0.5322115384615385,0.2241224156448052,240,0.5714285714285714
IMPUTED,config_random80,LogisticRegression,maxabs,none,off,0.3148399843180599,0.22355510552291524,120,0.38528499010128203,0.6614400880217051,0.12946314429425143,120,0.6917460317460318,0.38934722225282303,0.27285013855994633,120,0.48529411764705876,0.74375,0.07682478974476747,120,0.75,0.41763491224404536,0.30545415445564283,120,0.4615384615384615,0.49179080179080176,0.39491878678915066,120,0.6607142857142857
STRICT,config_random80,GaussianNB,maxabs,smoteenn,on,0.31478498805274713,0.15338281003750465,1596,0.337099931231621,0.6687239141574709,0.08426548053961086,1596,0.6818181818181819,0.4962453251121478,0.11816230125214815,1596,0.5201288244766505,0.6952380952380952,0.07956442100033036,1596,0.7,0.45969441759424645,0.13824344009506057,1596,0.4666666666666667,0.6008965867048573,0.19157350352257443,1596,0.625
IMPUTED,config_random80,LogisticRegression,maxabs,none,on,0.3134619461972202,0.2508426041614595,840,0.3522267206477733,0.6619932995546621,0.14069297985770485,840,0.6666666666666667,0.3973021392431747,0.2823667129853932,840,0.5,0.7563988095238096,0.07819224573433843,840,0.75,0.4251968804022652,0.2887157070855174,840,0.5,0.4669006192220478,0.37466960770718205,840,0.6
STRICT,config_loo,KNeighborsClassifier,standard,smote,off,0.3132371326246011,0.04584801832065669,128,0.3114133121997138,0.6641291835130279,0.024666693877280797,128,0.662848158131177,0.5227142208080251,0.032733866778396306,128,0.5188235294117647,0.7019636824324325,0.022850190377415557,128,0.7027027027027027,0.4809690431519517,0.03314349734293186,128,0.478713768115942,0.5766369047619048,0.05967827726391379,128,0.5714285714285714
IMPUTED,config_loo,QuadraticDiscriminantAnalysis,maxabs,smote,on,0.31318338276343405,0.10775578629849826,168,0.3355584397404427,0.6566185251530079,0.07525617494278124,168,0.6692789968652038,0.4535348807928044,0.18999416125763136,168,0.5217391304347826,0.7010416666666667,0.041115996882002,168,0.7125,0.5370888774070418,0.16848260290186184,168,0.4815546772068511,0.5579004329004329,0.302236855569046,168,0.5681818181818182
IMPUTED,config_strat80,KNeighborsClassifier,standard,none,off,0.3131666744249753,0.17922470366612572,320,0.2809003238667948,0.6331521739130435,0.07933202623483096,320,0.6231884057971014,0.44781345041697207,0.14418687614550238,320,0.4285714285714285,0.743359375,0.0655960713966946,320,0.734375,0.5899742965367964,0.1895168456233527,320,0.5277777777777778,0.38125,0.14701744727679422,320,0.3333333333333333
IMPUTED,config_loo,KNeighborsClassifier,robust,smote,on,0.31298568551394457,0.0703163873273474,896,0.3298821187492406,0.6666541298141514,0.03785996641003379,896,0.67358934169279,0.520083756704286,0.0488217556083703,896,0.5278872071324902,0.7004882812500001,0.031985432297801396,896,0.7,0.46632307892566727,0.045099719591926705,896,0.4672043010752688,0.5914671266233766,0.07076721614700922,896,0.5909090909090909
STRICT,config_random80,KNeighborsClassifier,robust,smote,on,0.31290963025482466,0.18265458415220995,8846,0.3086066999241838,0.672585150161849,0.09885027623679092,8846,0.6666666666666666,0.5088027755282212,0.1283104437648317,8846,0.5,0.6802848745195569,0.09560764638317586,8846,0.6666666666666666,0.44028861415731096,0.1347611590354358,8846,0.4285714285714285,0.6456895592663171,0.17365887146455722,8846,0.625
STRICT,config_random80,KNeighborsClassifier,standard,smote,off,0.3124491537569616,0.18998196547023727,1264,0.29997767628873695,0.6708927279570854,0.10203650366097931,1264,0.6590909090909092,0.5140076631467824,0.13655844155300847,1264,0.5201288244766505,0.6780590717299577,0.10142103911659678,1264,0.6666666666666666,0.4399098888428306,0.13972790835080062,1264,0.4444444444444444,0.6509110659031545,0.14959343028580482,1264,0.625
STRICT,config_strat80,KNeighborsClassifier,standard,smote,off,0.3123730212396886,0.12224940364784709,1280,0.3082573996425538,0.659858630952381,0.0615768299364102,1280,0.6587301587301587,0.5286858825429965,0.08324345987389509,1280,0.5263157894736842,0.69046875,0.060815319305979554,1280,0.7,0.4990228907887455,0.0963780213432255,1280,0.5,0.5833333333333333,0.12870068549385172,1280,0.5555555555555556
IMPUTED,config_loo,KNeighborsClassifier,robust,smote,off,0.3123390692102787,0.05076400727809369,128,0.301785708956975,0.6667748334639498,0.02792956254417892,128,0.6624216300940439,0.5202342648863872,0.03614904167711469,128,0.5166850018335167,0.69931640625,0.022242544632026205,128,0.69375,0.46426373024181217,0.031375314231029613,128,0.4609279609279609,0.5944602272727273,0.060799154785407164,128,0.5909090909090909
STRICT,config_strat80,QuadraticDiscriminantAnalysis,maxabs,smoteenn,on,0.3121544612783353,0.16985216047451257,1680,0.3082573996425538,0.6405139833711262,0.09123896961659866,1680,0.6349206349206349,0.4835025369142924,0.17190977495074897,1680,0.5142857142857142,0.6461904761904761,0.14501638276132636,1680,0.7,0.5095579621639268,0.23051426435076797,1680,0.5,0.6263227513227513,0.3265755762945609,1680,0.6666666666666666
IMPUTED,config_random80,QuadraticDiscriminantAnalysis,standard,smote,off,0.3118608389861913,0.1552220779587527,240,0.32863803759813126,0.6710292045158559,0.08429608430518593,240,0.6685185185185185,0.4950281770665234,0.106741120039126,240,0.5,0.69140625,0.07719107048388243,240,0.6875,0.4436329826219532,0.14554820293068646,240,0.4285714285714285,0.6170823158323159,0.168058991265029,240,0.625
STRICT,config_strat80,LogisticRegression,maxabs,none,off,0.3116719557099447,0.22673533386134104,120,0.3348821295907457,0.6464285714285715,0.11902694231536323,120,0.6428571428571428,0.40399875682524305,0.2846087967781658,120,0.5263157894736842,0.7183333333333334,0.07788641206231192,120,0.7,0.4667944629093505,0.33262501278916345,120,0.5,0.4666666666666667,0.376065764291989,120,0.5555555555555556
IMPUTED,config_strat80,KNeighborsClassifier,standard,smote,off,0.3113067245187681,0.17786981627491516,1280,0.2799291142883328,0.6595523852657005,0.08833685692894162,1280,0.6473429951690821,0.5206531506477992,0.11580032215967875,1280,0.5,0.692822265625,0.09439069527511125,1280,0.6875,0.48751380794772825,0.14169712295964773,1280,0.4444444444444444,0.5835069444444445,0.13257963485679233,1280,0.5555555555555556
IMPUTED,config_loo,GaussianNB,robust,smoteenn,on,0.3110468894343636,0.048337467058649,69,0.301785708956975,0.6631797737494889,0.019285287528056753,69,0.661833855799373,0.5177071779974044,0.02237408307869913,69,0.5148514851485149,0.6983695652173914,0.04286998574468342,69,0.69375,0.47202812239143666,0.057334193962354736,69,0.4561403508771929,0.5849802371541503,0.050165648962416716,69,0.5681818181818182
STRICT,config_random80,QuadraticDiscriminantAnalysis,maxabs,smote,on,0.31094166973991205,0.1814111447412565,1680,0.3232676249994279,0.6626347158994674,0.09961977228310558,1680,0.6730769230769231,0.44040999819561355,0.21668222230909823,1680,0.5,0.6850396825396825,0.1044176670017306,1680,0.7,0.4072529369400596,0.23259597164707957,1680,0.4285714285714285,0.6050302343159486,0.34429289351605696,1680,0.625
STRICT,config_loo,QuadraticDiscriminantAnalysis,maxabs,none,on,0.31019802566486987,0.040565832796245774,14,0.3021115514281531,0.6438839686818124,0.021186351791991524,14,0.6363432165318958,0.48021711641369585,0.03614731664764607,14,0.4657534246575342,0.7355212355212356,0.014236665168327431,14,0.7364864864864865,0.542702108251131,0.029583554471449062,14,0.5483870967741935,0.4319727891156462,0.04464830770842811,14,0.4285714285714285
STRICT,config_random80,SVC_linear,maxabs,none,on,0.3096975279869943,0.18268709049791543,798,0.337099931231621,0.6262316786466836,0.08630519925860322,798,0.625,0.36266089171184723,0.19851228926038494,798,0.4,0.7565998329156224,0.05791845404605849,798,0.7666666666666667,0.574976555051743,0.34319744639669125,798,0.6,0.33223037753112944,0.25159733050890326,798,0.3
STRICT,config_kfold,KNeighborsClassifier,robust,none,off,0.30897991767547456,0.05315849385637924,640,0.3084469065962497,0.6304586715367966,0.021966301127028628,640,0.6302272727272727,0.4362676769395035,0.0409886598611763,640,0.4336796536796536,0.7419534585385879,0.018249276204527938,640,0.7428571428571429,0.5875570211038961,0.07783203636611717,640,0.5922619047619047,0.3725833333333333,0.04346440325102953,640,0.375
STRICT,config_strat80,SVC_linear,maxabs,undersample,on,0.30891766828017087,0.2789555757216705,1680,0.4000661320993193,0.6563114134542707,0.1413013862452573,1680,0.6904761904761905,0.507912137727248,0.22139034998800178,1680,0.5714285714285714,0.6728571428571429,0.1605489415673013,1680,0.7333333333333333,0.477347825205097,0.2354678894607842,1680,0.5313725490196078,0.6149470899470899,0.29652504043339006,1680,0.6666666666666666
STRICT,config_kfold,QuadraticDiscriminantAnalysis,maxabs,smote,on,0.3086766442791124,0.1322649341830204,3360,0.34021680757025935,0.6544231193740122,0.07651126171682537,3360,0.6671356421356421,0.44871448620255144,0.19659482577157417,3360,0.519100203127663,0.6973076569708343,0.04026042816830095,3360,0.71,0.43989531518393876,0.14802696915010852,3360,0.4666269841269841,0.5552642195767196,0.31075764740869155,3360,0.575
STRICT,config_random80,QuadraticDiscriminantAnalysis,robust,smoteenn,off,0.3082186369932412,0.16002775092965157,240,0.31030817232557684,0.6600115484354615,0.08556758845408177,240,0.6647727272727273,0.4662639510663246,0.1554580700050412,240,0.5,0.705,0.08234702227830226,240,0.7,0.4664360143568735,0.18916595517942839,240,0.4545454545454545,0.5531084656084656,0.24325676123159107,240,0.5714285714285714
STRICT,config_loo,KNeighborsClassifier,robust,smote,off,0.3081240818783944,0.051344710803286175,128,0.3109710358424619,0.6604756289308176,0.028938181137171667,128,0.6606019766397125,0.5162719469700614,0.039984310787666746,128,0.5168539325842697,0.7039695945945946,0.01933074851882276,128,0.7027027027027027,0.4815996682356965,0.029845403644057602,128,0.4814560439560439,0.5598958333333334,0.06904434621104474,128,0.5476190476190477
IMPUTED,config_strat80,KNeighborsClassifier,robust,smote,on,0.30803449907700836,0.1736611133432486,8960,0.2889738156210036,0.6578362232574189,0.08875645419691772,8960,0.6473429951690821,0.5119250753339738,0.12065243500317518,8960,0.5,0.6969308035714286,0.08527252448534274,8960,0.6875,0.484984325649848,0.13112619242872195,8960,0.4615384615384615,0.5684771825396826,0.15968722219551856,8960,0.5555555555555556
STRICT,config_kfold,SVC_linear,maxabs,none,off,0.30704544163615,0.15571753250342338,225,0.3599652094141247,0.6242045214045213,0.06454597342690066,225,0.6414862914862914,0.3800260818415617,0.18719166439441903,225,0.4468253968253968,0.7572197044334976,0.025621872076260686,225,0.7628571428571428,0.5571711523044857,0.2702287189158274,225,0.6695238095238095,0.3161481481481481,0.16029906188628354,225,0.36
STRICT,config_random80,QuadraticDiscriminantAnalysis,robust,smoteenn,on,0.3070289023484512,0.152736260926227,1680,0.31030817232557684,0.6625963894772124,0.08156435231952729,1680,0.6641171328671329,0.48820568523242014,0.11969517730669442,1680,0.5,0.6836507936507936,0.09873747257853457,1680,0.7,0.4562752879800935,0.14994276629720857,1680,0.4444444444444444,0.6052206160241875,0.20590998957926487,1680,0.625
IMPUTED,config_random80,QuadraticDiscriminantAnalysis,maxabs,undersample,off,0.3067226305703423,0.18351974745024333,120,0.34325967501668886,0.6652683395050862,0.10659934300264359,120,0.6892045454545455,0.4331584166521315,0.22127368073819245,120,0.5201288244766505,0.7166666666666667,0.07445236572403031,120,0.71875,0.406577407227562,0.2183479007346713,120,0.44505494505494503,0.5570975783475783,0.32665923569255045,120,0.625
STRICT,config_random80,KNeighborsClassifier,robust,undersample,on,0.30662337743151424,0.18709822507314608,4423,0.3181818181818182,0.6678765790334271,0.0996743974805022,4423,0.6761363636363636,0.5033604482133991,0.12719958149389074,4423,0.5,0.6677745120204989,0.10540939169150963,4423,0.6666666666666666,0.4379392763860015,0.14928147670374534,4423,0.4285714285714285,0.6538198593929998,0.18569389617479917,4423,0.625
IMPUTED,config_kfold,QuadraticDiscriminantAnalysis,standard,smote,off,0.3064183074959212,0.05453397871402333,480,0.3049610051892063,0.6569747932220759,0.030001195075362346,480,0.6558377250768554,0.4925832083314608,0.04309850553172945,480,0.4944144385997933,0.7080989583333334,0.019594315804750496,480,0.70625,0.47860090290972646,0.0364704314652487,480,0.4770983183483183,0.5424953703703703,0.06750130880620335,480,0.5444444444444445
STRICT,config_random80,LogisticRegression,maxabs,none,off,0.30615130733526535,0.23765731483291697,120,0.3202563076101743,0.655681449186884,0.12958665750478615,120,0.6420454545454546,0.38749713054630097,0.2809112060384875,120,0.4641025641025641,0.7172222222222222,0.10820523202592382,120,0.7333333333333333,0.3959738428788772,0.31144678618897237,120,0.4415584415584415,0.5167791005291006,0.4065557214703935,120,0.6875
STRICT,config_strat80,KNeighborsClassifier,robust,none,on,0.30532157217756617,0.16363170050906833,2240,0.2927700218845599,0.6260274943310657,0.07366804853151875,2240,0.6190476190476191,0.43176922830995973,0.14390746893039438,2240,0.4285714285714285,0.7354464285714286,0.05468020823015902,2240,0.7333333333333333,0.6117467180636823,0.17758780676911037,2240,0.6,0.3524801587301587,0.14990635219038698,2240,0.3333333333333333
IMPUTED,config_strat80,QuadraticDiscriminantAnalysis,maxabs,smoteenn,on,0.3049057713375439,0.18258536129274008,1680,0.2809003238667948,0.6434725097768575,0.10002424440511842,1680,0.6304347826086957,0.4930706244823782,0.15445283300698584,1680,0.5,0.6194940476190476,0.17113925178745004,1680,0.6875,0.4633757912809477,0.20457409199511115,1680,0.4285714285714285,0.6982804232804233,0.3072421445985599,1680,0.7777777777777778
STRICT,config_loo,KNeighborsClassifier,robust,undersample,on,0.30426759666303277,0.08629544079462327,448,0.3234160339648642,0.6603492812219228,0.046774293676334774,448,0.665318957771788,0.5184675734630069,0.05795702955313929,448,0.5274725274725275,0.693653474903475,0.04176216894791514,448,0.7027027027027027,0.47101338037776835,0.05369357204541774,448,0.4824507389162561,0.5833333333333333,0.089413902511006,448,0.5714285714285714
STRICT,config_strat80,QuadraticDiscriminantAnalysis,maxabs,smoteenn,off,0.30378032721469644,0.17052864683571825,240,0.3084320497833688,0.629563492063492,0.08959836561463563,240,0.6190476190476191,0.4597905403351941,0.18195963989881342,240,0.5,0.6436111111111111,0.1536656294620864,240,0.7,0.52737322873237,0.2648717960233808,240,0.5,0.5944444444444444,0.34993524007374166,240,0.6111111111111112
STRICT,config_random80,SVC_linear,maxabs,undersample,off,0.30373518403446154,0.3337460157220825,228,0.4129842690630074,0.6662376260488388,0.17523850594287518,228,0.725,0.4811028155451326,0.2532061119530745,228,0.5714285714285714,0.6761695906432749,0.18306239889879242,228,0.7333333333333333,0.419343085964603,0.24778285937203345,228,0.4615384615384615,0.635853522695628,0.3329118674933994,228,0.75
IMPUTED,config_strat80,KNeighborsClassifier,robust,none,off,0.3036810819351721,0.1826620600084017,320,0.2757127976394358,0.6286080917874396,0.07993652227717996,320,0.6038647342995169,0.4395870410334419,0.14680641277297887,320,0.4285714285714285,0.7419921875,0.0665099659128822,320,0.71875,0.5803456612831612,0.18395171473124264,320,0.5,0.3694444444444444,0.14270446801747794,320,0.3333333333333333
IMPUTED,config_strat80,QuadraticDiscriminantAnalysis,robust,none,on,0.3036460173528595,0.18362581357240537,420,0.3280209083173944,0.632010582010582,0.07709222411263272,420,0.6570048309178744,0.43348735781066605,0.17391299790028864,420,0.5,0.740922619047619,0.056518722690838734,420,0.75,0.5616479420050848,0.25227851713594,420,0.5555555555555556,0.38306878306878306,0.17436457769070496,420,0.4444444444444444
STRICT,config_random80,QuadraticDiscriminantAnalysis,none,smoteenn,off,0.3034430359435769,0.15467674646511956,240,0.3181818181818182,0.6567877588393892,0.0899175974521395,240,0.6464285714285714,0.4607896571451138,0.12852624784916697,240,0.4615384615384615,0.72,0.06380176178654065,240,0.7333333333333333,0.48164075507825505,0.13924720858157047,240,0.5,0.5048974867724868,0.22345353266319437,240,0.5
IMPUTED,config_kfold,QuadraticDiscriminantAnalysis,maxabs,smote,on,0.30339429078431096,0.12899070773499854,3360,0.34022143251301074,0.6541787001746241,0.07450067539934725,3360,0.6675757575757576,0.4434293499425392,0.1894852255716713,3360,0.5096266152148505,0.699795386904762,0.044802105977940924,3360,0.71875,0.4298666001908602,0.13900585718457548,3360,0.4517460317460317,0.5519431216931217,0.3008354466670572,3360,0.5574999999999999
STRICT,config_strat80,KNeighborsClassifier,robust,none,off,0.3033447043652819,0.13742847907449685,320,0.2927700218845599,0.6283730158730159,0.065153111762601,320,0.6190476190476191,0.44131038412481904,0.1261370987111504,320,0.4444444444444444,0.7316666666666667,0.049066521284596765,320,0.7333333333333333,0.5972127525252525,0.13401624547534097,320,0.5857142857142856,0.3701388888888889,0.14279766195210744,320,0.3333333333333333
IMPUTED,config_random80,QuadraticDiscriminantAnalysis,robust,none,on,0.3021267215964637,0.18971437691149368,420,0.2848946063778418,0.64185738020349,0.09079687921977145,420,0.6275303643724697,0.43080228541749993,0.15917004088011477,420,0.4444444444444444,0.7440476190476191,0.0723960294342843,420,0.71875,0.518857399214542,0.2278715591243978,420,0.4545454545454545,0.41843304843304846,0.19679865187259576,420,0.4
IMPUTED,config_random80,QuadraticDiscriminantAnalysis,maxabs,smote,on,0.3019263083037215,0.19034799064179128,1680,0.3418817293789138,0.6619438328209712,0.10580200296931237,1680,0.6787439613526569,0.43320874736383835,0.21847555109772995,1680,0.5161290322580645,0.7037574404761905,0.08695305714299087,1680,0.6875,0.3958536974315632,0.2220073711482456,1680,0.4285714285714285,0.5751117434153148,0.3381348504233354,1680,0.625
STRICT,config_kfold,GaussianNB,maxabs,none,on,0.30190368572729803,0.04964361254861256,756,0.30077178936826443,0.6314119081976225,0.02455156158026394,756,0.6290909090909091,0.4405506440502018,0.04519829700853162,756,0.4418398268398269,0.7358711913884328,0.017135279822706472,756,0.735632183908046,0.5689221889221889,0.053217624525864635,756,0.5666666666666667,0.38968253968253963,0.05153443538804822,756,0.39
IMPUTED,config_kfold,QuadraticDiscriminantAnalysis,none,smoteenn,off,0.3018709410961501,0.06456512196521957,480,0.3031636368403685,0.6406396894671352,0.034014331134229386,480,0.6395191040843216,0.4546602220902194,0.059994802571096566,480,0.46007686376679513,0.7307942708333334,0.026322731896566594,480,0.73125,0.5287726451788951,0.07511255433317121,480,0.5209325396825397,0.4393391203703703,0.08839276615032932,480,0.44
STRICT,config_strat80,KNeighborsClassifier,standard,none,off,0.3018276164862171,0.11922523988920516,320,0.2927700218845599,0.6299107142857142,0.05661785409586349,320,0.626984126984127,0.4473886022173561,0.1140173117319355,320,0.4615384615384615,0.7302083333333333,0.04153060333758854,320,0.7333333333333333,0.5870585317460317,0.11573510900033526,320,0.5714285714285714,0.37916666666666665,0.12893446149004362,320,0.3333333333333333
STRICT,config_loo,QuadraticDiscriminantAnalysis,maxabs,smoteenn,on,0.3018252231985944,0.09221867020598223,164,0.292530040791657,0.633571099861942,0.06163802532315486,164,0.6292677448337826,0.4813123583553257,0.10060504048118508,164,0.4907378820623649,0.633322346736981,0.15470924208123238,164,0.7162162162162162,0.5060454991703094,0.16536837270805776,164,0.5,0.6341463414634146,0.2920114358616516,164,0.6190476190476191
STRICT,config_kfold,SVC_linear,maxabs,undersample,off,0.3011939961381083,0.30597764498546604,450,0.4609023291978119,0.6613706910373578,0.15444025912666526,450,0.7384090909090909,0.5033952373108899,0.2237805004753311,450,0.6172591297591298,0.6737830322933771,0.1684058450854581,450,0.7435632183908045,0.44697325844467617,0.21354611452476752,450,0.5508333333333333,0.6322320987654322,0.2568818400665144,450,0.7194444444444444
IMPUTED,config_strat80,GaussianNB,maxabs,none,on,0.30117848018167337,0.1899489500838541,420,0.3591909204054964,0.6256383712905452,0.08288490759963967,420,0.6123188405797102,0.42749976189715244,0.16030905354755393,420,0.4327485380116959,0.7361607142857143,0.06490790753143334,420,0.75,0.6002833674262246,0.24870880918811786,420,0.5555555555555556,0.37301587301587297,0.17542433990599937,420,0.3333333333333333
IMPUTED,config_kfold,KNeighborsClassifier,robust,none,off,0.3011215660680378,0.05111177764957355,639,0.2998507486231252,0.6266695738771673,0.02312211568469798,639,0.6268181818181817,0.42507297364148483,0.043383747237514196,639,0.4261904761904762,0.7441412363067293,0.016872235216367194,639,0.74375,0.5788897921761771,0.06354855151539983,639,0.5809523809523809,0.3641392801251956,0.04594719871810438,639,0.3666666666666666
IMPUTED,config_loo,QuadraticDiscriminantAnalysis,maxabs,smoteenn,on,0.30078075345653327,0.09796423104062452,168,0.304591167085948,0.6399229362591432,0.06623016351570198,168,0.6408699059561128,0.4900836788515689,0.09455322204071802,168,0.4953254696373962,0.6258184523809524,0.1613466084881998,168,0.715625,0.4747766386723922,0.14789096544006358,168,0.48815359477124176,0.6712662337662337,0.27176036248476004,168,0.6818181818181818
IMPUTED,config_loo,QuadraticDiscriminantAnalysis,maxabs,none,on,0.30046690086397765,0.04388681781920136,14,0.3137909393802941,0.6378190774742499,0.023740653570101435,14,0.6426332288401254,0.4636971466239759,0.042719067867375136,14,0.475,0.7392857142857142,0.012838814775327386,14,0.7375,0.5329156223893066,0.030284466689857518,14,0.5263157894736842,0.41233766233766234,0.054119213709417975,14,0.4318181818181818
STRICT,config_random80,QuadraticDiscriminantAnalysis,maxabs,smote,off,0.3003265143150445,0.1831087772574194,240,0.32797077228232907,0.6557202585055847,0.10126866962564658,240,0.6590909090909092,0.4308368775240376,0.211832012029,240,0.47338935574229685,0.6852777777777778,0.1050820080741204,240,0.7,0.40909139532432537,0.23691233934552866,240,0.4285714285714285,0.5819675925925926,0.3441575988802573,240,0.625
STRICT,config_strat80,QuadraticDiscriminantAnalysis,robust,undersample,off,0.30025173060556665,0.18269723361690984,120,0.31451195678922306,0.6550264550264551,0.0958636989637776,120,0.6706349206349207,0.5181959720431923,0.12457752391655613,120,0.5333333333333333,0.6799999999999999,0.07637931779442242,120,0.7,0.48072248965631315,0.12221527069926925,120,0.5,0.5925925925925927,0.19924816322742786,120,0.5555555555555556
STRICT,config_random80,SVC_linear,maxabs,undersample,on,0.2996845345590803,0.34039739063152075,1596,0.3853551092995474,0.6637692614584573,0.17951330206073204,1596,0.7215909090909092,0.47680372827699774,0.2546247024741429,1596,0.56,0.6728070175438596,0.183593606652103,1596,0.7333333333333333,0.41599213009271147,0.2476720267689904,1596,0.4615384615384615,0.6357605322830887,0.34215080050750146,1596,0.75
STRICT,config_kfold,LogisticRegression,maxabs,none,off,0.2996642946710628,0.1975096138267826,240,0.3612433245535285,0.6485233285233285,0.11072453575174081,240,0.6601334776334776,0.3910927290361581,0.26848201848043207,240,0.5011608697815595,0.7219292556102901,0.04448429257473243,240,0.7296551724137931,0.40156274698109906,0.22757595029414124,240,0.47007659007659003,0.4790462962962963,0.3780959033505223,240,0.5444444444444444
IMPUTED,config_kfold,QuadraticDiscriminantAnalysis,robust,none,on,0.29898994303831017,0.07650038500512739,840,0.3111362067917042,0.6318216507727377,0.03686719069623591,840,0.6381038647342996,0.42772667241830364,0.08574114737280497,840,0.4463492063492063,0.744702380952381,0.016819985531368424,840,0.74375,0.5491558375486947,0.08507085506357533,840,0.5642063492063492,0.3806798941798942,0.0898597611591117,840,0.4013888888888889
STRICT,config_kfold,QuadraticDiscriminantAnalysis,robust,none,on,0.29886011890248443,0.08880603653266599,840,0.3226861904899434,0.6342789716896859,0.0443241598411383,840,0.6435335497835497,0.4391120626388207,0.1042249550762768,840,0.46952380952380945,0.7345309250136836,0.01995037246368965,840,0.7366666666666666,0.5438862262076548,0.09239004107313604,840,0.5669444444444445,0.4020780423280423,0.11054081131531414,840,0.43
STRICT,config_strat80,QuadraticDiscriminantAnalysis,maxabs,smote,off,0.2988461204199081,0.19762802591840328,240,0.2882121681750738,0.6416666666666667,0.10615047166512631,240,0.6388888888888888,0.44246891559118995,0.22180350978579866,240,0.5,0.695,0.08717371255100716,240,0.7,0.48850838023632137,0.24849462746540624,240,0.5,0.5083333333333333,0.3286239462084162,240,0.4444444444444444
IMPUTED,config_loo,SVC_linear,maxabs,none,on,0.2985698351696141,0.05709610980671489,45,0.2915916236162071,0.6201142595665923,0.02495070501131377,45,0.6230407523510971,0.41961755829257413,0.04924833549476138,45,0.4285714285714285,0.7508333333333334,0.020496327276323965,45,0.75,0.5921452027357057,0.06064117108450035,45,0.5769230769230769,0.3268373389063044,0.047220404888049454,45,0.3181818181818182
STRICT,config_strat80,QuadraticDiscriminantAnalysis,standard,undersample,off,0.2983098204482348,0.18039461946577895,120,0.3207665139358924,0.6547619047619048,0.09591926604736412,120,0.6706349206349207,0.5169557786492435,0.12449550746284621,120,0.5333333333333333,0.6788888888888889,0.07358161856554382,120,0.7,0.4760952269408152,0.11207603668045282,120,0.5,0.5944444444444444,0.2035324521360608,120,0.5555555555555556
STRICT,config_strat80,QuadraticDiscriminantAnalysis,none,smoteenn,off,0.29799650598861566,0.16896842297824244,240,0.3086066999241838,0.6342261904761906,0.08381803286600678,240,0.626984126984127,0.43890809844933887,0.17206760651207267,240,0.4705882352941176,0.7251388888888889,0.046067877543811454,240,0.7333333333333333,0.563799025049025,0.20229994741514543,240,0.5714285714285714,0.4069444444444444,0.22241536237203025,240,0.4444444444444444
STRICT,config_kfold,QuadraticDiscriminantAnalysis,none,smoteenn,off,0.2979377166938211,0.07227594844494985,480,0.3062558322761286,0.6356803376022125,0.03818325152778735,480,0.6365909090909091,0.4450274770354461,0.07534498691530461,480,0.4500108225108225,0.7267814381499726,0.02229134247297325,480,0.7291215106732348,0.5402454127435745,0.07800182566368265,480,0.5459126984126984,0.42524189814814817,0.10093080805603216,480,0.4222222222222222
IMPUTED,config_kfold,LogisticRegression,maxabs,none,off,0.2968595082504546,0.19435563423934732,240,0.3485691851035264,0.6486100406236275,0.11196130403365073,240,0.6576388888888889,0.3850935113480808,0.2623082077045105,240,0.4820323354806113,0.7284895833333334,0.040191062983687034,240,0.7375,0.40240104404446003,0.21321394201153165,240,0.46037698412698413,0.4703055555555556,0.37233927432284747,240,0.5263888888888888
IMPUTED,config_kfold,SVC_linear,maxabs,undersample,off,0.2968564197420089,0.29274100422482663,396,0.4457823487390182,0.6608674968836366,0.14818569532847864,396,0.7336363636363636,0.49609288357336667,0.2127138579347429,396,0.6002653693056169,0.6697601010101011,0.1779891794435187,396,0.74375,0.43780559326941876,0.2044964717843272,396,0.5351648351648353,0.6409694163860831,0.2577819202221523,396,0.735
IMPUTED,config_loo,QuadraticDiscriminantAnalysis,robust,none,on,0.2968210468122633,0.050542893773584875,42,0.2830998142491451,0.6297581728616211,0.029501157505143306,42,0.6187304075235109,0.4425203843987462,0.059502770771330954,42,0.4266666666666667,0.7446428571428572,0.012694480130512336,42,0.74375,0.552120605138317,0.03145970432441179,42,0.5555555555555556,0.37445887445887444,0.07466212532485918,42,0.3636363636363636
IMPUTED,config_loo,QuadraticDiscriminantAnalysis,robust,smoteenn,on,0.29667353073246183,0.062102712766184245,168,0.30003101431534,0.6566605090311987,0.03529318507839346,168,0.6559561128526645,0.5051553836227819,0.05160868811264286,168,0.5092624356775299,0.6869791666666666,0.04217612075778958,168,0.68125,0.45656404833380176,0.0532844887256695,168,0.44888059701492533,0.5892857142857143,0.11859281755270534,168,0.6136363636363636
IMPUTED,config_strat80,KNeighborsClassifier,robust,none,on,0.2961321478523187,0.188976597210721,2240,0.2809003238667948,0.6230309696342305,0.08140875396455978,2240,0.6135265700483092,0.419226816324616,0.16324370849857917,2240,0.4285714285714285,0.7447823660714286,0.061229391820557956,2240,0.75,0.5832104205318491,0.2059967900136943,2240,0.5714285714285714,0.3447420634920635,0.15587325732163917,2240,0.3333333333333333
STRICT,config_strat80,QuadraticDiscriminantAnalysis,standard,smote,off,0.29498109590348753,0.15722624180709194,240,0.3082573996425538,0.647420634920635,0.07951544830697277,240,0.6507936507936507,0.49925723403703276,0.1247010142002465,240,0.5217391304347826,0.6963888888888888,0.06436700809403711,240,0.7,0.5013684232434232,0.12084896859338536,240,0.5,0.525,0.17835940420986107,240,0.5555555555555556
IMPUTED,config_random80,GaussianNB,robust,none,on,0.29446840175618905,0.23337599079355273,420,0.3094922302950865,0.6284757375341716,0.10309245185085933,420,0.6272727272727273,0.40607483172388076,0.20407908435396607,420,0.4285714285714285,0.7629464285714286,0.07299161637612998,420,0.75,0.5360487528344672,0.27194139155651,420,0.5,0.35103392639106923,0.1952314333206151,420,0.3205128205128205
IMPUTED,config_loo,QuadraticDiscriminantAnalysis,maxabs,smoteenn,off,0.2943304995219554,0.11927452350176247,24,0.310430854853879,0.6391718913270638,0.07385720015843135,24,0.6412617554858935,0.5054017108158354,0.0647131373090141,24,0.5041412520064206,0.6114583333333333,0.18560332975055363,24,0.709375,0.4552711735763944,0.12006691071189456,24,0.47969924812030074,0.7007575757575757,0.24875423233377258,24,0.6704545454545454
IMPUTED,config_random80,QuadraticDiscriminantAnalysis,maxabs,smote,off,0.29421496362469146,0.18628589268093063,240,0.3374239213518051,0.6604770743195132,0.10614625456829785,240,0.6862348178137652,0.42757577492229704,0.21582174714109023,240,0.5,0.6981770833333333,0.0841731404241479,240,0.6875,0.3820162748471572,0.20659993926563333,240,0.4142156862745098,0.5782298026048026,0.34392301486360793,240,0.6458333333333333
STRICT,config_loo,SVC_linear,maxabs,undersample,on,0.29336577240716033,0.17842098434731749,106,0.36593903062788335,0.6425032633202801,0.09533943204094025,106,0.6648697214734951,0.5038913201550334,0.11265155297968728,106,0.5217391304347826,0.6415731769505355,0.17224999243482644,106,0.7162162162162162,0.4988978108960853,0.19841127288460392,106,0.5,0.6446540880503144,0.25074552725539706,106,0.6904761904761905
IMPUTED,config_loo,QuadraticDiscriminantAnalysis,maxabs,undersample,off,0.29271987824477746,0.1410655370428514,12,0.29257021966877417,0.6488375130616509,0.08933151057987826,12,0.6418495297805642,0.4382448021036763,0.20383727824727352,12,0.4913768185759707,0.7072916666666668,0.03358686724770783,12,0.7093750000000001,0.4893141826359304,0.06225095284112943,12,0.4836807928913192,0.5189393939393939,0.3071941885380895,12,0.5681818181818182
STRICT,config_strat80,QuadraticDiscriminantAnalysis,robust,smote,off,0.2926533116352771,0.16504113213602634,240,0.3082573996425538,0.6482804232804233,0.08352000669100174,240,0.6507936507936507,0.5047884658079839,0.12482996863189094,240,0.5108695652173914,0.6883333333333332,0.06975416752111943,240,0.6666666666666666,0.49059409748747984,0.12357280745126746,240,0.4615384615384615,0.548148148148148,0.18167129546723174,240,0.5555555555555556
IMPUTED,config_loo,QuadraticDiscriminantAnalysis,none,undersample,off,0.2918909317267823,0.03936963675884256,12,0.3004559988666216,0.6568051201671892,0.020642180254072485,12,0.6590909090909092,0.5091674181557106,0.024345690250312194,12,0.5102040816326531,0.6864583333333334,0.023662118107501132,12,0.7,0.44846046666902817,0.028265502031540258,12,0.4629629629629629,0.5909090909090909,0.03626018341897568,12,0.5681818181818182
IMPUTED,config_kfold,SVC_linear,maxabs,undersample,on,0.29180092245124034,0.28820953411392236,2772,0.4379012841780145,0.657859948693282,0.14575408475822893,2772,0.731219806763285,0.49206413061126086,0.21031003531309758,2772,0.5922222222222222,0.6673047438672438,0.17665355841962543,2772,0.7375,0.43503082839040785,0.2028001243599612,2772,0.5290115440115439,0.6366223745390412,0.256696163654262,2772,0.7277777777777777
IMPUTED,config_kfold,QuadraticDiscriminantAnalysis,maxabs,undersample,off,0.29169038496112376,0.14407157450538116,240,0.2826329685357629,0.6495844587176108,0.0836459259391609,240,0.6438707729468599,0.4339262434437139,0.19667702162509562,240,0.4754292929292929,0.70390625,0.037691825447223035,240,0.71875,0.4226230415682815,0.14409867250308137,240,0.45165043290043294,0.5282222222222221,0.28941898402393357,240,0.6025
STRICT,config_kfold,SVC_linear,maxabs,undersample,on,0.29158406042115814,0.3009726675465856,3137,0.4475482160032378,0.6562055306468759,0.15169246789047477,3137,0.732449494949495,0.49622632606133055,0.2200015629806504,3137,0.6096924128503076,0.6700199012475182,0.16682809039343593,3137,0.7422988505747126,0.4419648176781618,0.21003513830277495,3137,0.543939393939394,0.6239062444656962,0.2551298932971008,3137,0.7138888888888889
STRICT,config_loo,QuadraticDiscriminantAnalysis,maxabs,smoteenn,off,0.29154952335356493,0.10185095901868965,24,0.30791493842744266,0.6247753818508536,0.06565946537713453,24,0.6114106019766397,0.4749895212747843,0.08493362846229309,24,0.4812729177579884,0.6272522522522522,0.1761232960744276,24,0.7297297297297298,0.5014203654749062,0.149747429994961,24,0.5253061224489797,0.6190476190476191,0.30716572691590704,24,0.5595238095238095
IMPUTED,config_loo,GaussianNB,robust,none,on,0.29146745310423644,0.06533885644169489,15,0.2900823429465293,0.6148902821316614,0.029201598679433546,15,0.6159874608150471,0.405123339658444,0.06356028168669532,15,0.4117647058823529,0.7525,0.017165164058139882,15,0.75,0.5916666666666667,0.05721721352713295,15,0.5833333333333334,0.309090909090909,0.05685064007950853,15,0.3181818181818182
STRICT,config_kfold,QuadraticDiscriminantAnalysis,maxabs,smote,off,0.2912718854656787,0.1298777213780403,480,0.3072234139883563,0.6432545695045696,0.07463816998095232,480,0.6412500000000001,0.43232520929296553,0.1905103077943947,480,0.4754246192404087,0.6936541461412151,0.040093405225432796,480,0.6966091954022988,0.437661325818126,0.1480082430595744,480,0.4610093862106246,0.526449074074074,0.30970416029321773,480,0.4805555555555555
IMPUTED,config_loo,KNeighborsClassifier,robust,none,off,0.2905425855059761,0.03641158963719226,32,0.3001433009815569,0.6278653996865203,0.01715481650085157,32,0.6349921630094044,0.44377829890431814,0.03112999471314005,32,0.4563963963963964,0.741015625,0.012290328203050994,32,0.746875,0.5422617913308141,0.03346689282613107,32,0.5554435483870968,0.37642045454545453,0.03362957647304424,32,0.3863636363636363
STRICT,config_strat80,QuadraticDiscriminantAnalysis,standard,none,off,0.2903161546050731,0.10785029606643398,60,0.3005137107635568,0.6370370370370371,0.05715381674313178,60,0.6388888888888888,0.47399012844092936,0.09491779557555445,60,0.48529411764705876,0.711111111111111,0.03816243736795585,60,0.7,0.5299938024938025,0.09309555004567997,60,0.5,0.45185185185185184,0.15014349928433574,60,0.4444444444444444
IMPUTED,config_strat80,QuadraticDiscriminantAnalysis,maxabs,smoteenn,off,0.2893445635602108,0.17535896300580536,240,0.27830656075311533,0.6302737520128825,0.09341020945140092,240,0.6111111111111112,0.47700960135310605,0.1484286799312653,240,0.4736842105263157,0.60625,0.17822235007693515,240,0.6875,0.47041589246584403,0.21622501532161506,240,0.42481203007518786,0.6851851851851851,0.3247248342089486,240,0.7777777777777778
STRICT,config_strat80,SVC_linear,maxabs,none,on,0.28929683732498984,0.17347474637690183,840,0.3267616012328021,0.6071239606953893,0.07075004400436319,840,0.6111111111111112,0.3563936058617615,0.19327369652434556,840,0.3636363636363636,0.7383333333333334,0.04590357423339001,840,0.7333333333333333,0.6056557067271353,0.33695970697542055,840,0.6666666666666666,0.27910052910052907,0.1785228457552534,840,0.2222222222222222
STRICT,config_loo,QuadraticDiscriminantAnalysis,robust,none,on,0.28879154916963656,0.0911198386767541,42,0.3109190885222602,0.6319043340606683,0.04867557619163859,42,0.6435309973045822,0.4431004648383465,0.11943781046835704,42,0.4788732394366197,0.7355212355212355,0.01481620162505626,42,0.7364864864864865,0.5340825885989864,0.0510163997760223,42,0.5483870967741935,0.39229024943310653,0.12829777899078643,42,0.4047619047619047
IMPUTED,config_kfold,QuadraticDiscriminantAnalysis,none,undersample,off,0.2879084589571456,0.05832587875870544,240,0.2798623509748951,0.6541158322353975,0.03130287902210284,240,0.6477272727272727,0.49493083235340973,0.044991936920648956,240,0.4886045753053425,0.6774479166666667,0.02714751072820117,240,0.675,0.4392015523176514,0.040615319573466986,240,0.4360876623376623,0.6005694444444444,0.0680606417515136,240,0.605
IMPUTED,config_random80,KNeighborsClassifier,robust,none,on,0.2877071799362324,0.18162387639789004,2240,0.3026137663344012,0.6283116790907838,0.08551709668962303,2240,0.6282051282051282,0.4157086135276095,0.15060502551943858,2240,0.4,0.7489397321428571,0.07128122475837964,2240,0.75,0.5284327725845582,0.21815658000127244,2240,0.5,0.378153807997558,0.17361696277980024,2240,0.375
IMPUTED,config_random80,KNeighborsClassifier,robust,none,off,0.2868595499908422,0.1568575224114172,320,0.2888888888888888,0.631323422105852,0.07411609681671402,320,0.6358146684233641,0.42939900994902924,0.12674879607672454,320,0.4327485380116959,0.7470703125,0.06169116866649623,320,0.75,0.511246617965368,0.18471249770255238,320,0.5,0.3958102487789988,0.15010651259444702,320,0.375
STRICT,config_loo,KNeighborsClassifier,robust,smote,on,0.2859489522070993,0.07309453622604949,894,0.3002557061382571,0.6501811015233835,0.039066986139145755,894,0.6536388140161724,0.5046533449623283,0.051257820766707346,894,0.5106382978723404,0.6897182417316645,0.03280685425856623,894,0.6959459459459459,0.46260856107165516,0.04647534576226744,894,0.4693877551020408,0.5587514647917332,0.07313918564211178,894,0.5476190476190477
STRICT,config_loo,KNeighborsClassifier,robust,none,off,0.2844559111998349,0.04892600301413478,31,0.2791004595344707,0.6239964640755876,0.023591285655056696,31,0.6244384546271339,0.4393800427934941,0.043885728720285434,31,0.4411764705882353,0.7347428073234525,0.015600915032143567,31,0.7297297297297297,0.5480278437406428,0.041037372551501534,31,0.5333333333333333,0.3678955453149001,0.04675352690501729,31,0.3809523809523809
IMPUTED,config_kfold,GaussianNB,maxabs,none,on,0.2836219030513411,0.06338335080029692,588,0.2839766352179576,0.6226668526435607,0.02813257693293843,588,0.620796552481335,0.41670711707926594,0.05831568047245723,588,0.41996624290741935,0.7394132653061224,0.01785912011443146,588,0.7375,0.5470368661950294,0.07470660750735733,588,0.5430952380952381,0.3626927437641723,0.058086962598598205,588,0.36111111111111105
STRICT,config_strat80,GaussianNB,maxabs,none,on,0.2834422077927269,0.17803042101617725,420,0.2927700218845599,0.6138321995464853,0.06930895172217288,420,0.6190476190476191,0.42525953811778666,0.12028412062668625,420,0.4285714285714285,0.719047619047619,0.06664393293483202,420,0.7333333333333333,0.6041403834260977,0.23172931896303967,420,0.5714285714285714,0.35079365079365077,0.12133165231148364,420,0.3333333333333333
IMPUTED,config_loo,QuadraticDiscriminantAnalysis,maxabs,smote,off,0.2833943225250695,0.1090171165378281,24,0.27889966724424,0.641425026123302,0.07208669344672813,24,0.6398902821316614,0.4350861069658103,0.18551845229661934,24,0.4844812925170068,0.6880208333333333,0.04278503628267885,24,0.684375,0.5078988341466122,0.1626473176001376,24,0.4368401206636501,0.5378787878787878,0.30349108577092054,24,0.5113636363636364
IMPUTED,config_strat80,QuadraticDiscriminantAnalysis,none,smote,off,0.28336452703371273,0.15782622087636455,240,0.2337231971529622,0.6369061996779387,0.07528520676072091,240,0.6256038647342995,0.4710877714181069,0.12232648262151709,240,0.4705882352941176,0.715234375,0.06379293218108463,240,0.6875,0.500106271043771,0.13243134756953884,240,0.4545454545454545,0.45787037037037037,0.13512966174533983,240,0.4444444444444444
IMPUTED,config_kfold,KNeighborsClassifier,robust,none,on,0.28215148141307167,0.07128564664274356,4473,0.2863235829624229,0.6167067075757625,0.031409322106466714,4473,0.6177272727272727,0.4020659025249582,0.0609270294005761,4473,0.4047619047619047,0.7408702213279678,0.02324286810172344,4473,0.74375,0.5673189255784828,0.08666962372099325,4473,0.5744444444444444,0.3396824154805375,0.06262241114591713,4473,0.3399999999999999
IMPUTED,config_random80,SVC_linear,maxabs,none,off,0.28155509210522117,0.18138174431746232,120,0.3464188185815341,0.6165880175422509,0.08792073329065837,120,0.6228571428571428,0.3559689738366209,0.19915298043715324,120,0.4,0.7703125,0.06553177151375575,120,0.765625,0.5153769841269841,0.2721902602829406,120,0.5634920634920635,0.29685337810337814,0.2033629072905253,120,0.2857142857142857
IMPUTED,config_kfold,QuadraticDiscriminantAnalysis,maxabs,smote,off,0.28076238757286226,0.12670536849651584,480,0.3077891050044542,0.6414000237886107,0.07234160464978363,480,0.6452991875274483,0.4257459179106684,0.18294275117815126,480,0.4697555222555222,0.6924739583333334,0.044381984427357024,480,0.69375,0.4192259053429121,0.13394916263483575,480,0.4372499999999999,0.5265231481481482,0.2991874654667653,480,0.48
IMPUTED,config_random80,QuadraticDiscriminantAnalysis,maxabs,smoteenn,on,0.2802609158104187,0.18339629453812617,1680,0.28,0.6403875191393648,0.10591652469166073,1680,0.6296296296296297,0.4540774771813735,0.16546546787624444,1680,0.4705882352941176,0.618563988095238,0.18780180395237536,1680,0.6875,0.41211593527899065,0.1894897352591581,1680,0.40625,0.6851685417756845,0.3250947369465735,1680,0.7596153846153846
IMPUTED,config_kfold,QuadraticDiscriminantAnalysis,maxabs,smoteenn,on,0.2796014078902953,0.11517210199359432,3360,0.2896832986987624,0.6335237873036786,0.06585417866928715,3360,0.6355072463768116,0.46970703504708766,0.09953183458325975,3360,0.4859251859251859,0.6171093750000001,0.1622714945293629,3360,0.70625,0.4391107473017353,0.11676805514621874,3360,0.45697802197802195,0.6698508597883599,0.27411158808519415,3360,0.67
IMPUTED,config_loo,KNeighborsClassifier,robust,none,on,0.27938645163307896,0.07956117923540217,224,0.29691202665226224,0.6191992274966412,0.03524332723515605,224,0.6289184952978056,0.42380608951282434,0.06680453220151884,224,0.4307692307692308,0.7399553571428571,0.02710267833565623,224,0.74375,0.5459236301648457,0.08239728490448679,224,0.5577777777777778,0.35085227272727276,0.06926248154743901,224,0.3409090909090909
STRICT,config_kfold,QuadraticDiscriminantAnalysis,maxabs,smoteenn,on,0.2793533254976574,0.1126917613019743,3360,0.2874357650697402,0.6290650123685838,0.06385023529357634,3360,0.6284090909090909,0.45975441027366715,0.12290341069181705,3360,0.4847619047619047,0.6261020212682775,0.1514284922772125,3360,0.7096551724137931,0.4504557609685143,0.1271610986817974,3360,0.4741666666666666,0.6352678571428572,0.2948446920140752,3360,0.638888888888889
STRICT,config_kfold,QuadraticDiscriminantAnalysis,none,smote,off,0.27931073103150467,0.04946670164649855,480,0.27386362970749795,0.6335838894901396,0.024252808307100977,480,0.6320165945165945,0.46117118256610024,0.039065197932403484,480,0.4561057054400708,0.7066612274220033,0.021643149982721904,480,0.7089655172413794,0.5021412915787916,0.05492872799172052,480,0.4945238095238095,0.4643587962962963,0.05214559661429373,480,0.4599999999999999
STRICT,config_strat80,QuadraticDiscriminantAnalysis,robust,none,off,0.27928679125889055,0.11808214440942241,60,0.2631806779839076,0.6288359788359787,0.05966697278558685,60,0.626984126984127,0.4582113011450742,0.09768070609856679,60,0.46606334841628955,0.7100000000000001,0.039915164273532075,60,0.7,0.5330218855218855,0.1212570539946142,60,0.5,0.4259259259259259,0.1505610163868356,60,0.3333333333333333
IMPUTED,config_random80,QuadraticDiscriminantAnalysis,none,smote,off,0.27927174723482584,0.17737132740773784,240,0.2809003238667948,0.6513599976677065,0.10498420349324031,240,0.6457142857142857,0.45961311948964223,0.128567650713018,240,0.46606334841628955,0.6986979166666667,0.07408302686930758,240,0.71875,0.4339863377363377,0.13294058444133222,240,0.4285714285714285,0.5404401963776964,0.21144363394889437,240,0.5714285714285714
STRICT,config_kfold,KNeighborsClassifier,robust,none,on,0.2783553775469609,0.07838902157413051,4480,0.2851071124855643,0.6152890447845805,0.033416555714723274,4480,0.6179022366522366,0.4030201093725737,0.0712993990200068,4480,0.41180319680319677,0.7344593596059112,0.02320653862650515,4480,0.7361904761904762,0.5636701500384536,0.10135607223877569,4480,0.5683333333333334,0.33960317460317463,0.07106516931253193,4480,0.3408333333333333
STRICT,config_loo,QuadraticDiscriminantAnalysis,none,smote,off,0.2777577436275889,0.02854413333565563,24,0.284852644445153,0.6417527702905061,0.01463160993372603,24,0.6439802336028752,0.48974386104891393,0.02066139304779178,24,0.4941176470588235,0.6987612612612613,0.015804189091483727,24,0.6959459459459459,0.4727813160570932,0.023817462697540988,24,0.4687364307425097,0.5099206349206349,0.03574302961086151,24,0.5
STRICT,config_strat80,QuadraticDiscriminantAnalysis,maxabs,undersample,off,0.27528029864754866,0.20478154353645,120,0.2836543144655877,0.6313492063492063,0.10880459126036658,120,0.6111111111111112,0.43019402088557873,0.2192060881984273,120,0.4615384615384615,0.6883333333333332,0.0794060585147729,120,0.7,0.4820063387478248,0.26254095554552326,120,0.48684210526315785,0.4888888888888889,0.3090769836191165,120,0.4444444444444444
IMPUTED,config_kfold,SVC_linear,maxabs,none,off,0.27493037869161563,0.13905409660874501,198,0.3225572104425176,0.6092777023640001,0.05590268195415211,198,0.6259848484848485,0.3406034538199844,0.1679438169032342,198,0.4057142857142857,0.7598484848484848,0.02099203130722033,198,0.7625,0.5228880070546738,0.2587374367705971,198,0.6166666666666666,0.27391133557800224,0.1364412738670501,198,0.32
STRICT,config_random80,KNeighborsClassifier,robust,none,on,0.27472261775521395,0.1986409282570147,2211,0.2927700218845599,0.6237032942935249,0.08927131529193444,2211,0.625,0.41864074512099514,0.14949200670178558,2211,0.4285714285714285,0.7290517111412634,0.08138297010115471,2211,0.7333333333333333,0.518335732311309,0.22349339472235782,2211,0.5,0.39238332148779914,0.1685572524855278,2211,0.375
STRICT,config_random80,QuadraticDiscriminantAnalysis,maxabs,smoteenn,on,0.27446430118196485,0.1811874493954123,1680,0.2696799449852968,0.6321664858174951,0.09992703038641845,1680,0.6193181818181819,0.4478166409278958,0.1677946713322783,1680,0.4705882352941176,0.6133333333333334,0.1848815634636631,1680,0.6666666666666666,0.4252541640542772,0.21822330152390093,1680,0.391304347826087,0.6653528911564626,0.327396089194529,1680,0.75
IMPUTED,config_kfold,QuadraticDiscriminantAnalysis,maxabs,smoteenn,off,0.26697430105798625,0.12120724985890316,480,0.2789150404660118,0.6251478233421168,0.06796370060723511,480,0.6219065656565657,0.4668564172827222,0.07581553382770645,480,0.4637836578626051,0.6007291666666668,0.1730405574822008,480,0.69375,0.44385746428570855,0.11887094625341654,480,0.4585515873015873,0.6791805555555556,0.27593867607672007,480,0.6924999999999999
STRICT,config_kfold,SVC_linear,maxabs,none,on,0.26639643369591565,0.14046393048860775,1569,0.3031853111655962,0.6053189617195354,0.056994358166671824,1569,0.6168181818181818,0.34221422155258263,0.17190861465931478,1569,0.3923809523809524,0.7453855017315162,0.02331748281769851,1569,0.7438095238095238,0.5209623596430479,0.25815543312135225,1569,0.6142857142857142,0.280869272714397,0.144958633470878,1569,0.315
IMPUTED,config_loo,QuadraticDiscriminantAnalysis,none,smote,off,0.264095067349757,0.03461250328702162,24,0.268559501245519,0.6358738244514107,0.01701620228749865,24,0.6357758620689655,0.4761834441381239,0.02339612572823527,24,0.4757497656982193,0.6953125,0.020377717210120775,24,0.69375,0.4536057154589612,0.030325200745191332,24,0.4545454545454545,0.5037878787878788,0.03771373790900486,24,0.5
IMPUTED,config_loo,GaussianNB,maxabs,none,on,0.2637412337112116,0.042874285469351604,21,0.2361205870207013,0.611397223466189,0.025082393038249114,21,0.5960031347962382,0.4065964717114005,0.05278504821732236,21,0.3768115942028985,0.7374999999999999,0.008385254915624243,21,0.73125,0.5344953416149069,0.018482417554033403,21,0.5217391304347826,0.33116883116883117,0.06329919956744774,21,0.2954545454545454
STRICT,config_kfold,QuadraticDiscriminantAnalysis,maxabs,smoteenn,off,0.2630411622868828,0.11571396471148922,480,0.27394143377569086,0.6176665013227514,0.06443658608875122,480,0.6143181818181819,0.4431390010988535,0.11058243021673704,480,0.456765644288864,0.6171591406677613,0.16375649556165145,480,0.710952380952381,0.4544302657679786,0.1234833666442401,480,0.46891053391053383,0.6178171296296296,0.3107867916290364,480,0.5805555555555555
STRICT,config_random80,QuadraticDiscriminantAnalysis,maxabs,smoteenn,off,0.2629493630709637,0.17210230834837684,240,0.2681953498590882,0.6216879075031249,0.09672937314948953,240,0.5965909090909092,0.4339171070183887,0.1536707233807394,240,0.4571428571428571,0.6094444444444445,0.1902887933842905,240,0.7,0.4419340936764298,0.2222518453131225,240,0.4,0.6421428571428572,0.34325655513849224,240,0.75
IMPUTED,config_random80,QuadraticDiscriminantAnalysis,maxabs,smoteenn,off,0.2606424760250226,0.18813072775886566,240,0.2691909510290827,0.6274710958148696,0.10613378428181156,240,0.6240942028985508,0.4406077532388169,0.1595905699804904,240,0.456575682382134,0.6026041666666667,0.20056403098885733,240,0.6875,0.41426197880354176,0.19753648394071321,240,0.3717105263157895,0.6730563186813187,0.33471643575043164,240,0.7596153846153846
IMPUTED,config_kfold,QuadraticDiscriminantAnalysis,none,smote,off,0.2554800553186157,0.0464212480414738,480,0.25281286340725084,0.6254642095776607,0.02325740907788229,480,0.6244329161176987,0.4415424141999572,0.03363955353172429,480,0.4387759952465835,0.7016536458333333,0.021792170795368666,480,0.7,0.4641753058012249,0.04513146075468191,480,0.45893162393162384,0.4548206018518518,0.051003960605741375,480,0.4549999999999999
IMPUTED,config_random80,SVC_linear,maxabs,none,on,0.2519421127888259,0.1855265247242974,840,0.264542338634135,0.6027295468768717,0.08495249995925999,840,0.5893719806763285,0.3245555184000562,0.20123783539724954,840,0.3529411764705882,0.7638392857142857,0.067230619971157,840,0.75,0.4841982752697038,0.28895732612829533,840,0.5,0.2677913686842258,0.19766909062068444,840,0.25
STRICT,config_strat80,QuadraticDiscriminantAnalysis,robust,none,on,0.25120415130875223,0.16651198853086888,420,0.2836543144655877,0.6113000755857899,0.07356721595385128,420,0.6190476190476191,0.41047539197251715,0.15673915191600804,420,0.4285714285714285,0.7087301587301587,0.05121671231897837,420,0.7,0.5279633065347351,0.21873175121294186,420,0.5,0.3677248677248677,0.1755362788763095,420,0.3333333333333333
STRICT,config_loo,KNeighborsClassifier,robust,none,on,0.25001476441507103,0.09325539427929458,224,0.26652759447972535,0.6079972083172892,0.04155087385607205,224,0.6150044923629829,0.40588357115805473,0.0866220271108535,224,0.4233888177550149,0.7250241312741313,0.027340912813272614,224,0.7297297297297297,0.5200682280149757,0.09115126265848256,224,0.5294117647058824,0.33737244897959184,0.08585465484829612,224,0.3571428571428571
IMPUTED,config_kfold,SVC_linear,maxabs,none,on,0.24791079942337665,0.13047980490711555,1386,0.2883106067347282,0.5968083859487021,0.05161865918141495,1386,0.6100757575757576,0.31318200590569345,0.15832759086363385,1386,0.36678571428571427,0.7527191558441558,0.01979464736227049,1386,0.75625,0.4918955010838128,0.24889643683579493,1386,0.5785714285714285,0.249541847041847,0.12761483218223887,1386,0.2944444444444444
IMPUTED,config_random80,GaussianNB,maxabs,none,on,0.24388667831872532,0.1728688825354015,420,0.2182178902359924,0.6129910765835088,0.08999145979934078,420,0.6043560606060606,0.3770229486715555,0.1546578839842113,420,0.3639705882352941,0.7383928571428572,0.06776140805363715,420,0.71875,0.47406720263863117,0.1530102373983926,420,0.47727272727272724,0.34590920983778123,0.19212934443427712,420,0.3
STRICT,config_strat80,QuadraticDiscriminantAnalysis,none,undersample,off,0.22398740046496135,0.20218886544939327,120,0.19065637970257382,0.6150793650793651,0.1041829020548366,120,0.5992063492063492,0.4671486355497999,0.1386646289998034,120,0.47338935574229685,0.6477777777777778,0.0847617998509616,120,0.6333333333333333,0.4350292858013446,0.13402661108485928,120,0.42261904761904756,0.5333333333333333,0.20854253424188504,120,0.4444444444444444
STRICT,config_loo,SVC_linear,maxabs,none,on,0.21694725761785483,0.094001369322098,41,0.2362170789536534,0.5871901913089211,0.03926515109200898,41,0.5956873315363882,0.3586895812580325,0.07904613281444459,41,0.375,0.7213249835201055,0.027890779157437356,41,0.722972972972973,0.5120763836140294,0.09514752085468244,41,0.52,0.27700348432055744,0.06771206244277612,41,0.2857142857142857
STRICT,config_strat80,QuadraticDiscriminantAnalysis,none,smote,off,0.21194873315439916,0.17410786055249114,240,0.2063492063492063,0.6020833333333333,0.08532830986955753,240,0.5873015873015873,0.4188152428278959,0.14415288185379282,240,0.4285714285714285,0.6795833333333333,0.06522009726967685,240,0.6666666666666666,0.45976188163688164,0.14116452015951816,240,0.4444444444444444,0.4083333333333333,0.18501231664903994,240,0.38888888888888884
STRICT,config_strat80,QuadraticDiscriminantAnalysis,none,none,off,0.2075958187167113,0.17311777017124955,60,0.2063492063492063,0.6007936507936508,0.08437635944392285,60,0.5952380952380952,0.4120314604605895,0.14666976491050668,60,0.4,0.6811111111111111,0.05327916269661369,60,0.6666666666666666,0.453045103045103,0.14808536857920296,60,0.44949494949494945,0.4,0.19320969269833282,60,0.3333333333333333
STRICT,config_loo,SVC_linear,maxabs,undersample,off,0.18013669426183065,0.19515826287183957,8,0.04508378069817935,0.5922338274932615,0.11298359486702192,8,0.5158355795148248,0.4820670303146939,0.11398627197839248,8,0.4432432432432432,0.5008445945945945,0.21150259908769312,8,0.4763513513513513,0.3715922965922966,0.10557034962143155,8,0.31002331002331,0.8035714285714285,0.2518959529342072,8,0.8690476190476191
STRICT,config_random80,QuadraticDiscriminantAnalysis,maxabs,none,off,0.11818480565019839,0.20619044246482024,60,0.0,0.5601721587591153,0.10370952570024396,60,0.5,0.17223254213966285,0.2601093916687054,60,0.0,0.74,0.06518119031301493,60,0.7333333333333333,0.17393819143819142,0.26862922606490097,60,0.0,0.1815873015873016,0.2768372678577622,60,0.0
STRICT,config_random80,QuadraticDiscriminantAnalysis,maxabs,none,on,0.11521089931349213,0.18191319575607132,420,0.0,0.5568316173129838,0.09189914174703373,420,0.5,0.16307504374178414,0.2396677816686321,420,0.0,0.7398412698412699,0.055126730785264304,420,0.7333333333333333,0.17777709063423347,0.2654525279722928,420,0.0,0.1690702947845805,0.26328310917568065,420,0.0
STRICT,config_kfold,QuadraticDiscriminantAnalysis,maxabs,none,on,0.10961820437462239,0.15771847774611708,840,0.0,0.5500793564900708,0.07216543191067144,840,0.5,0.15930556591834785,0.22695698293464234,840,0.0,0.7237416529830324,0.013823911495762738,840,0.7163218390804598,0.189651492026492,0.270148406958785,840,0.0,0.1481521164021164,0.21171002581678997,840,0.0
IMPUTED,config_random80,QuadraticDiscriminantAnalysis,maxabs,none,off,0.1087878831988762,0.18140330155755577,60,0.0,0.5567654590585559,0.099960653687778,60,0.5,0.16012823319324865,0.2390183564752737,60,0.0,0.740625,0.06766282151413905,60,0.75,0.1611926961926962,0.24316152871616753,60,0.0,0.17946275946275947,0.2868417597972017,60,0.0
IMPUTED,config_strat80,QuadraticDiscriminantAnalysis,maxabs,none,on,0.10812666356880737,0.1848463601389943,420,0.0,0.5481136415919025,0.08159208739940346,420,0.5,0.15709835437057906,0.23724010968968967,420,0.0,0.7263392857142857,0.03877928570111341,420,0.71875,0.19254071325499897,0.2965710070458197,420,0.0,0.14074074074074072,0.2169986260433136,420,0.0
STRICT,config_strat80,QuadraticDiscriminantAnalysis,maxabs,none,on,0.10756867516935482,0.17919619822608862,420,0.0,0.5485260770975057,0.08044732642096938,420,0.5,0.1620392254967664,0.2402328518025667,420,0.0,0.7095238095238096,0.037901541895473394,420,0.7,0.1937449323163609,0.2921512816868883,420,0.0,0.146031746031746,0.22212370434301726,420,0.0
IMPUTED,config_strat80,QuadraticDiscriminantAnalysis,maxabs,none,off,0.10499547068791588,0.1688405577436737,60,0.0,0.547181964573269,0.07449786625500363,60,0.5,0.15727379030784602,0.23212369040495934,60,0.0,0.725,0.029785603962146384,60,0.71875,0.1871957671957672,0.2812076751587798,60,0.0,0.14074074074074075,0.21048739925839938,60,0.0
IMPUTED,config_random80,QuadraticDiscriminantAnalysis,maxabs,none,on,0.1040632971450123,0.18362192865954682,420,0.0,0.5498150524968113,0.08946242190031319,420,0.5,0.15088252206783828,0.22960832516378427,420,0.0,0.7453869047619047,0.06910314923238589,420,0.75,0.17318682640111213,0.2739245726083991,420,0.0,0.14992136170707598,0.24067417999454344,420,0.0
STRICT,config_kfold,QuadraticDiscriminantAnalysis,maxabs,none,off,0.10305618582856435,0.14888343724900507,120,0.0,0.5477856541606542,0.06914119137065768,120,0.5,0.1569101921159062,0.22389825369172736,120,0.0,0.7193234811165845,0.010719233619727259,120,0.7163218390804598,0.18117604617604618,0.2590674760108886,120,0.0,0.1509537037037037,0.2158606495389231,120,0.0
IMPUTED,config_kfold,QuadraticDiscriminantAnalysis,maxabs,none,on,0.10192029319101976,0.14794125327072224,840,0.0,0.5459599279544932,0.06686238184215684,840,0.5,0.15012543915042809,0.21433834100043894,840,0.0,0.7301190476190476,0.012130441481416926,840,0.725,0.18295638025995167,0.26112114516346924,840,0.0,0.13657275132275132,0.19577210435153355,840,0.0
IMPUTED,config_kfold,QuadraticDiscriminantAnalysis,maxabs,none,off,0.10140812472128626,0.14808923165389187,120,0.0,0.5473389328063242,0.06911044223304681,120,0.5,0.15261320184230398,0.21843508931918865,120,0.0,0.7276041666666667,0.011869147533216783,120,0.725,0.176142982017982,0.25224736700050543,120,0.0,0.14644444444444446,0.21031757095288034,120,0.0
IMPUTED,config_loo,SVC_linear,maxabs,undersample,on,0.09915907037064077,0.5292919889625538,115,0.3851461956813939,0.5634046613057108,0.27192858046639923,115,0.7127742946708464,0.42267298721533275,0.26322227707562756,115,0.5765765765765766,0.5889130434782608,0.2809928903613727,115,0.70625,0.3663414165577747,0.23282629936173424,115,0.4776119402985074,0.5067193675889328,0.3069322239625543,115,0.6590909090909091
STRICT,config_strat80,QuadraticDiscriminantAnalysis,maxabs,none,off,0.08549509865160358,0.1483195796291971,60,0.0,0.5412698412698412,0.07560080304928057,60,0.5,0.14835832531686619,0.22433937343905425,60,0.0,0.7,0.024548656477288624,60,0.7,0.16388167388167388,0.2383477121984313,60,0.0,0.14444444444444443,0.2370743065490138,60,0.0
IMPUTED,config_loo,SVC_linear,maxabs,undersample,off,0.03381192310508579,0.5785958150195142,16,0.382563246755034,0.5303193573667712,0.29746866332465666,16,0.7086598746081505,0.3851649930841322,0.28918077302319817,16,0.5726020137784844,0.5625,0.3104012859724221,16,0.7093750000000001,0.3346584720497099,0.2560755482393315,16,0.4812302125734961,0.4588068181818182,0.3325975436365366,16,0.6590909090909091
