dataset_variant,config_name,model_class,scaler,resampling,pca,mean,std,count,generalization_score,range,cv_ratio
STRICT,config_loo,LinearDiscriminantAnalysis,maxabs,none,off,0.4862652153958905,0.0,2,0.4862652153958905,0.0,0.0
STRICT,config_loo,LinearDiscriminantAnalysis,standard,none,off,0.4862652153958905,0.0,2,0.4862652153958905,0.0,0.0
STRICT,config_loo,LinearDiscriminantAnalysis,robust,none,off,0.4862652153958905,0.0,2,0.4862652153958905,0.0,0.0
STRICT,config_loo,LinearDiscriminantAnalysis,none,none,off,0.4862652153958905,0.0,2,0.4862652153958905,0.0,0.0
IMPUTED,config_loo,LogisticRegression,standard,smote,on,0.4981285682631651,0.024706249431130572,336,0.4734223188320345,0.12638312156446313,0.04959813792104787
STRICT,config_loo,LogisticRegression,standard,smote,on,0.5069502270076881,0.03437659365078782,336,0.4725736333569003,0.17635723781121287,0.06781058932293661
IMPUTED,config_loo,LinearDiscriminantAnalysis,maxabs,smote,off,0.47820953775303143,0.007527767945959676,8,0.47068176980707177,0.01989351729963429,0.015741567977356714
STRICT,config_loo,LogisticRegression,standard,smote,off,0.49319395680383465,0.022611613440948006,48,0.4705823433628866,0.08153389071664546,0.04584730434955767
IMPUTED,config_kfold,LogisticRegression,standard,smote,on,0.508581475241017,0.039667698750164376,6720,0.46891377649085264,0.2804213545234655,0.07799674325803124
STRICT,config_loo,LinearDiscriminantAnalysis,standard,smote,on,0.500794012486509,0.036113819083347314,56,0.4646801934031617,0.13299437169243772,0.07211312073009297
STRICT,config_loo,LogisticRegression,standard,none,off,0.4930081795069732,0.02864769358390929,12,0.4643604859230639,0.08055136690244613,0.058107947848974974
IMPUTED,config_loo,LinearDiscriminantAnalysis,standard,smote,on,0.4958440844206735,0.03217999432575924,56,0.46366409009491427,0.12379095250615119,0.064899421686874
STRICT,config_loo,LogisticRegression,none,smote,off,0.4738307427173501,0.014147182729864044,48,0.45968355998748606,0.054597501645652025,0.02985703850436554
STRICT,config_loo,LogisticRegression,robust,undersample,off,0.48360076513906836,0.024270607239530458,24,0.4593301578995379,0.08213530756277226,0.05018728047824944
STRICT,config_loo,LogisticRegression,standard,undersample,off,0.47968323562445075,0.021762800023193668,24,0.45792043560125706,0.08299999859409818,0.04536910695839286
IMPUTED,config_kfold,LinearDiscriminantAnalysis,standard,smote,on,0.4986839001644267,0.04186084827552785,1120,0.4568230518888989,0.24377625326448632,0.08394265036774887
STRICT,config_loo,LogisticRegression,robust,smote,off,0.4720143845966939,0.015390482236241785,48,0.45662390236045214,0.061219971641205795,0.032605960196302
STRICT,config_loo,LogisticRegression,standard,smoteenn,on,0.4935587901984783,0.03839920828993844,336,0.4551595819085399,0.19670832994810622,0.07780067755352243
IMPUTED,config_loo,LogisticRegression,standard,none,off,0.46757834361167355,0.013020023932748943,12,0.4545583196789246,0.030825744912735653,0.027845652200612067
IMPUTED,config_kfold,LogisticRegression,robust,smote,off,0.4849927356430681,0.031149005809058522,960,0.45384372983400956,0.187071746896321,0.06422571622182549
IMPUTED,config_loo,SVC,standard,smote,on,0.4847538888707273,0.03103426777777313,230,0.45371962109295416,0.1273152867593103,0.06402066799313343
STRICT,config_kfold,LogisticRegression,standard,smote,on,0.5077580049338007,0.0541000804673684,6720,0.4536579244664323,0.36598206243168624,0.10654697698842135
IMPUTED,config_loo,LinearDiscriminantAnalysis,none,none,off,0.453110138691783,0.0,2,0.453110138691783,0.0,0.0
IMPUTED,config_loo,LinearDiscriminantAnalysis,standard,none,off,0.453110138691783,0.0,2,0.453110138691783,0.0,0.0
IMPUTED,config_loo,LinearDiscriminantAnalysis,maxabs,none,off,0.453110138691783,0.0,2,0.453110138691783,0.0,0.0
IMPUTED,config_loo,LinearDiscriminantAnalysis,robust,none,off,0.453110138691783,0.0,2,0.453110138691783,0.0,0.0
STRICT,config_loo,LogisticRegression,robust,none,off,0.4717257285584999,0.018972265209386538,12,0.45275346334911337,0.0513701057381048,0.0402188476498028
STRICT,config_kfold,LogisticRegression,standard,undersample,on,0.5005617871726152,0.048476733127670396,3360,0.4520850540449448,0.2801113504737607,0.09684465408653645
STRICT,config_loo,LogisticRegression,robust,smoteenn,off,0.48699667021997123,0.03519506573922849,48,0.45180160448074275,0.1275959597679695,0.07226962295929303
IMPUTED,config_loo,LogisticRegression,standard,smote,off,0.47463002861964604,0.023155354294175663,48,0.4514746743254704,0.10871156167571899,0.048786113178548286
IMPUTED,config_kfold,LogisticRegression,standard,smote,off,0.48419486156424235,0.0327773657060213,960,0.45141749585822105,0.20434006810365535,0.06769457569237843
IMPUTED,config_loo,LogisticRegression,robust,smote,off,0.47424154712538,0.02318974477240948,48,0.45105180235297054,0.08645764261190436,0.04889859379249742
IMPUTED,config_kfold,SVC,standard,smote,on,0.49621246720986717,0.045239885861325366,5684,0.4509725813485418,0.26842159180208275,0.09117039343187582
STRICT,config_loo,LogisticRegression,standard,undersample,on,0.4842994511512507,0.03356114971388464,168,0.4507383014373661,0.15162851690628815,0.06929834348171336
STRICT,config_loo,LinearDiscriminantAnalysis,none,smote,off,0.46595046949352265,0.015397800080632492,8,0.4505526694128901,0.050466514363484094,0.033046001858029125
IMPUTED,config_kfold,LogisticRegression,standard,undersample,on,0.4917201861121118,0.043633028962565226,3360,0.4480871571495466,0.2693367143175456,0.08873548451927278
STRICT,config_loo,LogisticRegression,none,undersample,off,0.4580208229801026,0.01001528275518277,24,0.44800554022491984,0.031351568188716206,0.02186643543849939
IMPUTED,config_loo,GaussianNB,robust,undersample,off,0.44792890942040114,0.0,3,0.44792890942040114,0.0,0.0
IMPUTED,config_loo,GaussianNB,standard,undersample,off,0.44792890942040114,0.0,3,0.44792890942040114,0.0,0.0
STRICT,config_kfold,LogisticRegression,robust,smoteenn,off,0.4934696553637871,0.046582999207792436,960,0.44688665615599465,0.27846113743368855,0.09439891328971652
STRICT,config_loo,SVC,standard,smoteenn,on,0.49012569405888157,0.04392685855052226,231,0.4461988355083593,0.20507653920213104,0.08962365997740383
STRICT,config_loo,LinearDiscriminantAnalysis,maxabs,smote,on,0.4779145590792044,0.031773665838031234,56,0.4461408932411731,0.08309196886017006,0.0664839880568807
STRICT,config_kfold,LogisticRegression,standard,smote,off,0.4894080341431255,0.04363082694237805,960,0.4457772072007474,0.226116674149419,0.08915020575575264
STRICT,config_kfold,LogisticRegression,standard,smoteenn,on,0.4990323611864097,0.054024242482644494,6720,0.4450081187037652,0.38882406037970335,0.10825799423950415
STRICT,config_kfold,LogisticRegression,robust,smote,off,0.48739460115742667,0.04253399354363425,960,0.4448606076137924,0.242183867149244,0.08726808512574379
STRICT,config_kfold,SVC,none,smoteenn,off,0.4921326176668983,0.048458904283171816,900,0.4436737133837265,0.253412459717642,0.09846716625470942
STRICT,config_kfold,LinearDiscriminantAnalysis,standard,smote,on,0.499818526360788,0.056289192019193926,1120,0.4435293343415941,0.30914800042715845,0.1126192588919008
STRICT,config_kfold,LogisticRegression,standard,undersample,off,0.4862111717375059,0.04335565661210727,480,0.4428555151253986,0.22817823517013053,0.08917042456505705
STRICT,config_kfold,LogisticRegression,robust,undersample,off,0.48322894545798134,0.04050004414584269,480,0.44272890131213866,0.24984652127341928,0.0838112959219748
STRICT,config_loo,LogisticRegression,none,none,off,0.46293126235412513,0.021285423092609845,12,0.4416458392615153,0.06638473814450102,0.04597966225993891
STRICT,config_kfold,LogisticRegression,standard,smoteenn,off,0.4877855940602911,0.04806253234359219,960,0.4397230617166989,0.265263259878669,0.09853208649218857
IMPUTED,config_kfold,LogisticRegression,none,smote,off,0.47006499376035527,0.030437801496364048,960,0.4396271922639912,0.172652895314371,0.06475232553028955
IMPUTED,config_loo,LinearDiscriminantAnalysis,maxabs,smote,on,0.47149487689455355,0.03218411108935313,56,0.4393107658052004,0.12592133096128183,0.06825972596209327
STRICT,config_loo,SVC,maxabs,smote,off,0.47078439233950076,0.03170149491078279,36,0.439082897428718,0.11444246452663787,0.06733760809963646
IMPUTED,config_kfold,SVC,standard,undersample,on,0.4856213754879207,0.04688491526635307,2842,0.43873646022156765,0.3572679900161309,0.09654623464472947
IMPUTED,config_kfold,SVC,standard,smote,off,0.47387209436541766,0.035373162858346456,812,0.4384989315070712,0.19239633158323838,0.07464706885877331
STRICT,config_loo,GaussianNB,none,undersample,off,0.4375871418875155,0.0,6,0.4375871418875155,0.0,0.0
IMPUTED,config_loo,LogisticRegression,standard,undersample,on,0.4713939394893749,0.0340305684026025,168,0.4373633710867724,0.15340818099689718,0.07219135748640557
IMPUTED,config_kfold,SVC,robust,smote,off,0.4743655971604155,0.03706871803869342,800,0.43729687912172205,0.20252442639550722,0.07814377404387937
IMPUTED,config_loo,LogisticRegression,none,smote,off,0.45818101256546107,0.021013245524691377,48,0.4371677670407697,0.06625220679442012,0.04586232285583677
STRICT,config_loo,SVC,standard,smote,off,0.4567083005972452,0.01972941410119129,34,0.43697888649605393,0.06575535170507169,0.04319915813965018
IMPUTED,config_loo,SVC,standard,smoteenn,on,0.47440558841381253,0.03745691078279743,229,0.4369486776310151,0.18276214806937324,0.07895545857298095
STRICT,config_kfold,LogisticRegression,standard,none,off,0.48001573336606695,0.04306750888109295,240,0.436948224484974,0.19495387042296275,0.08972103597331266
STRICT,config_kfold,SVC,standard,smote,on,0.4929414406101733,0.05621192636106942,6300,0.4367295142491039,0.33623106410471226,0.11403367972367896
STRICT,config_loo,LogisticRegression,standard,smoteenn,off,0.4686155890742656,0.032369312844420094,48,0.4362462762298455,0.11390268326417657,0.06907434067305483
IMPUTED,config_loo,LinearDiscriminantAnalysis,robust,smote,off,0.4735451479510086,0.03739075206949808,8,0.4361543958815105,0.09572278492071501,0.07895921271981104
IMPUTED,config_kfold,LogisticRegression,standard,smoteenn,on,0.4818792570678166,0.046118900634082916,6720,0.4357603564337337,0.2903666229631363,0.09570634128290033
IMPUTED,config_kfold,LinearDiscriminantAnalysis,robust,smote,off,0.4678004892152779,0.03206975515991514,160,0.4357307340553628,0.16843062076033166,0.06855434292877985
STRICT,config_kfold,SVC,standard,undersample,on,0.4910169185898523,0.05532064739477494,3150,0.43569627119507737,0.3297655259417273,0.11266546080255214
IMPUTED,config_loo,LinearDiscriminantAnalysis,standard,smote,off,0.45652908314221485,0.02165629106645597,8,0.4348727920757589,0.04970005994877641,0.047436826844413214
STRICT,config_kfold,LogisticRegression,none,smote,off,0.47390281419707814,0.03981358331430417,960,0.43408923088277396,0.23839599314942778,0.08401212679388567
IMPUTED,config_loo,LogisticRegression,standard,smoteenn,on,0.4714569265239343,0.03802740689067517,336,0.4334295196332591,0.18055194509713546,0.08065934500326967
STRICT,config_kfold,SVC,standard,smoteenn,on,0.49243116847284785,0.059237395267522724,6300,0.43319377320532515,0.399817901439359,0.12029578763511801
IMPUTED,config_kfold,SVC,standard,smoteenn,on,0.4812638773456337,0.048518395766165436,5684,0.43274548157946824,0.3047828608438826,0.10081453865551711
IMPUTED,config_kfold,LinearDiscriminantAnalysis,maxabs,smote,off,0.46582435351038487,0.03338772657139273,160,0.43243662693899215,0.14381183068196568,0.07167449773672771
STRICT,config_loo,SVC,robust,smoteenn,off,0.4690370915203853,0.0367066049530925,31,0.4323304865672928,0.13452235046654293,0.07825949294139599
IMPUTED,config_loo,LogisticRegression,robust,smoteenn,off,0.45748898570793567,0.025644843017433045,48,0.43184414269050264,0.10463675520379451,0.05605565121474837
IMPUTED,config_kfold,LinearDiscriminantAnalysis,none,smote,off,0.462797330795807,0.031221990236462892,160,0.4315753405593441,0.1306091253047582,0.06746363507061473
STRICT,config_loo,LinearDiscriminantAnalysis,standard,undersample,on,0.4668442475153041,0.03531122359882772,28,0.4315330239164764,0.09460943242556824,0.07563812510653276
IMPUTED,config_loo,SVC,robust,smote,off,0.45897010126120336,0.027465213610551906,33,0.4315048876506514,0.10707314613482083,0.059840964662143094
STRICT,config_kfold,SVC,robust,smote,off,0.47442144187870394,0.04294263271086927,900,0.43147880916783465,0.24220434674455793,0.09051579233184928
IMPUTED,config_loo,SVC,robust,smoteenn,off,0.4612516108312363,0.02985678237788185,27,0.4313948284533544,0.10814069891408307,0.06472992543934099
STRICT,config_loo,SVC,maxabs,smote,on,0.4685760674083835,0.03730387075203471,196,0.43127219665634875,0.16412679264121643,0.07961113114111062
IMPUTED,config_kfold,LinearDiscriminantAnalysis,standard,undersample,on,0.48079696883772993,0.04954825133218,560,0.43124871750554994,0.2598160018673263,0.1030544170275388
IMPUTED,config_loo,LinearDiscriminantAnalysis,none,smote,off,0.45604480462703323,0.02480185996089282,8,0.43124294466614044,0.057615905145046775,0.054384700163784355
IMPUTED,config_loo,LogisticRegression,standard,smoteenn,off,0.4569510377123828,0.025840657412450417,48,0.4311103802999324,0.1068127430100731,0.05655016682272033
STRICT,config_kfold,LinearDiscriminantAnalysis,maxabs,smote,on,0.478305202259643,0.04720069959938335,1120,0.4311045026602597,0.26710152042894997,0.09868322438558998
IMPUTED,config_kfold,LogisticRegression,standard,none,off,0.4719788948952768,0.0408771098212151,240,0.43110178507406166,0.20029443431587224,0.08660791883561861
STRICT,config_kfold,LinearDiscriminantAnalysis,standard,undersample,on,0.4852912706146399,0.05443615618864238,560,0.4308551144259975,0.29533093986335807,0.11217213142881576
IMPUTED,config_loo,LinearDiscriminantAnalysis,standard,undersample,on,0.4642873153525815,0.03356569857131375,28,0.43072161678126775,0.10636343784159752,0.07229510146281691
IMPUTED,config_kfold,LinearDiscriminantAnalysis,maxabs,smote,on,0.47039628442764875,0.03976921760183192,1120,0.4306270668258168,0.23714388187778307,0.0845440725583554
IMPUTED,config_kfold,LogisticRegression,robust,undersample,off,0.4722998969915135,0.04174805929674135,480,0.4305518376947721,0.19641808950158302,0.08839311539695614
IMPUTED,config_kfold,SVC,none,smote,off,0.4665786194100479,0.03624007910024881,812,0.4303385403097991,0.23082632621166704,0.07767196693682953
STRICT,config_kfold,LogisticRegression,none,none,off,0.4683385645090455,0.03835630883609673,240,0.42998225567294873,0.17174595655201175,0.08189867703144467
STRICT,config_kfold,SVC,standard,smote,off,0.4695484376940771,0.040179973613492626,900,0.4293684640805845,0.22185667865784098,0.08557152018397496
IMPUTED,config_kfold,LinearDiscriminantAnalysis,standard,smote,off,0.46173692473446587,0.032478747913430014,160,0.42925817682103584,0.1586276372650593,0.07034037386571972
IMPUTED,config_loo,LinearDiscriminantAnalysis,none,smoteenn,off,0.4434581955611498,0.0143100240667038,8,0.429148171494446,0.04091708795134652,0.032269161354873524
STRICT,config_kfold,LinearDiscriminantAnalysis,maxabs,undersample,on,0.47547914709483813,0.04676898228451113,560,0.428710164810327,0.2178189648549827,0.09836179477116519
IMPUTED,config_kfold,SVC,robust,undersample,off,0.4689322536253534,0.04136485579717065,400,0.42756739782818276,0.2000133713381439,0.08821072868708771
IMPUTED,config_loo,LogisticRegression,robust,undersample,off,0.4553589677899901,0.027936984770898475,24,0.4274219830190916,0.10464623573940951,0.061351563814557204
IMPUTED,config_kfold,LogisticRegression,standard,undersample,off,0.4712409249270952,0.043891582064864404,480,0.4273493428622308,0.2244678823859355,0.09314042932849007
IMPUTED,config_loo,SVC,none,smoteenn,off,0.4451935026654349,0.018700000941435282,34,0.42649350172399964,0.07583384062561438,0.04200420902253918
IMPUTED,config_kfold,SVC,standard,undersample,off,0.46682683010613246,0.04130032566068362,406,0.4255265044454488,0.21432609522152424,0.08847033417358219
STRICT,config_kfold,LogisticRegression,none,undersample,off,0.47038830341589455,0.044887355885162565,480,0.425500947530732,0.22429378924862536,0.09542617356595991
IMPUTED,config_loo,LogisticRegression,none,none,off,0.4425652475008837,0.017096208046975307,12,0.4254690394539084,0.0380037143051426,0.03862980237042035
STRICT,config_loo,GaussianNB,robust,smoteenn,off,0.44411449192801306,0.018673090394543956,9,0.4254414015334691,0.03734618078908791,0.042045667803992076
STRICT,config_kfold,SVC,robust,undersample,off,0.4731789436111308,0.04880542996356249,450,0.42437351364756826,0.25834330110904713,0.10314370625010716
STRICT,config_loo,LinearDiscriminantAnalysis,robust,smote,off,0.45307266262965795,0.028782869293698558,8,0.4242897933359594,0.07532660733166952,0.06352815269551079
STRICT,config_kfold,SVC,robust,smoteenn,off,0.4769606295309425,0.05318097804372791,900,0.4237796514872146,0.29118039193784717,0.11149972293526132
STRICT,config_kfold,LogisticRegression,robust,none,off,0.4667116042614253,0.04297748282265657,240,0.4237341214387687,0.2018396705079033,0.09208573866653427
STRICT,config_loo,LinearDiscriminantAnalysis,maxabs,smote,off,0.44535343010125683,0.022096367225956193,8,0.4232570628753006,0.0523988648522557,0.04961535206079428
STRICT,config_loo,SVC,none,smoteenn,off,0.4526216475307098,0.029572181688760087,28,0.42304946584194975,0.08606615460076411,0.06533532333261557
STRICT,config_kfold,SVC,standard,smoteenn,off,0.47369244034238067,0.05116876603999316,900,0.4225236743023875,0.28113640460842,0.10802107376467489
IMPUTED,config_loo,SVC,standard,smoteenn,off,0.4508014760029654,0.02842197074312069,39,0.4223795052598447,0.10076134955447097,0.06304764348849144
IMPUTED,config_loo,LogisticRegression,none,smoteenn,off,0.44605078094939365,0.023945982051806685,48,0.42210479889758695,0.08754368114707517,0.053684430281321395
IMPUTED,config_loo,SVC,maxabs,smote,off,0.4539767500661275,0.03198411167358441,32,0.4219926383925431,0.11724175272621862,0.07045319318428866
IMPUTED,config_kfold,LogisticRegression,robust,smoteenn,off,0.46022289859798765,0.03849126056621613,960,0.4217316380317715,0.2189035060550284,0.08363612650190812
STRICT,config_kfold,SVC,standard,undersample,off,0.4700545978845223,0.04870828143596696,450,0.42134631644855536,0.2643920217193375,0.10362260395957888
IMPUTED,config_loo,LogisticRegression,robust,none,off,0.45148145541723245,0.03037774987954469,12,0.4211037055376878,0.09140525183277798,0.06728460164874628
STRICT,config_loo,RandomForestClassifier,standard,smote,off,0.45623780253688345,0.03673040057686561,260,0.41950740196001784,0.21244294234033423,0.08050713985695261
IMPUTED,config_kfold,LogisticRegression,standard,smoteenn,off,0.45918310962632186,0.04034530968229911,960,0.41883779994402276,0.21299488606092415,0.08786322675311746
STRICT,config_loo,LinearDiscriminantAnalysis,standard,smote,off,0.4525033225933266,0.034073585245332445,8,0.41842973734799416,0.07202195020497104,0.07530018796338216
STRICT,config_kfold,LinearDiscriminantAnalysis,none,none,off,0.4656832690403102,0.047510276547285714,40,0.4181729924930245,0.20665690968903389,0.1020227259725175
STRICT,config_kfold,LinearDiscriminantAnalysis,maxabs,none,off,0.4656832690403102,0.047510276547285714,40,0.4181729924930245,0.20665690968903389,0.1020227259725175
STRICT,config_kfold,LinearDiscriminantAnalysis,standard,none,off,0.4656832690403102,0.047510276547285714,40,0.4181729924930245,0.20665690968903389,0.1020227259725175
STRICT,config_kfold,LinearDiscriminantAnalysis,robust,none,off,0.4656832690403102,0.047510276547285714,40,0.4181729924930245,0.20665690968903389,0.1020227259725175
IMPUTED,config_loo,SVC,standard,undersample,on,0.45644247534682725,0.03839602416224341,118,0.41804645118458383,0.16845384538590036,0.08412018213920218
STRICT,config_kfold,LinearDiscriminantAnalysis,standard,smoteenn,on,0.47229450772842824,0.05445093482069793,1120,0.41784357290773033,0.32998930473918225,0.11529021390188916
STRICT,config_loo,LogisticRegression,maxabs,undersample,on,0.4544755828532494,0.03711091494965046,154,0.41736466790359894,0.1835139018487727,0.08165656495045105
STRICT,config_loo,RandomForestClassifier,maxabs,smote,off,0.44640348777129085,0.029286165915188796,259,0.41711732185610206,0.14144233125963268,0.06560469780691586
IMPUTED,config_kfold,LogisticRegression,none,none,off,0.45448317901015656,0.03797575140330219,240,0.4165074276068544,0.21563059089802766,0.08355810106330366
IMPUTED,config_kfold,LogisticRegression,none,undersample,off,0.452818963836491,0.03652628951534944,480,0.4162926743211416,0.2031226910305619,0.0806642222001523
STRICT,config_kfold,LinearDiscriminantAnalysis,none,smote,off,0.46274693861381816,0.046642079691155094,160,0.4161048589226631,0.2268840155057002,0.10079392384717617
STRICT,config_loo,SVC,standard,smote,on,0.4811350631365751,0.06582841357759682,233,0.4153066495589783,0.793800853535415,0.13681899038588827
IMPUTED,config_loo,LinearDiscriminantAnalysis,standard,smoteenn,on,0.45622074966046283,0.04167463261882932,56,0.4145461170416335,0.16125282441948924,0.09134751685416587
STRICT,config_loo,LogisticRegression,none,smoteenn,off,0.45913040196313076,0.04470074930504905,48,0.41442965265808174,0.14602193911498035,0.0973595935139983
IMPUTED,config_loo,LinearDiscriminantAnalysis,maxabs,smoteenn,off,0.4266062055313924,0.012807671180867357,8,0.41379853435052505,0.032800733123965586,0.030022233654369304
STRICT,config_kfold,LinearDiscriminantAnalysis,standard,smote,off,0.4642408504962849,0.05097918054039542,160,0.4132616699558895,0.24399403554239374,0.10981192302637181
STRICT,config_kfold,LinearDiscriminantAnalysis,robust,smote,off,0.465362946495119,0.05232505805912587,160,0.41303788843599315,0.24492296838261574,0.11243924436445153
IMPUTED,config_kfold,SVC,none,smoteenn,off,0.4599876711941655,0.04774566353745174,812,0.41224200765671376,0.29608802611231155,0.10379770269385721
IMPUTED,config_loo,SVC,none,smote,off,0.4367553875605782,0.025159299866751146,31,0.41159608769382705,0.08984201883605192,0.05760501320263975
IMPUTED,config_loo,SVC,standard,smote,off,0.44871787795203893,0.03772362268873306,35,0.41099425526330585,0.1264666896651741,0.0840698009647058
STRICT,config_loo,SVC,robust,smote,off,0.44048673085188433,0.030102380038472296,25,0.410384350813412,0.09111821844687229,0.06833890314983032
STRICT,config_loo,SVC,standard,none,off,0.4419817103478267,0.03186721138611267,12,0.41011449896171404,0.09834806835617499,0.07210074679568551
IMPUTED,config_kfold,LinearDiscriminantAnalysis,standard,smoteenn,on,0.45985245688460463,0.049903439880763005,1120,0.4099490170038416,0.2571244113555061,0.10852054639187407
STRICT,config_kfold,LinearDiscriminantAnalysis,maxabs,smote,off,0.46406762019905246,0.05421680374671316,160,0.4098508164523393,0.2723073875826898,0.11682953385857421
IMPUTED,config_loo,LogisticRegression,standard,undersample,off,0.44694806983198593,0.03732396741800137,24,0.40962410241398456,0.12082649079153746,0.08350851013190856
IMPUTED,config_kfold,LogisticRegression,none,smoteenn,off,0.45370305570719793,0.04437586679176009,960,0.40932718891543785,0.21206942109548238,0.09780817262204759
IMPUTED,config_kfold,SVC,robust,smoteenn,off,0.452729170402389,0.04353454048683317,800,0.4091946299155559,0.2884015117382666,0.09616022852722157
IMPUTED,config_kfold,LinearDiscriminantAnalysis,maxabs,undersample,on,0.4597895104055952,0.0507932989799406,560,0.40899621142565457,0.25006535943082836,0.110470765057546
STRICT,config_loo,LinearDiscriminantAnalysis,standard,smoteenn,on,0.45740808654377735,0.04874588067730326,56,0.40866220586647406,0.17408960308406396,0.10656978333206166
STRICT,config_kfold,LogisticRegression,none,smoteenn,off,0.45396592480732834,0.04535966518236705,960,0.4086062596249613,0.2722975519035481,0.09991865623310504
STRICT,config_kfold,SVC,none,smote,off,0.4574778873816402,0.049050122134016175,900,0.40842776524762403,0.28052481933101864,0.10721856397202705
IMPUTED,config_kfold,LinearDiscriminantAnalysis,robust,none,off,0.4462043739441858,0.038861479718432075,40,0.4073428942257537,0.14305248740003124,0.0870934531074165
IMPUTED,config_kfold,LinearDiscriminantAnalysis,maxabs,none,off,0.4462043739441858,0.038861479718432075,40,0.4073428942257537,0.14305248740003124,0.0870934531074165
IMPUTED,config_kfold,LinearDiscriminantAnalysis,standard,none,off,0.4462043739441858,0.038861479718432075,40,0.4073428942257537,0.14305248740003124,0.0870934531074165
IMPUTED,config_kfold,LinearDiscriminantAnalysis,none,none,off,0.4462043739441858,0.038861479718432075,40,0.4073428942257537,0.14305248740003124,0.0870934531074165
IMPUTED,config_kfold,SVC,standard,smoteenn,off,0.4517388626644432,0.04504184812911416,812,0.406697014535329,0.24776755664895322,0.09970771136104746
STRICT,config_loo,GaussianNB,maxabs,undersample,off,0.4057891363515058,0.0,3,0.4057891363515058,0.0,0.0
STRICT,config_loo,RandomForestClassifier,robust,smote,off,0.43599290177005673,0.03185758985124912,259,0.4041353119188076,0.17822315581627118,0.07306905622066952
STRICT,config_kfold,GaussianNB,maxabs,undersample,off,0.43488389348256973,0.031086349171215586,216,0.4037975443113541,0.11750794249124308,0.07148195101518869
STRICT,config_kfold,GaussianNB,none,undersample,off,0.43488389348256973,0.031086349171215586,216,0.4037975443113541,0.11750794249124308,0.07148195101518869
STRICT,config_kfold,GaussianNB,robust,undersample,off,0.43488389348256973,0.031086349171215586,216,0.4037975443113541,0.11750794249124308,0.07148195101518869
STRICT,config_kfold,GaussianNB,standard,undersample,off,0.43488389348256973,0.031086349171215586,216,0.4037975443113541,0.11750794249124308,0.07148195101518869
IMPUTED,config_kfold,LogisticRegression,robust,none,off,0.4541887671662211,0.050481554462356644,240,0.40370721270386445,0.27878564449315935,0.11114663794378193
STRICT,config_loo,GaussianNB,robust,undersample,off,0.41850833856590974,0.01642041945114361,10,0.40208791911476616,0.031798005536009755,0.03923558490473805
IMPUTED,config_kfold,LinearDiscriminantAnalysis,maxabs,undersample,off,0.4432058339162709,0.04169091055541179,80,0.4015149233608591,0.16424187996748962,0.0940667007629866
IMPUTED,config_kfold,LinearDiscriminantAnalysis,standard,undersample,off,0.4432058339162709,0.04169091055541179,80,0.4015149233608591,0.16424187996748962,0.0940667007629866
IMPUTED,config_kfold,LinearDiscriminantAnalysis,robust,undersample,off,0.4432058339162709,0.04169091055541179,80,0.4015149233608591,0.16424187996748962,0.0940667007629866
IMPUTED,config_kfold,LinearDiscriminantAnalysis,none,undersample,off,0.4432058339162709,0.04169091055541179,80,0.4015149233608591,0.16424187996748962,0.0940667007629866
STRICT,config_loo,LinearDiscriminantAnalysis,maxabs,undersample,off,0.4530489987145031,0.05292968308546369,4,0.4001193156290394,0.09167690033254211,0.11682993061600004
STRICT,config_loo,LinearDiscriminantAnalysis,standard,undersample,off,0.4530489987145031,0.05292968308546369,4,0.4001193156290394,0.09167690033254211,0.11682993061600004
STRICT,config_loo,LinearDiscriminantAnalysis,robust,undersample,off,0.4530489987145031,0.05292968308546369,4,0.4001193156290394,0.09167690033254211,0.11682993061600004
STRICT,config_loo,LinearDiscriminantAnalysis,none,undersample,off,0.4530489987145031,0.05292968308546369,4,0.4001193156290394,0.09167690033254211,0.11682993061600004
IMPUTED,config_loo,SVC,robust,undersample,off,0.4400931164000177,0.04024510063577798,20,0.39984801576423973,0.12269305570899341,0.09144678509172055
STRICT,config_loo,LinearDiscriminantAnalysis,robust,smoteenn,off,0.42144907814028804,0.021764095631146143,8,0.3996849825091419,0.04961725173206044,0.05164110389607143
IMPUTED,config_loo,SVC,standard,undersample,off,0.4399304403841808,0.04166325947348158,14,0.3982671809106992,0.12072675404409272,0.09470419786614004
IMPUTED,config_loo,LinearDiscriminantAnalysis,standard,smoteenn,off,0.41480720618983974,0.01667321176013366,8,0.3981339944297061,0.04189313021846347,0.04019508704606023
STRICT,config_loo,QuadraticDiscriminantAnalysis,none,undersample,off,0.4126991793078623,0.015658920397472582,12,0.39704025891038974,0.05003795774792841,0.03794269817481623
IMPUTED,config_kfold,LogisticRegression,standard,none,on,0.4655195345779941,0.06933846130851536,1680,0.39618107326947877,0.36610705981615077,0.148948553515316
IMPUTED,config_loo,SVC,maxabs,smote,on,0.4439977450141852,0.04824990588510344,219,0.3957478391290818,0.21748992717616228,0.10867151112121506
STRICT,config_loo,LinearDiscriminantAnalysis,maxabs,smoteenn,on,0.4322270071836347,0.037063023473029415,56,0.3951639837106053,0.1470057398718172,0.08574897648004426
IMPUTED,config_loo,LogisticRegression,standard,none,on,0.45610545065275865,0.06177884301068991,84,0.3943266076420687,0.29390224516704605,0.13544859620132726
STRICT,config_kfold,RandomForestClassifier,robust,smote,off,0.43624091905522955,0.042240235501811746,10368,0.3940006835534178,0.27780566010993624,0.09682777029099371
IMPUTED,config_loo,LinearDiscriminantAnalysis,maxabs,undersample,on,0.437692015024618,0.04408104817852696,28,0.39361096684609104,0.14864092703018655,0.10071247970116069
STRICT,config_kfold,RandomForestClassifier,maxabs,smote,off,0.435157568090373,0.04181608887030009,10368,0.3933414792200729,0.2849001694062717,0.09609413218711567
STRICT,config_loo,SVC,standard,undersample,on,0.4424156815384775,0.04916518130558861,95,0.3932505002328889,0.19613920857774653,0.11112893000225321
STRICT,config_loo,LinearDiscriminantAnalysis,none,smoteenn,off,0.4250365532968151,0.03178829689970717,8,0.3932482563971079,0.08999758492190307,0.0747895602228557
IMPUTED,config_loo,GaussianNB,robust,none,off,0.3930437181515776,0.0,6,0.3930437181515776,0.0,0.0
IMPUTED,config_loo,GaussianNB,standard,none,off,0.3930437181515776,0.0,3,0.3930437181515776,0.0,0.0
STRICT,config_kfold,LogisticRegression,standard,none,on,0.46626507693093994,0.07330041108356987,1680,0.39296466584737005,0.3637885521894033,0.157207594371102
STRICT,config_loo,LogisticRegression,standard,none,on,0.46501982753249405,0.07255771140191278,84,0.39246211613058124,0.3169743361417723,0.1560314358785974
IMPUTED,config_loo,GaussianNB,maxabs,undersample,off,0.42566397556276026,0.03339740078646137,9,0.3922665747762989,0.06679480157292272,0.07845954251192494
STRICT,config_kfold,RandomForestClassifier,none,smote,off,0.43261135023237723,0.04036726687538975,10368,0.39224408335698746,0.3095205297168847,0.09331069758966443
IMPUTED,config_strat80,SVC,robust,smote,off,0.5641786037552498,0.17271616290588157,480,0.3914624408493682,0.8673806682526846,0.3061373858495505
STRICT,config_kfold,RandomForestClassifier,standard,smote,off,0.4356567860894263,0.04426939098426019,10368,0.3913873951051661,0.29307204903927275,0.10161529074672353
IMPUTED,config_loo,RandomForestClassifier,none,smote,off,0.4270726997766789,0.03589228951173038,230,0.3911804102649485,0.17970437518540927,0.08404257525826132
STRICT,config_kfold,GaussianNB,standard,undersample,on,0.44005334408652147,0.04897446580853785,1512,0.3910788782779836,0.2553776478835595,0.11129211143753674
IMPUTED,config_kfold,LinearDiscriminantAnalysis,maxabs,smoteenn,on,0.4334847370036459,0.04281038714795803,1120,0.3906743498556879,0.24087909757082993,0.09875869550534594
IMPUTED,config_loo,LinearDiscriminantAnalysis,maxabs,smoteenn,on,0.4282959398179168,0.03779881476451944,56,0.39049712505339734,0.13690263211243525,0.08825396472492596
IMPUTED,config_kfold,LinearDiscriminantAnalysis,none,smoteenn,off,0.43078520763526545,0.04104396741568221,160,0.38974124021958323,0.21245223613759795,0.095277104896399
IMPUTED,config_strat80,LogisticRegression,robust,smote,off,0.5624643861395409,0.17321117027108812,480,0.38925321586845274,0.9102696829903059,0.3079504668018509
STRICT,config_kfold,LinearDiscriminantAnalysis,standard,undersample,off,0.4442949050461474,0.055298741121496645,80,0.38899616392465075,0.23133205871880946,0.12446404514981542
STRICT,config_kfold,LinearDiscriminantAnalysis,none,undersample,off,0.4442949050461474,0.055298741121496645,80,0.38899616392465075,0.23133205871880946,0.12446404514981542
STRICT,config_kfold,LinearDiscriminantAnalysis,robust,undersample,off,0.4442949050461474,0.055298741121496645,80,0.38899616392465075,0.23133205871880946,0.12446404514981542
STRICT,config_kfold,LinearDiscriminantAnalysis,maxabs,undersample,off,0.4442949050461474,0.055298741121496645,80,0.38899616392465075,0.23133205871880946,0.12446404514981542
STRICT,config_kfold,LinearDiscriminantAnalysis,maxabs,smoteenn,off,0.44108252598384795,0.05262017608080321,160,0.38846234990304473,0.28148114805352314,0.11929780252217498
STRICT,config_kfold,LinearDiscriminantAnalysis,none,smoteenn,off,0.4352478628435114,0.04696114125508868,160,0.38828672158842276,0.23553780139283975,0.1078951679355472
STRICT,config_loo,RandomForestClassifier,none,smote,off,0.4319550193790058,0.04432732318178982,259,0.387627696197216,0.22850244994557206,0.1026202294060997
STRICT,config_kfold,LinearDiscriminantAnalysis,standard,smoteenn,off,0.4361047435842475,0.04873446226016152,160,0.38737028132408596,0.2661837980185619,0.11174944317189456
STRICT,config_kfold,LinearDiscriminantAnalysis,robust,smoteenn,off,0.4352560586777372,0.04799051552008191,160,0.38726554315765527,0.22890692194360823,0.11025812177289875
STRICT,config_kfold,LinearDiscriminantAnalysis,maxabs,smoteenn,on,0.43934783000550887,0.05215506350049442,1120,0.38719276650501444,0.3157063622189149,0.11871018800716612
IMPUTED,config_loo,LinearDiscriminantAnalysis,robust,smoteenn,off,0.41296489332111547,0.025908700823682764,8,0.3870561924974327,0.06138890014525117,0.06273826478401527
IMPUTED,config_loo,RandomForestClassifier,standard,smote,off,0.4219182363617706,0.03512304395139374,230,0.38679519241037685,0.17507883015008585,0.0832460911248163
IMPUTED,config_kfold,GaussianNB,robust,undersample,off,0.4249303252962268,0.03889606677677661,168,0.3860342585194502,0.1429646558580141,0.09153516344040977
IMPUTED,config_kfold,GaussianNB,standard,undersample,off,0.4249303252962268,0.03889606677677661,168,0.3860342585194502,0.1429646558580141,0.09153516344040977
IMPUTED,config_kfold,GaussianNB,maxabs,undersample,off,0.4249303252962268,0.03889606677677661,168,0.3860342585194502,0.1429646558580141,0.09153516344040977
IMPUTED,config_kfold,GaussianNB,none,undersample,off,0.4249303252962268,0.03889606677677661,168,0.3860342585194502,0.1429646558580141,0.09153516344040977
IMPUTED,config_kfold,SVC,none,undersample,off,0.43294940252989506,0.047182819858247356,406,0.3857665826716477,0.21862035411614905,0.10897998607352136
IMPUTED,config_strat80,SVC,standard,smote,off,0.5599930434262126,0.17500732554996634,480,0.38498571787624625,0.8673806682526846,0.31251696356657716
IMPUTED,config_strat80,LogisticRegression,none,smote,off,0.5499830448362022,0.16516845497779614,480,0.38481458985840605,0.7903388752435816,0.3003155397762983
STRICT,config_loo,SVC,standard,undersample,off,0.427572850478529,0.04280872369635651,20,0.3847641267821725,0.12645507267786632,0.1001203038229533
IMPUTED,config_strat80,SVC,standard,smote,on,0.5569975968330289,0.17269281711976137,3360,0.3843047797132675,0.8673806682526846,0.3100423019805766
IMPUTED,config_strat80,LogisticRegression,none,none,off,0.5437360855747018,0.1598009624044091,120,0.38393512317029266,0.7497620761540444,0.29389434809261833
STRICT,config_loo,LinearDiscriminantAnalysis,maxabs,undersample,on,0.4247226848672728,0.0413025337266743,28,0.3834201511405985,0.1555423126149274,0.09724588584097285
IMPUTED,config_kfold,LogisticRegression,robust,smote,on,0.4720759437970702,0.08879458129854523,6720,0.38328136249852496,0.5480555266934164,0.1880938490200108
IMPUTED,config_strat80,LogisticRegression,standard,smote,off,0.5546033166541978,0.17239485523492232,480,0.3822084614192755,0.7952112374933145,0.3108435345734016
STRICT,config_kfold,SVC,none,undersample,off,0.44204391783497576,0.06090622697878092,450,0.38113769085619487,0.35314864052015127,0.1377832032551989
IMPUTED,config_loo,GaussianNB,none,undersample,off,0.38113410784747853,0.0,3,0.38113410784747853,0.0,0.0
STRICT,config_loo,RandomForestClassifier,maxabs,none,off,0.41781578738199265,0.038313708916778925,87,0.3795020784652137,0.19939348958739422,0.09170000290522817
IMPUTED,config_kfold,RandomForestClassifier,none,undersample,off,0.4210585129265732,0.04180244071899007,4032,0.3792560722075831,0.2498394445111139,0.09927940995288662
IMPUTED,config_strat80,LogisticRegression,standard,smote,on,0.5439172489954774,0.1647580949126942,3360,0.3791591540827832,0.7952112374933145,0.30291022249611377
IMPUTED,config_loo,GaussianNB,standard,undersample,on,0.40102755421777747,0.02196207602076022,39,0.37906547819701725,0.07901942391850258,0.05476450630330938
STRICT,config_kfold,RandomForestClassifier,robust,undersample,off,0.4238541035129006,0.04498998587110599,5184,0.3788641176417946,0.28624706381549686,0.1061449812523442
IMPUTED,config_kfold,RandomForestClassifier,standard,undersample,off,0.42030834451445326,0.04149625375814697,4032,0.3788120907563063,0.24735261488350674,0.09872812257887502
IMPUTED,config_kfold,RandomForestClassifier,robust,undersample,off,0.42063320273172644,0.041870187117927817,4032,0.3787630156137986,0.26011097805793476,0.09954085137837299
STRICT,config_kfold,RandomForestClassifier,standard,undersample,off,0.42376901269627454,0.0451164880045742,5184,0.37865252469170035,0.2692119352661978,0.10646481137805673
STRICT,config_kfold,RandomForestClassifier,none,undersample,off,0.4236293225641388,0.045023687066074625,5184,0.3786056354980642,0.28624706381549686,0.10628085608794914
IMPUTED,config_kfold,RandomForestClassifier,standard,smote,off,0.42471461812614614,0.04621630829746028,8064,0.3784983098286859,0.29997572156913244,0.10881732421023803
STRICT,config_kfold,RandomForestClassifier,maxabs,undersample,off,0.42335776084473126,0.044983634848519576,5184,0.3783741259962117,0.29674517399811756,0.10625442358435368
IMPUTED,config_kfold,RandomForestClassifier,maxabs,undersample,off,0.41999595140249807,0.041715047897571765,4032,0.3782809035049263,0.24735261488350674,0.09932250003427925
IMPUTED,config_loo,LogisticRegression,none,undersample,off,0.39415055124093534,0.01604929859652476,24,0.3781012526444106,0.04564669976590052,0.04071870138452296
IMPUTED,config_kfold,GaussianNB,maxabs,none,off,0.41307098729379876,0.03536676662760863,84,0.37770422066619014,0.1291544253441978,0.0856191011121627
IMPUTED,config_kfold,GaussianNB,robust,none,off,0.41307098729379876,0.03536676662760863,84,0.37770422066619014,0.1291544253441978,0.0856191011121627
IMPUTED,config_kfold,GaussianNB,standard,none,off,0.41307098729379876,0.03536676662760863,84,0.37770422066619014,0.1291544253441978,0.0856191011121627
IMPUTED,config_kfold,GaussianNB,none,none,off,0.41307098729379876,0.03536676662760863,84,0.37770422066619014,0.1291544253441978,0.0856191011121627
STRICT,config_loo,RandomForestClassifier,robust,none,off,0.4179382892527531,0.04074625998136546,58,0.3771920292713877,0.17712277950937833,0.09749348415580004
IMPUTED,config_kfold,LinearDiscriminantAnalysis,maxabs,smoteenn,off,0.41443381783622524,0.037300886997731944,160,0.3771329308384933,0.1657889285402857,0.09000444797792154
STRICT,config_loo,QuadraticDiscriminantAnalysis,robust,undersample,off,0.39471747722949196,0.0177897654939014,12,0.3769277117355906,0.04833659372192489,0.04506961692896686
STRICT,config_loo,RandomForestClassifier,standard,none,off,0.41830934346243365,0.04147367609817393,57,0.3768356673642597,0.17449590847515373,0.09914594724298449
STRICT,config_loo,LinearDiscriminantAnalysis,maxabs,smoteenn,off,0.3993033931220429,0.022522418338487282,8,0.3767809747835556,0.04913525953219283,0.05640427486075367
STRICT,config_random80,LinearDiscriminantAnalysis,standard,none,off,0.4925396194250773,0.11609670921087965,20,0.3764429102141976,0.4629807424218899,0.23571039695526405
STRICT,config_random80,LinearDiscriminantAnalysis,robust,none,off,0.4925396194250773,0.11609670921087965,20,0.3764429102141976,0.4629807424218899,0.23571039695526405
STRICT,config_random80,LinearDiscriminantAnalysis,none,none,off,0.4925396194250773,0.11609670921087965,20,0.3764429102141976,0.4629807424218899,0.23571039695526405
STRICT,config_random80,LinearDiscriminantAnalysis,maxabs,none,off,0.4925396194250773,0.11609670921087965,20,0.3764429102141976,0.4629807424218899,0.23571039695526405
IMPUTED,config_kfold,LinearDiscriminantAnalysis,robust,smote,on,0.46567173033887393,0.0897671880828155,1120,0.3759045422560584,0.5034738769311261,0.19276924544569418
IMPUTED,config_kfold,LinearDiscriminantAnalysis,standard,smoteenn,off,0.4148202350845424,0.03892325035031991,160,0.3758969847342225,0.1639640847815334,0.09383160959442387
IMPUTED,config_loo,LogisticRegression,robust,smote,on,0.45962819850485015,0.08400631454568255,336,0.3756218839591676,0.32396355956088596,0.18277014947940817
STRICT,config_loo,LinearDiscriminantAnalysis,standard,smoteenn,off,0.411780222908402,0.03653719461899298,8,0.37524302828940903,0.09624917923611381,0.08872984321813934
IMPUTED,config_strat80,LinearDiscriminantAnalysis,maxabs,smote,off,0.5534500711516629,0.1783224025237573,80,0.3751276686279056,0.7497620761540444,0.3222014266845966
STRICT,config_loo,SVC,robust,undersample,off,0.41209458330075516,0.037100730418897145,20,0.374993852881858,0.11785156838087679,0.09002964834366742
IMPUTED,config_loo,LogisticRegression,maxabs,smote,on,0.4573221923366454,0.08237502426756703,336,0.37494716806907835,0.4024588572550488,0.180124703432124
STRICT,config_loo,RandomForestClassifier,none,none,off,0.41850400612037286,0.04386076624345449,57,0.3746432398769184,0.19939348958739422,0.10480369507105498
IMPUTED,config_kfold,LogisticRegression,robust,undersample,on,0.4584751781827906,0.08416616173513325,3360,0.37430901644765735,0.5188269044066666,0.1835784481697215
IMPUTED,config_kfold,RandomForestClassifier,robust,smote,off,0.4204955111316116,0.04758392732931884,8064,0.3729115838022928,0.29918796081640897,0.11316155837493701
IMPUTED,config_strat80,LogisticRegression,standard,undersample,on,0.5227404727270991,0.15005945744553723,1680,0.3726810152815619,0.7964788348674466,0.2870630174524041
IMPUTED,config_loo,SVC,robust,none,off,0.40720107875160705,0.03457107755379319,9,0.37263000119781386,0.08583993551217522,0.08489927791886223
IMPUTED,config_kfold,RandomForestClassifier,maxabs,smote,off,0.42011861323588773,0.04752668319701912,8064,0.3725919300388686,0.31554740232121853,0.11312682109215165
STRICT,config_loo,GaussianNB,standard,smote,on,0.41434565718525634,0.0420454603607967,74,0.37230019682445964,0.11560490081776104,0.10147435994966379
STRICT,config_loo,QuadraticDiscriminantAnalysis,standard,undersample,on,0.40265745986185875,0.030938168006739805,84,0.3717192918551189,0.12124515451152351,0.0768349554913347
STRICT,config_loo,QuadraticDiscriminantAnalysis,standard,undersample,off,0.3965528369093141,0.02501389924982295,12,0.37153893765949114,0.059172811533181935,0.06307835153766223
IMPUTED,config_loo,LogisticRegression,robust,smoteenn,on,0.4349315235771994,0.06397825873087712,336,0.3709532648463223,0.30077280937967377,0.14709961284174686
IMPUTED,config_loo,SVC,standard,none,off,0.41127497885486,0.04044239886865629,6,0.37083257998620367,0.10867388723633681,0.0983342069125205
IMPUTED,config_strat80,LinearDiscriminantAnalysis,standard,undersample,on,0.5216701196271125,0.15107405358858772,280,0.3705960660385248,0.8074447161548608,0.2895969079014431
IMPUTED,config_strat80,LogisticRegression,robust,undersample,off,0.522634455527934,0.1520475651420268,240,0.3705868903859072,0.7316928648127756,0.2909252605407301
IMPUTED,config_loo,LinearDiscriminantAnalysis,robust,smote,on,0.4612592387581143,0.09104623535315097,56,0.3702130034049633,0.34619180938232896,0.19738625853496644
IMPUTED,config_loo,RandomForestClassifier,maxabs,smote,off,0.4096740940859421,0.04057838128497419,229,0.36909571280096787,0.19027447889256377,0.09905039608499529
IMPUTED,config_strat80,LinearDiscriminantAnalysis,standard,smote,on,0.5403239611524084,0.17174571030309754,560,0.3685782508493109,0.7952112374933145,0.31785692038679264
STRICT,config_loo,GaussianNB,standard,smoteenn,on,0.40559090714229284,0.03702604699610568,78,0.36856486014618717,0.1330048628861633,0.09128914466298892
IMPUTED,config_random80,LogisticRegression,standard,undersample,on,0.4955513002439524,0.1271030563368609,1680,0.3684482439070915,0.7426904370320626,0.25648819057540556
IMPUTED,config_loo,RandomForestClassifier,robust,none,off,0.40660635206917617,0.03820547375753801,87,0.36840087831163815,0.15258405270865627,0.09396182219759835
IMPUTED,config_kfold,LinearDiscriminantAnalysis,robust,smoteenn,off,0.40800463228928424,0.04002018904385887,160,0.36798444324542534,0.1776670373300308,0.09808758498477949
STRICT,config_kfold,GaussianNB,standard,smote,on,0.42717986374780276,0.05926201201690807,3024,0.3679178517308947,0.34895827866342444,0.13872847726711904
IMPUTED,config_loo,QuadraticDiscriminantAnalysis,maxabs,none,off,0.3675836718454874,0.0,2,0.3675836718454874,0.0,0.0
IMPUTED,config_loo,SVC,maxabs,smoteenn,off,0.4357366070517503,0.06828858338144415,35,0.36744802367030616,0.23016502415807977,0.15671986763630774
IMPUTED,config_strat80,LogisticRegression,robust,none,off,0.5224685003558674,0.15549585703003999,120,0.36697264332582746,0.7952112374933145,0.29761766867117834
STRICT,config_kfold,RandomForestClassifier,maxabs,none,off,0.41832984545359153,0.051569107460665925,2592,0.36676073799292563,0.3629135065269434,0.1232737946410445
IMPUTED,config_loo,RandomForestClassifier,robust,smote,off,0.40974465825211726,0.04304420165346038,230,0.36670045659865685,0.2069144251998381,0.10505128202787976
IMPUTED,config_loo,GaussianNB,standard,smote,on,0.4010199798111311,0.0345120758448286,66,0.3665079039663025,0.14365666218965079,0.08606073907111261
IMPUTED,config_kfold,SVC,robust,smote,on,0.45991769651250985,0.09341303623031894,5592,0.3665046602821909,0.5445837275394623,0.20310815813058866
IMPUTED,config_loo,RandomForestClassifier,maxabs,none,off,0.4053613275063429,0.03908008960042077,29,0.36628123790592215,0.15175101548876246,0.09640803635815323
IMPUTED,config_loo,SVC,robust,smote,on,0.4502810137745749,0.08402903920305195,229,0.366251974571523,0.3992276763694773,0.18661466202774335
STRICT,config_kfold,RandomForestClassifier,standard,none,off,0.4192301535683932,0.05300139331541284,2592,0.36622876025298035,0.3800981600721189,0.12642552751579733
STRICT,config_kfold,RandomForestClassifier,none,none,off,0.41917567461079824,0.053037528062540765,2592,0.3661381465482575,0.3800981600721189,0.1265281629516926
IMPUTED,config_loo,QuadraticDiscriminantAnalysis,none,none,off,0.3812344735998616,0.01514687853655084,6,0.3660875950633108,0.032601656039511095,0.03973113552277749
IMPUTED,config_strat80,LogisticRegression,none,undersample,off,0.5085263904947632,0.14245863122741165,240,0.3660677592673516,0.5805197129906299,0.2801400947722863
STRICT,config_loo,GaussianNB,robust,none,off,0.3658714928077655,0.0,3,0.3658714928077655,0.0,0.0
STRICT,config_loo,GaussianNB,standard,none,off,0.3658714928077655,0.0,6,0.3658714928077655,0.0,0.0
STRICT,config_loo,GaussianNB,none,none,off,0.3658714928077655,0.0,4,0.3658714928077655,0.0,0.0
IMPUTED,config_loo,RandomForestClassifier,standard,none,off,0.40141571999944936,0.03583728239844525,29,0.3655784376010041,0.15175101548876246,0.08927722710633855
IMPUTED,config_strat80,SVC,none,smote,off,0.5385875847465392,0.1730136750808283,480,0.3655739096657109,0.7952112374933145,0.321235914047757
STRICT,config_strat80,SVC,none,smoteenn,off,0.4976687572026481,0.13209856196711703,480,0.365570195235531,0.5965531967545181,0.26543470944334807
IMPUTED,config_loo,RandomForestClassifier,none,smoteenn,off,0.39907959632003925,0.033600760762711575,230,0.3654788355573277,0.17601976959795312,0.08419563684174339
IMPUTED,config_loo,RandomForestClassifier,none,none,off,0.40343904503681477,0.038073049003414586,87,0.3653659960334002,0.15258405270865627,0.0943712550180668
STRICT,config_kfold,GaussianNB,standard,none,off,0.39854351428915136,0.03319788015617616,108,0.3653456341329752,0.1179386906022934,0.0832980062801635
STRICT,config_kfold,GaussianNB,maxabs,none,off,0.39854351428915136,0.03319788015617616,108,0.3653456341329752,0.1179386906022934,0.0832980062801635
STRICT,config_kfold,GaussianNB,none,none,off,0.39854351428915136,0.03319788015617616,108,0.3653456341329752,0.1179386906022934,0.0832980062801635
STRICT,config_kfold,GaussianNB,robust,none,off,0.39854351428915136,0.03319788015617616,108,0.3653456341329752,0.1179386906022934,0.0832980062801635
STRICT,config_kfold,RandomForestClassifier,robust,none,off,0.41810439242017855,0.05284576924304103,2592,0.36525862317713753,0.3629135065269434,0.1263937193702885
STRICT,config_loo,KNeighborsClassifier,none,undersample,off,0.4102080474718833,0.045080281266379314,64,0.36512776620550397,0.14571998676438408,0.1098961406150113
IMPUTED,config_loo,LinearDiscriminantAnalysis,none,undersample,off,0.3885154105418397,0.02354302872803025,4,0.3649723818138094,0.0407777219210021,0.06059741284186428
IMPUTED,config_loo,LinearDiscriminantAnalysis,standard,undersample,off,0.3885154105418397,0.02354302872803025,4,0.3649723818138094,0.0407777219210021,0.06059741284186428
IMPUTED,config_loo,LinearDiscriminantAnalysis,robust,undersample,off,0.3885154105418397,0.02354302872803025,4,0.3649723818138094,0.0407777219210021,0.06059741284186428
IMPUTED,config_loo,LinearDiscriminantAnalysis,maxabs,undersample,off,0.3885154105418397,0.02354302872803025,4,0.3649723818138094,0.0407777219210021,0.06059741284186428
STRICT,config_random80,LogisticRegression,none,none,off,0.4909944281325463,0.12617806101080206,120,0.36481636712174426,0.6159554812332395,0.25698471058156225
IMPUTED,config_loo,SVC,robust,smoteenn,on,0.4280527110124429,0.06326082085099091,229,0.36479189016145197,0.2970363677066012,0.1477874551976661
IMPUTED,config_random80,LogisticRegression,standard,smote,on,0.5038366044509932,0.13946338080679171,3360,0.3643732236442015,0.7426904370320626,0.2768027959357148
IMPUTED,config_strat80,LogisticRegression,standard,undersample,off,0.5167795132853895,0.15249524693655483,240,0.3642842663488347,0.7316928648127756,0.29508763992418546
IMPUTED,config_kfold,GaussianNB,standard,undersample,on,0.41638646754061676,0.05241626486944749,1176,0.36397020267116925,0.2533379835463109,0.12588368968627567
IMPUTED,config_kfold,LogisticRegression,robust,smoteenn,on,0.44550533657388175,0.08186251403060389,6720,0.36364282254327784,0.5187296583667502,0.18375203911171997
IMPUTED,config_loo,SVC,none,undersample,off,0.39217716737198616,0.028552522709397073,15,0.3636246446625891,0.0830947233073645,0.07280516329068837
IMPUTED,config_kfold,RandomForestClassifier,none,smote,off,0.4123886476962993,0.04878293321463463,8064,0.3636057144816647,0.3270799359795148,0.11829358903827168
STRICT,config_loo,GaussianNB,none,smoteenn,off,0.36380883601179875,0.0003961084210120531,8,0.3634127275907867,0.0007653541814965359,0.0010887817496527403
IMPUTED,config_strat80,LinearDiscriminantAnalysis,none,smote,off,0.5410012401698248,0.17768246614597405,80,0.3633187740238507,0.7952112374933145,0.3284326410974549
IMPUTED,config_strat80,SVC,standard,undersample,on,0.5267564589464829,0.1636125023246274,1680,0.3631439566218555,0.7952112374933145,0.3106036946406954
IMPUTED,config_strat80,LinearDiscriminantAnalysis,standard,smote,off,0.550008733989548,0.18729898188696698,80,0.362709752102581,0.7497620761540444,0.340538195690773
STRICT,config_loo,RandomForestClassifier,none,undersample,off,0.3885218221998985,0.02610649054946292,144,0.3624153316504356,0.11442004743316508,0.06719439953627845
STRICT,config_loo,RandomForestClassifier,standard,undersample,off,0.3865101217250283,0.02421425527302092,145,0.3622958664520074,0.09904737065185198,0.06264843767855442
STRICT,config_loo,RandomForestClassifier,robust,undersample,off,0.3880865259031858,0.02620465301510596,116,0.3618818728880799,0.11442004743316508,0.06752270760784701
STRICT,config_loo,GaussianNB,maxabs,smoteenn,off,0.39181822196853766,0.030143571372544347,13,0.3616746505959933,0.07364218663578953,0.07693254086320882
IMPUTED,config_strat80,LinearDiscriminantAnalysis,standard,undersample,off,0.5049628739650528,0.14345398215547478,40,0.361508891809578,0.48224622551857227,0.28408817667930747
IMPUTED,config_strat80,LinearDiscriminantAnalysis,robust,undersample,off,0.5049628739650528,0.14345398215547478,40,0.361508891809578,0.48224622551857227,0.28408817667930747
IMPUTED,config_strat80,LinearDiscriminantAnalysis,none,undersample,off,0.5049628739650528,0.14345398215547478,40,0.361508891809578,0.48224622551857227,0.28408817667930747
IMPUTED,config_strat80,LinearDiscriminantAnalysis,maxabs,undersample,off,0.5049628739650528,0.14345398215547478,40,0.361508891809578,0.48224622551857227,0.28408817667930747
IMPUTED,config_strat80,LogisticRegression,standard,none,off,0.5256916306793259,0.16502994200929738,120,0.3606616886700285,0.8381002522309358,0.3139291789675958
STRICT,config_kfold,LinearDiscriminantAnalysis,standard,none,on,0.43719365077264355,0.07653889640676444,280,0.3606547543658791,0.35058704392891327,0.1750686366819344
STRICT,config_kfold,LogisticRegression,robust,smote,on,0.46908516617684526,0.1088812831602393,6720,0.36020388301660594,0.5754448488989542,0.23211410424176795
IMPUTED,config_kfold,SVC,robust,smoteenn,on,0.4434403859191938,0.08341022792727161,5590,0.36003015799192223,0.5038292318516177,0.18809795087647044
STRICT,config_loo,RandomForestClassifier,maxabs,undersample,off,0.38583746493343896,0.026409885794232618,116,0.3594275791392063,0.11442004743316508,0.06844821510215086
IMPUTED,config_loo,LogisticRegression,maxabs,smote,off,0.4405214245071316,0.08119270504331048,48,0.3593287194638211,0.3532903371907141,0.18431045694122886
STRICT,config_kfold,LogisticRegression,robust,undersample,on,0.4641345129183381,0.1048229758139573,3360,0.3593115371043808,0.5524551803656398,0.22584611334947272
STRICT,config_loo,KNeighborsClassifier,maxabs,undersample,on,0.4063733289191863,0.047322752431160124,447,0.3590505764880262,0.2561278375010422,0.11645142302282095
IMPUTED,config_kfold,LinearDiscriminantAnalysis,robust,undersample,on,0.4468670522795882,0.08819486114653326,560,0.35867219113305493,0.48084920058313896,0.19736263995438402
IMPUTED,config_random80,LogisticRegression,none,smote,off,0.49050900677852194,0.13199856889164285,480,0.3585104378868791,0.5998776849051475,0.26910529076430145
IMPUTED,config_loo,LinearDiscriminantAnalysis,robust,smoteenn,on,0.4259805914563792,0.06765862951337936,56,0.3583219619429998,0.32831952920108115,0.15883031027789837
IMPUTED,config_kfold,LinearDiscriminantAnalysis,standard,none,on,0.42578067649345097,0.06748146863457417,280,0.3582992078588768,0.3013303932059892,0.1584888003615451
STRICT,config_loo,KNeighborsClassifier,none,smote,off,0.3921722788563507,0.03446187195191699,128,0.35771040690443373,0.1526290428153143,0.08787431904267785
IMPUTED,config_strat80,SVC,standard,smoteenn,on,0.5175944338511156,0.15993097386739788,3360,0.35766345998371774,0.9513526670073758,0.30898897555262644
IMPUTED,config_loo,LinearDiscriminantAnalysis,standard,none,on,0.4197580376662181,0.06213945794235793,14,0.3576185797238602,0.17800481749296782,0.14803637421177815
IMPUTED,config_strat80,LinearDiscriminantAnalysis,maxabs,smote,on,0.525193788809191,0.16767120979494876,560,0.3575225790142422,0.8381002522309358,0.319255888717042
IMPUTED,config_loo,KNeighborsClassifier,none,smoteenn,off,0.38868319133282625,0.03135474050617128,128,0.357328450826655,0.15197815608426518,0.0806691444480872
STRICT,config_loo,LogisticRegression,maxabs,undersample,off,0.4211950357226621,0.06426713658691685,22,0.35692789913574524,0.16805965230565262,0.15258284437434314
IMPUTED,config_strat80,LinearDiscriminantAnalysis,maxabs,undersample,on,0.503752858758714,0.14684744197373173,280,0.3569054167849823,0.7127912962720082,0.2915069153861979
STRICT,config_kfold,QuadraticDiscriminantAnalysis,standard,undersample,on,0.4131687119535326,0.056503805933571856,1680,0.35666490601996076,0.3481050677992432,0.1367572236203757
IMPUTED,config_kfold,RandomForestClassifier,robust,none,off,0.40933305721858604,0.05284330024761224,2016,0.3564897569709738,0.3366984225749989,0.1290960974583434
IMPUTED,config_loo,GaussianNB,maxabs,undersample,on,0.4083809082367725,0.05213595813468487,33,0.3562449501020876,0.15016449982729102,0.12766502322497728
IMPUTED,config_loo,GaussianNB,none,smoteenn,off,0.3879195551589684,0.03176701030670507,9,0.35615254485226333,0.06353402061341012,0.0818907164751904
STRICT,config_loo,SVC,none,none,off,0.4070894692512272,0.0509505133902891,9,0.3561389558609381,0.1629038080257717,0.12515802357649788
IMPUTED,config_kfold,RandomForestClassifier,none,none,off,0.40917086373621553,0.05318153425184233,2016,0.35598932948437323,0.3366984225749989,0.12997390323991256
IMPUTED,config_kfold,RandomForestClassifier,maxabs,none,off,0.4084752920159341,0.052529686662284615,2016,0.35594560535364944,0.33035610823061984,0.12859942250860917
STRICT,config_loo,SVC,maxabs,smoteenn,off,0.4269097575202999,0.07104142122597272,34,0.3558683362943272,0.2764436396798639,0.16640852071083112
IMPUTED,config_loo,RandomForestClassifier,maxabs,smoteenn,off,0.38184657533741484,0.02604385413641187,232,0.355802721201003,0.1448921137621053,0.0682050221699605
STRICT,config_kfold,KNeighborsClassifier,none,undersample,off,0.4066969979943931,0.05092644679662232,1280,0.35577055119777073,0.273073699338234,0.12521962799765837
IMPUTED,config_kfold,RandomForestClassifier,standard,none,off,0.4085005878195551,0.05283386375615612,2016,0.355666724063399,0.3366984225749989,0.12933607767412603
IMPUTED,config_strat80,LogisticRegression,standard,none,on,0.510882564213638,0.15545442498230339,840,0.3554281392313346,0.8381002522309358,0.3042860255401011
IMPUTED,config_kfold,SVC,robust,undersample,on,0.45122276690468494,0.09580027699348212,2796,0.35542248991120284,0.5396465444670746,0.21231259595045812
STRICT,config_loo,LogisticRegression,maxabs,smote,on,0.4553752290247414,0.09998946318319844,336,0.35538576584154297,0.4381491748953343,0.2195759822011878
STRICT,config_kfold,KNeighborsClassifier,none,smote,off,0.39906927170745105,0.04368685050522272,2560,0.35538242120222835,0.26947360967995465,0.10947184762761837
STRICT,config_loo,GaussianNB,standard,undersample,on,0.3869758689423324,0.031992200613222326,38,0.35498366832911005,0.07859397217309572,0.08267234001092157
STRICT,config_kfold,KNeighborsClassifier,none,none,off,0.396209290418585,0.04200050740842897,640,0.354208783010156,0.2612671166316898,0.1060058621140774
IMPUTED,config_random80,LinearDiscriminantAnalysis,maxabs,undersample,on,0.4946360855936095,0.14045299857815058,280,0.3541830870154589,0.6230500143524703,0.28395218761606095
IMPUTED,config_random80,LogisticRegression,standard,smote,off,0.48667264158313217,0.13273772288769106,480,0.35393491869544114,0.5679476477883045,0.2727453971028637
STRICT,config_kfold,LinearDiscriminantAnalysis,robust,smote,on,0.46208803937739235,0.10819345177364584,1120,0.3538945876037465,0.5496932081549752,0.23414034243219844
STRICT,config_loo,KNeighborsClassifier,none,smoteenn,off,0.38529500450551313,0.03188288688401282,128,0.3534121176215003,0.1384147672624747,0.08274928693905922
IMPUTED,config_strat80,LinearDiscriminantAnalysis,robust,smote,off,0.5333872702210154,0.18005742988090712,80,0.3533298403401083,0.7497620761540444,0.3375735416525748
IMPUTED,config_loo,GaussianNB,robust,smoteenn,off,0.3826595704819258,0.029335581965193282,12,0.3533239885167325,0.06879743413064787,0.07666235010991028
IMPUTED,config_strat80,SVC,standard,undersample,off,0.5224225017277089,0.16935231446164714,240,0.35307018726606176,0.7316928648127756,0.3241673432931781
STRICT,config_kfold,RandomForestClassifier,maxabs,smoteenn,off,0.4014463051082065,0.04853925398421418,10368,0.35290705112399234,0.310020034495912,0.12091094965024234
STRICT,config_loo,GaussianNB,robust,none,on,0.3833912314891721,0.031362219592765764,25,0.35202901189640634,0.09352339153166311,0.08180213060937339
STRICT,config_kfold,GaussianNB,standard,smoteenn,off,0.3885448059202038,0.036663201140152965,432,0.3518816047800508,0.21377701640208435,0.09436029148124182
IMPUTED,config_random80,LinearDiscriminantAnalysis,none,smote,off,0.4902910134337257,0.13875398862164764,80,0.35153702481207805,0.5343979645398477,0.28300332826802566
STRICT,config_loo,LinearDiscriminantAnalysis,standard,none,on,0.4474463758414224,0.0964920369270595,14,0.3509543389143629,0.27568655614722715,0.21565050503673505
IMPUTED,config_random80,LogisticRegression,standard,smoteenn,off,0.47592123686992444,0.12501880894626044,480,0.350902427923664,0.6661819914246894,0.2626880232714426
IMPUTED,config_strat80,SVC,robust,undersample,off,0.525540526430951,0.17479460713495146,240,0.3507459192959995,0.7952112374933145,0.3325996728016696
IMPUTED,config_loo,QuadraticDiscriminantAnalysis,standard,none,off,0.38657947867012205,0.03598027654248868,6,0.35059920212763335,0.0734192036841404,0.09307342610700645
IMPUTED,config_loo,GaussianNB,maxabs,smote,on,0.3905501136710149,0.040026106975369964,69,0.35052400669564493,0.14144734038437873,0.10248648143804277
IMPUTED,config_random80,LogisticRegression,standard,smoteenn,on,0.48553964873555056,0.1353332019610758,3360,0.35020644677447477,0.8127052605304769,0.27872739602937163
STRICT,config_kfold,KNeighborsClassifier,maxabs,undersample,off,0.4046767633250278,0.054517987245872424,1280,0.35015877607915535,0.30878113398091706,0.1347198361426172
STRICT,config_loo,GaussianNB,maxabs,undersample,on,0.37896717382402995,0.02884005804299439,45,0.35012711578103556,0.09112978001785038,0.07610173132405926
STRICT,config_kfold,LogisticRegression,robust,smoteenn,on,0.45755410304690625,0.10750489533667931,6720,0.35004920771022696,0.6132295609245417,0.23495559240053068
IMPUTED,config_strat80,LogisticRegression,robust,smote,on,0.5216424435047916,0.17161922467206062,3360,0.350023218832731,1.0907067198633775,0.32899781604999745
STRICT,config_strat80,LinearDiscriminantAnalysis,maxabs,none,off,0.48156992315065705,0.13162159256986405,20,0.349948330580793,0.46432179230369025,0.2733177182427292
STRICT,config_strat80,LinearDiscriminantAnalysis,none,none,off,0.48156992315065705,0.13162159256986405,20,0.349948330580793,0.46432179230369025,0.2733177182427292
STRICT,config_strat80,LinearDiscriminantAnalysis,robust,none,off,0.48156992315065705,0.13162159256986405,20,0.349948330580793,0.46432179230369025,0.2733177182427292
STRICT,config_strat80,LinearDiscriminantAnalysis,standard,none,off,0.48156992315065705,0.13162159256986405,20,0.349948330580793,0.46432179230369025,0.2733177182427292
STRICT,config_kfold,KNeighborsClassifier,maxabs,undersample,on,0.4059908254870443,0.0560898794296162,8960,0.3499009460574281,0.3656038039534655,0.13815553433338879
STRICT,config_kfold,GaussianNB,none,smoteenn,off,0.3971258341410388,0.04738156152666026,432,0.34974427261437857,0.2177796538491466,0.11931120429156657
IMPUTED,config_kfold,GaussianNB,none,smoteenn,off,0.39520217448794365,0.04594527963471219,336,0.34925689485323147,0.2333730379023483,0.11625765899249584
STRICT,config_loo,KNeighborsClassifier,none,none,off,0.3705686899425357,0.02164160807253537,32,0.3489270818700004,0.06804066988441054,0.05840107019265806
STRICT,config_kfold,GaussianNB,maxabs,undersample,on,0.40788307877305896,0.05901719732278489,1512,0.3488658814502741,0.3279076285047897,0.1446914579058116
IMPUTED,config_kfold,GaussianNB,standard,smote,on,0.39731163661372626,0.04881979096981489,2352,0.3484918456439114,0.27721491568768486,0.12287531114342466
STRICT,config_kfold,KNeighborsClassifier,none,smoteenn,off,0.3885309246743615,0.04126533841643466,2560,0.34726558625792686,0.255686867052214,0.10620863307346844
STRICT,config_kfold,RandomForestClassifier,robust,smoteenn,off,0.3984260368321964,0.05155247355445581,10368,0.3468735632777406,0.3336347072767426,0.12939032289239663
STRICT,config_loo,QuadraticDiscriminantAnalysis,maxabs,undersample,off,0.42328041656927623,0.07653436769794392,10,0.3467460488713323,0.2026003603450428,0.1808124465531892
IMPUTED,config_random80,SVC,standard,smote,off,0.48284061286861424,0.13610416914805268,480,0.34673644372056156,0.6049971542412254,0.2818821895271846
STRICT,config_loo,LogisticRegression,robust,smote,on,0.45436030575027964,0.10784513687520307,336,0.34651516887507655,0.45324457867296253,0.23735598270874414
STRICT,config_kfold,LinearDiscriminantAnalysis,robust,undersample,on,0.450061301610501,0.10384426793416038,560,0.3462170336763406,0.5108368120289564,0.23073360798309847
IMPUTED,config_random80,LogisticRegression,robust,smote,off,0.48745765259910784,0.14134046712594844,480,0.3461171854731594,0.635328316040989,0.2899543506442576
IMPUTED,config_loo,GaussianNB,standard,smote,off,0.3603865868768441,0.014285329874401339,9,0.34610125700244276,0.028570659748802685,0.039638905538077376
IMPUTED,config_kfold,LinearDiscriminantAnalysis,robust,smoteenn,on,0.422250925865963,0.07658359943638052,1120,0.34566732642958253,0.41498657502659464,0.18136987924732412
IMPUTED,config_loo,KNeighborsClassifier,maxabs,undersample,on,0.39136379928158455,0.04649751363717373,448,0.3448662856444108,0.2578871242275626,0.11880892847659363
IMPUTED,config_kfold,GaussianNB,robust,smoteenn,off,0.38704543896496285,0.042354680081439576,336,0.3446907588835233,0.18921806081332326,0.1094307691487193
STRICT,config_kfold,SVC,standard,none,off,0.4013681954590551,0.0567453684091338,225,0.3446228270499213,0.3140192079064294,0.1413798329093631
STRICT,config_kfold,SVC,robust,smote,on,0.4577847400319889,0.11332858454517646,6300,0.3444561554868124,0.5977861426633979,0.24755867689529654
STRICT,config_kfold,SVC,robust,none,off,0.40121154791955393,0.05686788201776865,225,0.3443436659017853,0.29680467206250805,0.14174039185225823
STRICT,config_kfold,GaussianNB,robust,smoteenn,off,0.3893357624371731,0.045255726482663954,432,0.34408003595450914,0.20936553157827476,0.11623829827337488
IMPUTED,config_strat80,LogisticRegression,none,smoteenn,off,0.5048884432056985,0.1608262705816785,480,0.34406217262401995,0.7376637220876441,0.31853822907995477
IMPUTED,config_kfold,GaussianNB,standard,smote,off,0.38021037262893564,0.03621518051298729,336,0.34399519211594837,0.1641788723218447,0.09525037484532625
IMPUTED,config_strat80,LogisticRegression,standard,smoteenn,on,0.5099104619912755,0.16603640655530705,3360,0.3438740554359685,0.9513526670073758,0.3256187486464004
STRICT,config_loo,LinearDiscriminantAnalysis,robust,smote,on,0.45468712755588764,0.11087384007018966,56,0.34381328748569795,0.41109550493925895,0.24384644594224114
IMPUTED,config_strat80,GaussianNB,none,undersample,off,0.48437022478064234,0.1407387409273339,120,0.34363148385330844,0.5419559570823728,0.29056026511759786
IMPUTED,config_strat80,GaussianNB,robust,undersample,off,0.48437022478064234,0.14073874092733393,120,0.34363148385330844,0.5419559570823728,0.2905602651175979
IMPUTED,config_strat80,GaussianNB,maxabs,undersample,off,0.48437022478064234,0.14073874092733393,120,0.34363148385330844,0.5419559570823728,0.2905602651175979
IMPUTED,config_strat80,GaussianNB,standard,undersample,off,0.48437022478064234,0.14073874092733393,120,0.34363148385330844,0.5419559570823728,0.2905602651175979
IMPUTED,config_loo,KNeighborsClassifier,standard,undersample,off,0.38024324879172294,0.03672198711781941,64,0.3435212616739035,0.1509917815522544,0.09657498781242994
STRICT,config_kfold,GaussianNB,maxabs,smote,on,0.39066855754277663,0.04740328958999473,3024,0.3432652679527819,0.2551030481986526,0.12133889117709264
IMPUTED,config_loo,KNeighborsClassifier,none,smote,off,0.37741515919773533,0.0345999020358117,128,0.3428152571619236,0.1528117216536738,0.09167597324219859
IMPUTED,config_kfold,LogisticRegression,maxabs,smote,on,0.4543932087453906,0.11171628559025973,6720,0.3426769231551309,0.5635924172218048,0.24585817622300235
IMPUTED,config_kfold,GaussianNB,robust,smote,off,0.3741450982829588,0.03179707646595457,336,0.3423480218170042,0.13788508131626598,0.08498594960051313
IMPUTED,config_loo,GaussianNB,standard,smoteenn,on,0.3843284253829699,0.04198423622886088,63,0.342344189154109,0.1308184303279631,0.10924051789046062
IMPUTED,config_loo,LogisticRegression,maxabs,smoteenn,on,0.42325518806289836,0.08138666272675633,336,0.34186852533614204,0.3941560073914322,0.19228745452415286
IMPUTED,config_strat80,LinearDiscriminantAnalysis,maxabs,none,on,0.47057816608900793,0.12906178164870427,140,0.34151638444030363,0.589879154701719,0.2742621544075055
IMPUTED,config_random80,LinearDiscriminantAnalysis,standard,smote,on,0.49438618402409146,0.15321414708820133,560,0.34117203693589016,0.775112599131683,0.30990782517647214
IMPUTED,config_random80,SVC,standard,smoteenn,off,0.46053627819247644,0.1194092465004518,480,0.34112703169202463,0.494307412958433,0.25928304056547297
IMPUTED,config_kfold,KNeighborsClassifier,none,undersample,off,0.3961688503044426,0.055466136690280624,1278,0.340702713614162,0.32491992962844074,0.1400063045028824
STRICT,config_random80,SVC,none,smoteenn,off,0.4661129260142103,0.12541603068755738,456,0.3406968953266529,0.7528028654224417,0.2690679097016371
IMPUTED,config_strat80,LogisticRegression,robust,undersample,on,0.49998903529009103,0.15992601708183105,1680,0.34006301820826,0.9867386331640238,0.3198590484870189
IMPUTED,config_loo,GaussianNB,maxabs,smote,off,0.3451903381593385,0.005228315348725718,6,0.3399620228106128,0.0095455541808252,0.0151461810217653
IMPUTED,config_strat80,LinearDiscriminantAnalysis,standard,none,on,0.4833543782902676,0.14340788848659586,140,0.33994648980367176,0.7122992675137897,0.29669305778063204
IMPUTED,config_loo,SVC,maxabs,smoteenn,on,0.4189985278033943,0.07907830831833533,213,0.33992021948505896,0.48327338063665176,0.18873170923273758
IMPUTED,config_loo,KNeighborsClassifier,standard,undersample,on,0.3903900078964501,0.05055620352456018,448,0.3398338043718899,0.2607714258442703,0.12950178667987342
IMPUTED,config_strat80,SVC,robust,none,off,0.4713098361605708,0.13158504758247078,120,0.33972478857810007,0.5040400022851992,0.2791901154756316
STRICT,config_loo,RandomForestClassifier,none,smoteenn,off,0.3719980385015069,0.03241326756534906,259,0.33958477093615785,0.18785054409834967,0.08713289913010593
IMPUTED,config_kfold,GaussianNB,maxabs,smote,off,0.3713482062151058,0.03177207620318478,336,0.339576130011921,0.1499571435683822,0.08555871732090878
IMPUTED,config_kfold,GaussianNB,maxabs,undersample,on,0.39911182829134795,0.059861888306589825,1176,0.3392499399847581,0.2983770613204548,0.14998775797466768
STRICT,config_kfold,GaussianNB,standard,smoteenn,on,0.40004406525954334,0.06126469885999353,3024,0.3387793663995498,0.3408282175137005,0.153144876228187
STRICT,config_loo,SVC,none,smote,off,0.41220078913663943,0.0734387347889208,26,0.33876205434771867,0.3604783157912076,0.17816252837055285
STRICT,config_loo,RandomForestClassifier,robust,smoteenn,off,0.373768029240503,0.035121387791073856,258,0.33864664144942913,0.188560666635819,0.0939657355457623
IMPUTED,config_kfold,KNeighborsClassifier,none,smoteenn,off,0.3747346227050264,0.03618112471914442,2556,0.33855349798588197,0.2449105702449123,0.09655132599696963
IMPUTED,config_kfold,GaussianNB,standard,smoteenn,off,0.37787946148002644,0.03982848494085773,336,0.3380509765391687,0.16361245790761536,0.10539997274491443
STRICT,config_loo,LinearDiscriminantAnalysis,robust,undersample,on,0.43985583119545557,0.10190352551670939,28,0.3379523056787462,0.340677465362282,0.2316748313640686
IMPUTED,config_random80,LinearDiscriminantAnalysis,standard,undersample,on,0.4858477460494008,0.1479603465680774,280,0.3378873994813234,0.6831849953815691,0.3045405639342677
IMPUTED,config_kfold,QuadraticDiscriminantAnalysis,standard,undersample,on,0.39249584499956897,0.05466111148572537,1680,0.3378347335138436,0.3071170313431663,0.1392654525700403
IMPUTED,config_random80,SVC,robust,smote,off,0.49176488142244584,0.15403320823310673,480,0.3377316731893391,0.6586660049652415,0.3132253116317715
STRICT,config_random80,LogisticRegression,none,smote,off,0.4628929098351174,0.12526265181912044,480,0.33763025801599694,0.6338990593276472,0.27060827495443607
IMPUTED,config_kfold,KNeighborsClassifier,maxabs,undersample,on,0.3929010748801499,0.05544918567479527,8942,0.3374518892053546,0.3768815676570657,0.14112759984611756
IMPUTED,config_random80,SVC,none,smoteenn,off,0.4560469822884212,0.11865163891203458,480,0.33739534337638666,0.5769363496569724,0.2601741564359148
IMPUTED,config_random80,LogisticRegression,robust,undersample,off,0.4825021324813706,0.1452570885876186,240,0.337245043893752,0.6542892462426918,0.30104963026920295
STRICT,config_loo,SVC,maxabs,smoteenn,on,0.42491910769633995,0.08804459002311196,231,0.33687451767322796,0.5530561587585269,0.20720317921318637
IMPUTED,config_kfold,KNeighborsClassifier,maxabs,undersample,off,0.39274970087987604,0.05603434371092576,1278,0.3367153571689503,0.3577555115012547,0.14267189404700292
IMPUTED,config_random80,SVC,standard,smoteenn,on,0.4743577154955824,0.13774255423242213,3360,0.33661516126316027,0.8563488385776753,0.2903769660171257
IMPUTED,config_loo,KNeighborsClassifier,maxabs,undersample,off,0.3856760792295547,0.04913945228500328,64,0.33653662694455144,0.2038581908286196,0.12741120056801716
IMPUTED,config_kfold,GaussianNB,maxabs,smote,on,0.38513342437364684,0.04868133787931964,2352,0.3364520864943272,0.23672522677200608,0.12640122824574743
STRICT,config_kfold,RandomForestClassifier,none,smoteenn,off,0.3843058524609748,0.047942252196413994,10368,0.3363636002645608,0.330637298523614,0.1247502526683025
IMPUTED,config_strat80,LinearDiscriminantAnalysis,robust,smote,on,0.5120118830493534,0.17582776607125603,560,0.33618411697809736,0.9679591869358865,0.34340563547879177
IMPUTED,config_loo,KNeighborsClassifier,robust,undersample,off,0.3763548315943163,0.04036792828745947,64,0.3359869033068569,0.14019949480197563,0.10726028975489073
STRICT,config_loo,LogisticRegression,maxabs,smoteenn,on,0.4211035095480494,0.08518138186400037,334,0.33592212768404905,0.3990801521272814,0.20228133922564914
IMPUTED,config_strat80,SVC,standard,none,off,0.4694926871245008,0.13359914864482378,120,0.33589353847967707,0.5840552196658477,0.28456065942811104
STRICT,config_random80,LinearDiscriminantAnalysis,none,undersample,off,0.45510621551893593,0.11930569134620216,40,0.33580052417273376,0.4381910996090137,0.26214911437797783
STRICT,config_random80,LinearDiscriminantAnalysis,maxabs,undersample,off,0.45510621551893593,0.11930569134620218,40,0.33580052417273376,0.4381910996090137,0.2621491143779779
STRICT,config_random80,LinearDiscriminantAnalysis,robust,undersample,off,0.45510621551893593,0.11930569134620218,40,0.33580052417273376,0.4381910996090137,0.2621491143779779
STRICT,config_random80,LinearDiscriminantAnalysis,standard,undersample,off,0.45510621551893593,0.11930569134620218,40,0.33580052417273376,0.4381910996090137,0.2621491143779779
STRICT,config_loo,LogisticRegression,robust,undersample,on,0.44777269265110253,0.11199657944800301,168,0.3357761132030995,0.41490087208663984,0.25011927097409886
STRICT,config_loo,GaussianNB,maxabs,smote,on,0.37396201649986466,0.03822870360280729,71,0.3357333128970574,0.12981753588965317,0.10222616714021578
IMPUTED,config_loo,KNeighborsClassifier,none,none,off,0.36438082561844637,0.028694376975443886,32,0.33568644864300246,0.10488604612011881,0.07874831757884701
STRICT,config_loo,QuadraticDiscriminantAnalysis,standard,none,off,0.3704850448739247,0.03483009237896622,6,0.33565495249495847,0.07713506464751302,0.09401214127501106
STRICT,config_kfold,SVC,robust,smoteenn,on,0.4460655948211858,0.1107639548145306,6300,0.3353016400066552,0.6053008064833697,0.24831315416498892
IMPUTED,config_loo,GaussianNB,none,smote,off,0.3390367378609391,0.0039770068732441315,12,0.3350597309876949,0.009120189949811397,0.011730312468011534
STRICT,config_loo,LogisticRegression,robust,smoteenn,on,0.4477930133835249,0.11283197390954466,336,0.33496103947398026,0.40742735266640917,0.25197350234874377
STRICT,config_kfold,GaussianNB,robust,smote,off,0.366188667433024,0.03126778780700935,432,0.33492087962601463,0.14409358557563895,0.08538709847630181
IMPUTED,config_loo,GaussianNB,maxabs,smoteenn,off,0.3498302840184186,0.014950213891474808,9,0.33488007012694376,0.0299004277829496,0.042735619454511486
IMPUTED,config_loo,KNeighborsClassifier,maxabs,none,on,0.37941059197213484,0.04483139825604483,223,0.33457919371609,0.17408800168669297,0.11816063969910834
STRICT,config_loo,QuadraticDiscriminantAnalysis,standard,smote,on,0.3778314893079936,0.04325900353073262,168,0.33457248577726095,0.18821825287909927,0.1144928486769655
STRICT,config_kfold,KNeighborsClassifier,maxabs,none,on,0.3864294996520447,0.052126458731412854,4480,0.33430304092063184,0.34774036954899995,0.13489254515597135
IMPUTED,config_kfold,GaussianNB,maxabs,smoteenn,off,0.37667993438082015,0.042548258133829425,336,0.3341316762469907,0.19599344956793374,0.11295599858211057
STRICT,config_kfold,RandomForestClassifier,standard,smoteenn,off,0.3850794497917617,0.05095488340740054,10368,0.3341245663843611,0.3628893095959181,0.1323230399206067
STRICT,config_loo,KNeighborsClassifier,maxabs,undersample,off,0.3796701020536692,0.0455902519049725,64,0.3340798501486967,0.1786043888479365,0.12007859364846163
IMPUTED,config_random80,LogisticRegression,standard,undersample,off,0.4771662315848042,0.14312546851302108,240,0.3340407630717831,0.6542892462426918,0.2999488627635297
STRICT,config_kfold,GaussianNB,standard,smote,off,0.36476733552283813,0.031061001004332123,432,0.333706334518506,0.14409358557563895,0.08515291249917138
STRICT,config_loo,QuadraticDiscriminantAnalysis,none,none,off,0.3617818471799826,0.02878525899752568,6,0.3329965881824569,0.06430308262599,0.07956523861520703
STRICT,config_kfold,GaussianNB,maxabs,smote,off,0.3661672191364261,0.033264417217071865,432,0.33290280191935423,0.16504808996082232,0.09084488036783614
STRICT,config_loo,LogisticRegression,maxabs,smote,off,0.43407570580708166,0.10146547299759189,48,0.33261023280948976,0.40747796534072994,0.23375063759658246
STRICT,config_kfold,LogisticRegression,maxabs,smote,on,0.45419333883449786,0.12185265662699363,6720,0.33234068220750423,0.6278265669230888,0.26828367175018203
IMPUTED,config_random80,LogisticRegression,none,smoteenn,off,0.4590495781144898,0.1268157835359404,480,0.3322337945785494,0.5990836839452314,0.2762572706347456
IMPUTED,config_strat80,LinearDiscriminantAnalysis,robust,undersample,on,0.4937909448408612,0.1618800324131673,280,0.3319109124276939,0.8402100109516066,0.3278311076873594
STRICT,config_kfold,LinearDiscriminantAnalysis,robust,smoteenn,on,0.4327869548078484,0.10091874274204982,1120,0.3318682120657986,0.5632056959350916,0.2331834211288933
STRICT,config_kfold,KNeighborsClassifier,maxabs,none,off,0.37931284581700087,0.0474664735153094,640,0.33184637230169145,0.2685186804778066,0.12513805962218733
STRICT,config_kfold,SVC,robust,undersample,on,0.45246615871184703,0.12071612009020874,3150,0.3317500386216383,0.6467673049683607,0.2667959089667229
STRICT,config_kfold,KNeighborsClassifier,standard,undersample,on,0.39721531525702913,0.06550207516366026,8960,0.3317132400933689,0.4206638422070687,0.16490319644718465
IMPUTED,config_random80,SVC,none,smote,off,0.4742220385366023,0.14285010022590797,480,0.33137193831069434,0.6831849953815691,0.3012304123754515
IMPUTED,config_kfold,KNeighborsClassifier,none,smote,off,0.3761583416908844,0.04506909269170166,2556,0.33108924899918274,0.29277992595800295,0.11981415190504556
STRICT,config_loo,GaussianNB,robust,smote,off,0.3737808556750573,0.0430487197326504,8,0.3307321359424069,0.0831780288115942,0.11517101285164368
STRICT,config_kfold,KNeighborsClassifier,standard,undersample,off,0.3947987329016345,0.06408119031692483,1280,0.33071754258470965,0.34193122125226016,0.1623135663226429
IMPUTED,config_kfold,RandomForestClassifier,none,smoteenn,off,0.3751768978017342,0.04454725312896155,8064,0.3306296446727726,0.27527164693136563,0.11873666366446416
STRICT,config_loo,RandomForestClassifier,maxabs,smoteenn,off,0.3646841334710146,0.03414275033192304,259,0.33054138313909154,0.15368013661169072,0.09362280175711767
STRICT,config_loo,GaussianNB,standard,smote,off,0.37173089474753324,0.041411453290088676,13,0.3303194414574446,0.09270805401023513,0.11140169911950391
IMPUTED,config_loo,KNeighborsClassifier,standard,smoteenn,on,0.3808536763700749,0.05065548724926085,896,0.33019818912081406,0.27065273934484685,0.13300511559205483
IMPUTED,config_random80,SVC,standard,smote,on,0.4846699838043335,0.1546920294513254,3360,0.32997795435300814,0.7426904370320626,0.3191698157932063
IMPUTED,config_kfold,RandomForestClassifier,maxabs,smoteenn,off,0.3762981346402787,0.04644924777722329,8064,0.3298488868630554,0.2695411215331624,0.12343735857640202
IMPUTED,config_kfold,GaussianNB,standard,smoteenn,on,0.3786192290539324,0.04888226386373013,2352,0.3297369651902023,0.2994120434161433,0.1291066594421888
STRICT,config_loo,QuadraticDiscriminantAnalysis,standard,smoteenn,on,0.3760279852943696,0.04679580465504615,168,0.32923218063932347,0.1930457542336403,0.12444766476200579
STRICT,config_kfold,GaussianNB,none,smote,off,0.3709775366651563,0.04196457104242062,432,0.3290129656227357,0.19998779147284673,0.11311890045864899
STRICT,config_loo,QuadraticDiscriminantAnalysis,maxabs,none,off,0.3288102833790712,0.0,2,0.3288102833790712,0.0,0.0
IMPUTED,config_kfold,GaussianNB,none,smote,off,0.36759450062026355,0.03898291206922608,336,0.32861158855103745,0.2065209741172001,0.1060486813688669
STRICT,config_kfold,KNeighborsClassifier,standard,smoteenn,on,0.38213365274446204,0.05388815227053279,17920,0.32824550047392925,0.38274630163743906,0.14101912219327234
STRICT,config_strat80,RandomForestClassifier,maxabs,none,off,0.43145238573159483,0.10344788155222584,1440,0.328004504179369,0.5216618893464451,0.23976662309286764
STRICT,config_loo,SVC,robust,smote,on,0.4453952276216968,0.11802590130473628,221,0.32736932631696053,0.5616315544282424,0.26499139188124254
IMPUTED,config_loo,KNeighborsClassifier,maxabs,smoteenn,on,0.37494916670258155,0.04767267382122792,895,0.32727649288135363,0.22839353136550195,0.12714436530283849
IMPUTED,config_kfold,LogisticRegression,robust,none,on,0.42699497262697933,0.09975040047230407,1680,0.3272445721546753,0.4833723167491653,0.2336102457099548
STRICT,config_strat80,RandomForestClassifier,none,none,off,0.43219827051484777,0.10505502402563838,1440,0.3271432464892094,0.5216618893464451,0.24307136606653615
IMPUTED,config_loo,KNeighborsClassifier,maxabs,none,off,0.35473300786202777,0.02771076459729422,32,0.32702224326473356,0.0989528721613605,0.07811724306206157
IMPUTED,config_loo,GaussianNB,robust,smote,off,0.3466036132762557,0.019583307114599595,9,0.3270203061616561,0.039166614229199204,0.05650058558100197
STRICT,config_strat80,RandomForestClassifier,standard,none,off,0.432503828930668,0.10552205312286646,1440,0.3269817758078016,0.6588836188155297,0.2439794657627922
IMPUTED,config_random80,LinearDiscriminantAnalysis,maxabs,smote,off,0.47532638050819953,0.14839631861768096,80,0.32693006189051854,0.5408945076916862,0.312198785304156
IMPUTED,config_loo,LogisticRegression,robust,undersample,on,0.4230595450314381,0.09619593385889533,168,0.3268636111725428,0.41101481467157275,0.227381547086349
STRICT,config_loo,KNeighborsClassifier,robust,smoteenn,off,0.3689360338645245,0.04222257204309003,128,0.32671346182143446,0.1589486636355495,0.11444415336940064
STRICT,config_strat80,RandomForestClassifier,robust,none,off,0.4313074894183252,0.10470427348014745,1440,0.32660321593817776,0.6582932502912391,0.2427601561506732
IMPUTED,config_strat80,SVC,none,smoteenn,off,0.5007479171488539,0.17430587510837606,480,0.3264420420404779,0.8098331528470141,0.3480910636649964
STRICT,config_kfold,KNeighborsClassifier,robust,smoteenn,off,0.3898052191144852,0.0637145413245159,2560,0.32609067778996925,0.39714783940666176,0.1634522530746389
STRICT,config_random80,LogisticRegression,standard,undersample,off,0.4756612431848802,0.14979249857294727,240,0.32586874461193294,0.6216755997246801,0.31491423932289114
STRICT,config_random80,LogisticRegression,standard,undersample,on,0.47446095898959534,0.14870576136963287,1680,0.32575519761996247,0.7471417357570389,0.31342043755573556
IMPUTED,config_loo,QuadraticDiscriminantAnalysis,none,smoteenn,off,0.36657583840743974,0.04083460500221998,24,0.32574123340521977,0.14028102965215022,0.11139469851483597
STRICT,config_strat80,LinearDiscriminantAnalysis,maxabs,smoteenn,on,0.44642954958830067,0.12087316434765495,560,0.32555638524064573,0.5773286993351814,0.27075529489283295
IMPUTED,config_kfold,KNeighborsClassifier,none,none,off,0.37492627224373504,0.049408063319844334,639,0.3255182089238907,0.2853291123270721,0.13178074458256356
IMPUTED,config_kfold,KNeighborsClassifier,standard,undersample,on,0.38721023088633993,0.06185551123019314,8946,0.3253547196561468,0.4294464796958183,0.15974658285397925
IMPUTED,config_loo,KNeighborsClassifier,none,undersample,off,0.36961988277598135,0.04427357782112069,64,0.32534630495486067,0.17607804882875477,0.11978137509435322
IMPUTED,config_loo,QuadraticDiscriminantAnalysis,standard,smoteenn,off,0.35932040515263153,0.03432714624096774,24,0.3249932589116638,0.12916559318293896,0.09553352870785703
STRICT,config_strat80,LogisticRegression,standard,none,off,0.45512685492321364,0.13016686016492654,120,0.3249599947582871,0.6100485880929314,0.28600127361609445
IMPUTED,config_loo,SVC,standard,none,on,0.3877103940896839,0.062811502036003,54,0.3248988920536809,0.22320266274657852,0.16200623711283235
IMPUTED,config_kfold,KNeighborsClassifier,maxabs,none,off,0.36544999611955625,0.04055712284892404,639,0.3248928732706322,0.2172479051745841,0.11097858333443752
STRICT,config_kfold,GaussianNB,maxabs,smoteenn,off,0.3772126378828658,0.052341714838287555,432,0.32487092304457826,0.23539579339546962,0.13875917607654759
STRICT,config_random80,LogisticRegression,robust,smoteenn,off,0.4475446137013977,0.12288509936419924,480,0.3246595143371985,0.5964109455055748,0.2745762000080473
STRICT,config_random80,LogisticRegression,robust,undersample,off,0.47197024039553265,0.14765809773168428,240,0.32431214266384834,0.6216755997246801,0.31285467831179364
STRICT,config_loo,KNeighborsClassifier,maxabs,smoteenn,on,0.3671166520558379,0.042914498663737005,894,0.3242021533921009,0.2166643439502725,0.11689608309352793
IMPUTED,config_strat80,SVC,standard,smoteenn,off,0.49211076305053475,0.1680583259317078,480,0.3240524371188269,0.9102696829903059,0.3415050808682474
STRICT,config_loo,KNeighborsClassifier,maxabs,none,on,0.368674033874485,0.04503039837196187,224,0.3236436355025231,0.21914846587408998,0.12214149691728075
IMPUTED,config_strat80,SVC,robust,smoteenn,off,0.48721911049680117,0.16374804521789074,480,0.32347106527891045,0.8381002522309358,0.33608707394691945
STRICT,config_strat80,LinearDiscriminantAnalysis,maxabs,smoteenn,off,0.44861301573693374,0.12564678178334696,80,0.3229662339535868,0.534475460411763,0.2800783244706973
STRICT,config_kfold,KNeighborsClassifier,maxabs,smoteenn,on,0.372095413763584,0.04952629423144086,17920,0.3225691195321432,0.42087869921742205,0.1331010606406132
STRICT,config_strat80,LinearDiscriminantAnalysis,maxabs,undersample,on,0.45864447260027047,0.13630716703820328,280,0.3223373055620672,0.5479708517501762,0.2971957042574046
IMPUTED,config_strat80,LinearDiscriminantAnalysis,standard,smoteenn,on,0.49072600884338635,0.1684191288914807,560,0.32230687995190566,0.9513526670073758,0.3432039994954315
IMPUTED,config_kfold,KNeighborsClassifier,maxabs,smoteenn,on,0.3679336949085007,0.04590225918613409,17881,0.3220314357223666,0.3265461077931907,0.12475687826729014
IMPUTED,config_random80,SVC,standard,undersample,on,0.4812940319235101,0.15927455830533857,1680,0.3220194736181715,0.7423199773281495,0.3309298427590961
STRICT,config_strat80,LinearDiscriminantAnalysis,maxabs,smote,on,0.4777333550757446,0.15573186036732736,560,0.3220014947084172,0.6548743811064986,0.32598071437284526
IMPUTED,config_kfold,KNeighborsClassifier,standard,smoteenn,on,0.37491897556023673,0.05293976333559341,17892,0.3219792122246433,0.37516231029247016,0.14120321132448999
IMPUTED,config_kfold,SVC,standard,none,off,0.37125488124995165,0.04952377285915891,203,0.3217311083907927,0.3051405610974198,0.13339561406551975
IMPUTED,config_loo,LogisticRegression,robust,none,on,0.413135498796277,0.09152117915915853,84,0.32161431963711845,0.29626726898333944,0.22152823813450348
IMPUTED,config_strat80,GaussianNB,standard,undersample,on,0.47656625069972663,0.15499312551360228,840,0.32157312518612435,0.6965453290630491,0.3252289168316702
STRICT,config_loo,SVC,none,undersample,off,0.36729458875246074,0.045900413911591886,24,0.32139417484086885,0.13358068285502528,0.12496893588194571
STRICT,config_random80,LogisticRegression,standard,none,off,0.478230308805906,0.15689104526246997,120,0.321339263543436,0.6396021490668313,0.3280658761553852
IMPUTED,config_loo,RandomForestClassifier,robust,smoteenn,off,0.3556016348596013,0.0342746596465661,231,0.32132697521303516,0.17967713030511773,0.09638498895006044
STRICT,config_kfold,LogisticRegression,robust,none,on,0.43361045905240975,0.11254868302929012,1680,0.32106177602311964,0.5866626617973703,0.2595617349158235
IMPUTED,config_kfold,KNeighborsClassifier,maxabs,none,on,0.37756622821733976,0.056602775623383256,4471,0.32096345259395653,0.36598330869127316,0.1499148265739509
STRICT,config_kfold,KNeighborsClassifier,standard,smoteenn,off,0.37778557037944366,0.05694790368250423,2560,0.3208376666969394,0.30884531384003383,0.15074134151102273
STRICT,config_loo,KNeighborsClassifier,standard,undersample,off,0.3636624236695231,0.04283789338250439,64,0.32082453028701874,0.2116804262738796,0.11779576495764976
IMPUTED,config_random80,LogisticRegression,robust,smoteenn,off,0.46513621978484776,0.14434355474297172,480,0.32079266504187604,0.7924699658425383,0.31032533826271136
IMPUTED,config_loo,LogisticRegression,maxabs,undersample,off,0.3838310610109741,0.06312228612362578,22,0.3207087748873483,0.19750541315854242,0.16445330390241933
IMPUTED,config_random80,LinearDiscriminantAnalysis,robust,smoteenn,off,0.44203337833892603,0.12135946527272809,80,0.32067391306619797,0.4396135265700483,0.2745481930092541
IMPUTED,config_random80,LinearDiscriminantAnalysis,standard,smoteenn,on,0.4556020139740875,0.1352800638422044,560,0.32032195013188314,0.7638988058734705,0.2969259566308644
STRICT,config_kfold,KNeighborsClassifier,maxabs,smoteenn,off,0.36168914339047153,0.04161865911683232,2560,0.3200704842736392,0.2597962362352687,0.11506748233220189
IMPUTED,config_strat80,LinearDiscriminantAnalysis,maxabs,none,off,0.48188161713903616,0.16203236430180543,20,0.31984925283723076,0.5408945076916862,0.3362493163026275
IMPUTED,config_strat80,LinearDiscriminantAnalysis,robust,none,off,0.48188161713903616,0.16203236430180543,20,0.31984925283723076,0.5408945076916862,0.3362493163026275
IMPUTED,config_strat80,LinearDiscriminantAnalysis,none,none,off,0.48188161713903616,0.16203236430180543,20,0.31984925283723076,0.5408945076916862,0.3362493163026275
IMPUTED,config_strat80,LinearDiscriminantAnalysis,standard,none,off,0.48188161713903616,0.16203236430180543,20,0.31984925283723076,0.5408945076916862,0.3362493163026275
IMPUTED,config_strat80,SVC,none,undersample,off,0.497441323138862,0.17787236502196221,240,0.3195689581168998,0.8997144913848534,0.3575745655780766
STRICT,config_loo,GaussianNB,maxabs,none,on,0.33059616564816147,0.011374400775058892,16,0.31922176487310255,0.0231711412784113,0.03440572504148204
IMPUTED,config_loo,GaussianNB,standard,none,on,0.3308042526709751,0.011764125945527094,15,0.31904012672544796,0.03586182164346219,0.035562196829518826
STRICT,config_kfold,KNeighborsClassifier,robust,undersample,off,0.3872201491408619,0.0684111430981125,1280,0.3188090060427494,0.3446797654736819,0.1766724775296393
STRICT,config_kfold,KNeighborsClassifier,maxabs,smote,off,0.36678449288038667,0.0480823047873695,2560,0.31870218809301715,0.2922888770056272,0.13109143303680995
STRICT,config_random80,LogisticRegression,standard,smote,on,0.4815795130313094,0.16297738251329313,3360,0.3186021305180163,0.8889579003392875,0.3384225825709021
IMPUTED,config_loo,KNeighborsClassifier,maxabs,smoteenn,off,0.356317519270431,0.03793490544053239,128,0.3183826138298986,0.14193461876661462,0.10646376725512981
STRICT,config_kfold,QuadraticDiscriminantAnalysis,robust,undersample,off,0.38140709841524584,0.06325310821057327,240,0.31815399020467255,0.3059149504803181,0.16584145516271512
STRICT,config_strat80,LogisticRegression,standard,smote,off,0.46786795140692805,0.14990815941637234,480,0.3179597919905557,0.6658556201450567,0.3204069844185368
IMPUTED,config_random80,LinearDiscriminantAnalysis,robust,smote,off,0.4723648893345514,0.15442227678532677,80,0.3179426125492246,0.5981833611128105,0.3269131137220437
IMPUTED,config_strat80,GaussianNB,maxabs,smote,off,0.454276659961877,0.1363509285170858,240,0.3179257314447912,0.5669472646534307,0.30014953559033475
IMPUTED,config_kfold,KNeighborsClassifier,standard,undersample,off,0.3783467741406662,0.06049800015363203,1278,0.31784877398703415,0.32965915999166645,0.15990092763719288
STRICT,config_strat80,LinearDiscriminantAnalysis,standard,smote,on,0.4800257500658139,0.16238064790180495,560,0.31764510216400893,0.8704304334458315,0.3382748693784485
STRICT,config_strat80,LinearDiscriminantAnalysis,standard,smote,off,0.4304074172749492,0.1129868983524534,80,0.3174205189224958,0.563646894989685,0.2625115037928728
STRICT,config_strat80,LogisticRegression,none,smoteenn,off,0.4520077089189048,0.1346209416228238,480,0.317386767296081,0.7091595271373183,0.29782886213335863
STRICT,config_kfold,KNeighborsClassifier,maxabs,smote,on,0.3775972361887131,0.06036593001881092,17920,0.3172313061699022,0.4802527858402907,0.15986856955870735
STRICT,config_kfold,GaussianNB,maxabs,smoteenn,on,0.37876579598384563,0.061595081860653746,3024,0.31717071412319187,0.3332079787210383,0.16262049665984302
STRICT,config_random80,LogisticRegression,none,undersample,off,0.44765686836965857,0.13075576741080844,240,0.31690110095885016,0.4941991196198225,0.2920892689237935
IMPUTED,config_random80,LinearDiscriminantAnalysis,standard,smoteenn,off,0.4413864203784842,0.12460789611842991,80,0.31677852426005426,0.4978272871457481,0.2823102170011936
IMPUTED,config_loo,LinearDiscriminantAnalysis,robust,undersample,on,0.41705480421350677,0.10055401097675663,28,0.3165007932367501,0.34615195709123536,0.24110502974874995
STRICT,config_random80,LogisticRegression,none,smoteenn,off,0.469475010940793,0.15322065438794946,480,0.31625435655284356,0.6984995154603497,0.32636594241918576
IMPUTED,config_strat80,SVC,robust,smote,on,0.5200391070120586,0.2038718775802259,3360,0.3161672294318327,1.38737781366765,0.39203181997522074
STRICT,config_strat80,LogisticRegression,robust,none,off,0.4532814393582644,0.13742084568685947,120,0.31586059367140495,0.6100485880929314,0.3031689227809852
IMPUTED,config_random80,LinearDiscriminantAnalysis,standard,smote,off,0.46497518880516553,0.1492275106580684,80,0.31574767814709714,0.5408945076916862,0.3209365020992505
STRICT,config_loo,KNeighborsClassifier,standard,undersample,on,0.37187531387023054,0.056233003164901256,447,0.3156423107053293,0.26362698150438546,0.15121467079829962
IMPUTED,config_random80,LinearDiscriminantAnalysis,maxabs,smoteenn,off,0.44420830621067536,0.128610591432824,80,0.31559771477785137,0.47601231326245425,0.2895276599619181
IMPUTED,config_kfold,SVC,standard,none,on,0.37329033091953945,0.0581047037343733,1421,0.31518562718516613,0.3839010556508619,0.1556555284762986
IMPUTED,config_loo,RandomForestClassifier,none,undersample,off,0.34647897935396127,0.03134112765325968,116,0.3151378517007016,0.1208590941262383,0.09045607243388273
IMPUTED,config_kfold,GaussianNB,maxabs,smoteenn,on,0.3713000098360311,0.056255194478571455,2352,0.31504481535745965,0.3101427228837206,0.15150873414577654
STRICT,config_kfold,QuadraticDiscriminantAnalysis,standard,undersample,off,0.3771224877100021,0.06219357547473716,240,0.314928912235265,0.313254282639292,0.1649161147944126
IMPUTED,config_kfold,GaussianNB,robust,smote,on,0.38502536671238335,0.07020529527718551,2352,0.31482007143519786,0.4173566936997777,0.182339402405217
IMPUTED,config_kfold,KNeighborsClassifier,maxabs,smote,on,0.3702586483823239,0.05564029423972354,17884,0.31461835414260036,0.44041486979409594,0.1502741245419071
IMPUTED,config_strat80,LogisticRegression,robust,smoteenn,off,0.47914257444109026,0.16482341890788527,480,0.314319155533205,0.8156648635674669,0.3439966049774398
IMPUTED,config_strat80,LogisticRegression,standard,smoteenn,off,0.48817436120850105,0.1739673583546107,480,0.31420700285389036,0.8791832362480058,0.35636316074434027
IMPUTED,config_kfold,GaussianNB,robust,undersample,on,0.3964467993648825,0.08232709996401824,1176,0.31411969940086426,0.42169519007547174,0.20766241547644798
STRICT,config_loo,GaussianNB,none,smote,off,0.34474361357206806,0.03065077553358356,14,0.3140928380384845,0.062067791979031894,0.0889089001997598
IMPUTED,config_loo,RandomForestClassifier,robust,undersample,off,0.34386717072916806,0.02996113383179468,115,0.3139060368973734,0.12034090186571911,0.0871299629105689
IMPUTED,config_kfold,SVC,robust,none,off,0.3672651125077967,0.053557262137099715,203,0.313707850370697,0.3150992614821109,0.1458272520670276
STRICT,config_loo,KNeighborsClassifier,robust,undersample,off,0.35838573074938695,0.044894312357914086,64,0.3134914183914729,0.16817332862960177,0.12526813571522444
STRICT,config_random80,LogisticRegression,standard,smote,off,0.46863296311138813,0.15523422762969033,480,0.31339873548169783,0.6028028654224417,0.3312490581094551
IMPUTED,config_random80,SVC,robust,undersample,off,0.4681973940549002,0.15523038152296922,240,0.31296701253193093,0.6586660049652415,0.33154900794848746
STRICT,config_strat80,RandomForestClassifier,robust,undersample,off,0.400722053190588,0.08799934082102435,2880,0.31272271236956367,0.5216618893464451,0.2196019413465394
STRICT,config_strat80,LogisticRegression,standard,undersample,off,0.43515095730609993,0.12315407947840115,240,0.3119968778276988,0.5479708517501762,0.28301461231020664
IMPUTED,config_loo,KNeighborsClassifier,standard,smote,on,0.35825411703662885,0.04635324483069809,896,0.31190087220593077,0.24585500587977038,0.12938649585974976
IMPUTED,config_kfold,KNeighborsClassifier,maxabs,smote,off,0.3559047983036026,0.04401597846613159,2556,0.311888819837471,0.2802491235531894,0.12367346176823388
IMPUTED,config_kfold,KNeighborsClassifier,maxabs,smoteenn,off,0.35408425830035917,0.04252495809896399,2556,0.31155930020139516,0.2653701445795855,0.12009841471938956
STRICT,config_loo,KNeighborsClassifier,maxabs,smoteenn,off,0.34253934218337184,0.03127084033164417,128,0.31126850185172766,0.1254448320687518,0.09129123718262976
IMPUTED,config_kfold,SVC,maxabs,smote,off,0.4303639655930167,0.119222999412023,792,0.31114096618099374,0.5937829429265833,0.27702830381660926
STRICT,config_kfold,LinearDiscriminantAnalysis,maxabs,none,on,0.3855819137274136,0.07446994198125804,280,0.31111197174615557,0.33499030552977,0.19313650181710657
IMPUTED,config_kfold,RandomForestClassifier,standard,smoteenn,off,0.35985854928373906,0.048845438889429924,8064,0.3110131103943091,0.284151700311738,0.1357351075489291
IMPUTED,config_loo,QuadraticDiscriminantAnalysis,standard,undersample,on,0.35374987005497205,0.04280147495246538,84,0.31094839510250666,0.1955643551666117,0.120993613215502
STRICT,config_loo,SVC,standard,smoteenn,off,0.4192494624732394,0.10831288744253077,33,0.31093657503070865,0.5830178236173339,0.2583494962726264
STRICT,config_strat80,LogisticRegression,robust,smote,off,0.46179662310650804,0.15096601463841272,480,0.3108306084680953,0.6172133998483675,0.326910174489505
STRICT,config_loo,KNeighborsClassifier,standard,smoteenn,on,0.3636407408023893,0.05287659271301534,896,0.3107641480893739,0.29414855327026435,0.14540887964407073
STRICT,config_strat80,RandomForestClassifier,none,undersample,off,0.4008734208500873,0.09021764290821178,2880,0.31065577794187554,0.5216618893464451,0.2250526929844771
IMPUTED,config_loo,QuadraticDiscriminantAnalysis,standard,smoteenn,on,0.3610553144019035,0.050413915889469633,168,0.3106413985124339,0.2791376811862035,0.13962934176161193
IMPUTED,config_kfold,RandomForestClassifier,robust,smoteenn,off,0.36121120406618534,0.05075595562899616,8064,0.3104552484371892,0.3309731960565314,0.1405160057540631
STRICT,config_strat80,RandomForestClassifier,standard,undersample,off,0.4002274461262925,0.08986664563903113,2880,0.3103608004872614,0.5216618893464451,0.22453893781855616
STRICT,config_loo,SVC,standard,none,on,0.39750697626535697,0.08779108321083784,58,0.30971589305451913,0.4255165875327139,0.22085419490155725
IMPUTED,config_random80,SVC,robust,smoteenn,off,0.44724438623113055,0.13758056366162982,480,0.30966382256950076,0.7571896668349443,0.3076183131576074
IMPUTED,config_loo,RandomForestClassifier,standard,smoteenn,off,0.3494242375544633,0.04006079026190446,230,0.3093634472925588,0.18100389401933012,0.11464800078632312
IMPUTED,config_random80,LinearDiscriminantAnalysis,none,smoteenn,off,0.4403132292860638,0.1310384225478092,80,0.3092748067382546,0.5148812193467902,0.2976027378515939
STRICT,config_loo,LinearDiscriminantAnalysis,robust,smoteenn,on,0.41916850016518,0.1099859090367473,56,0.30918259112843266,0.40935390284126283,0.26239068296736423
STRICT,config_strat80,RandomForestClassifier,maxabs,undersample,off,0.39860539465933365,0.0897149010821194,2880,0.30889049357721426,0.5216618893464451,0.2250719691307586
IMPUTED,config_loo,KNeighborsClassifier,robust,smoteenn,off,0.3602159580305461,0.0514254645828507,128,0.30879049344769544,0.2095290402014988,0.1427628716507053
IMPUTED,config_strat80,GaussianNB,robust,smote,on,0.46801325617102046,0.15945493417422935,1680,0.3085583219967911,0.8860337870585578,0.34070602076271456
STRICT,config_strat80,SVC,robust,undersample,off,0.4398759397962438,0.1314300241686418,240,0.308445915627602,0.6658556201450567,0.29878884539473083
STRICT,config_random80,LinearDiscriminantAnalysis,robust,smote,off,0.46702627622150955,0.15876599334057864,80,0.3082602828809309,0.6338990593276472,0.3399508794774457
STRICT,config_loo,GaussianNB,maxabs,smoteenn,on,0.348465458407586,0.04120722355609591,74,0.3072582348514901,0.11588072917121589,0.11825339516979463
STRICT,config_strat80,LogisticRegression,standard,smoteenn,off,0.4435971840301142,0.13635944030472463,480,0.3072377437253896,0.6500476263760545,0.30739473832067354
STRICT,config_strat80,SVC,standard,undersample,off,0.44521630047977145,0.13812587810804647,240,0.307090422371725,0.6100485880929314,0.3102444316598472
STRICT,config_strat80,LinearDiscriminantAnalysis,none,smote,off,0.4357010484367317,0.12874996624908852,80,0.30695108218764316,0.6167349387001849,0.29550070331718364
STRICT,config_loo,GaussianNB,robust,smote,on,0.3862002427225032,0.07939734043215087,80,0.30680290229035234,0.3060145840413272,0.20558594130454835
STRICT,config_kfold,GaussianNB,robust,smote,on,0.39470105308688774,0.08808275550220798,3024,0.30661829758467973,0.5080192211633777,0.22316321381290521
STRICT,config_strat80,SVC,robust,smote,off,0.45022669713654545,0.14384662035933868,480,0.3063800767772068,0.6172133998483675,0.3194982022927722
STRICT,config_strat80,LinearDiscriminantAnalysis,standard,undersample,on,0.4534383746893829,0.1470672774890529,280,0.30637109720033,0.7385996056436945,0.3243379601247861
IMPUTED,config_strat80,SVC,robust,undersample,on,0.5003894663102759,0.19422744046129528,1680,0.30616202584898067,1.401036444714339,0.38815253625035523
IMPUTED,config_random80,LinearDiscriminantAnalysis,standard,undersample,off,0.4630600136950325,0.1570762304396552,40,0.30598378325537734,0.6542892462426918,0.3392135485555104
IMPUTED,config_random80,LinearDiscriminantAnalysis,none,undersample,off,0.4630600136950325,0.1570762304396552,40,0.30598378325537734,0.6542892462426918,0.3392135485555104
IMPUTED,config_random80,LinearDiscriminantAnalysis,robust,undersample,off,0.4630600136950325,0.1570762304396552,40,0.30598378325537734,0.6542892462426918,0.3392135485555104
IMPUTED,config_random80,LinearDiscriminantAnalysis,maxabs,undersample,off,0.4630600136950325,0.1570762304396552,40,0.30598378325537734,0.6542892462426918,0.3392135485555104
IMPUTED,config_kfold,LogisticRegression,maxabs,smote,off,0.429500974083836,0.12367814455978586,960,0.3058228295240501,0.5870680964565176,0.28795777430680436
IMPUTED,config_random80,SVC,standard,undersample,off,0.46588578135218134,0.16010979418492294,240,0.3057759871672584,0.6994309625905282,0.3436674837343655
STRICT,config_kfold,KNeighborsClassifier,standard,smote,on,0.3647448744860348,0.05948244888183417,17920,0.30526242560420064,0.40885448250742296,0.16307960177823308
IMPUTED,config_strat80,LogisticRegression,maxabs,smote,on,0.4981044236077019,0.19287750562339703,3360,0.3052269179843049,1.0401814521816006,0.38722303292633253
IMPUTED,config_kfold,KNeighborsClassifier,standard,smoteenn,off,0.35794634875482106,0.05274605495742559,2556,0.3052002937973955,0.33460881309973534,0.14735743258986148
STRICT,config_loo,LogisticRegression,robust,none,on,0.42315362778567855,0.11797978163829842,84,0.30517384614738013,0.4645208008278772,0.2788107530961629
IMPUTED,config_loo,GaussianNB,maxabs,smoteenn,on,0.35267967539591555,0.047560168269878474,66,0.3051195071260371,0.1387243570545238,0.13485372588167374
STRICT,config_random80,LogisticRegression,standard,smoteenn,on,0.45849210554564485,0.15354240337084887,3360,0.304949702174796,0.8220299926776086,0.33488559893113157
STRICT,config_kfold,SVC,standard,none,on,0.38619568674140425,0.08136194199136196,1575,0.3048337447500423,0.40894694109704555,0.21067542902373668
STRICT,config_kfold,QuadraticDiscriminantAnalysis,standard,smote,on,0.369256198730937,0.06451453176666462,3360,0.3047416669642724,0.3872562984378002,0.17471482398505087
IMPUTED,config_random80,LogisticRegression,none,none,off,0.46020463687242025,0.15589723776313388,120,0.3043073991092864,0.5237229365663818,0.33875633853370396
STRICT,config_loo,QuadraticDiscriminantAnalysis,robust,none,off,0.3314479089876799,0.027494832557030134,6,0.3039530764306498,0.061310340727662394,0.082953706484394
STRICT,config_random80,GaussianNB,robust,undersample,off,0.43042833425666926,0.12694816075955173,114,0.30348017349711753,0.5951762874862063,0.2949344888709188
STRICT,config_random80,GaussianNB,none,undersample,off,0.43042833425666926,0.12694816075955173,114,0.30348017349711753,0.5951762874862063,0.2949344888709188
STRICT,config_random80,GaussianNB,standard,undersample,off,0.43042833425666926,0.12694816075955173,114,0.30348017349711753,0.5951762874862063,0.2949344888709188
STRICT,config_random80,GaussianNB,maxabs,undersample,off,0.43042833425666926,0.12694816075955173,114,0.30348017349711753,0.5951762874862063,0.2949344888709188
IMPUTED,config_loo,RandomForestClassifier,maxabs,undersample,off,0.3329759312014605,0.029739034224597966,115,0.30323689697686257,0.12034090186571911,0.08931286449832
STRICT,config_strat80,RandomForestClassifier,standard,smote,off,0.40833442079376403,0.1051868486806002,5760,0.30314757211316384,0.6237386639723234,0.25759975971686827
IMPUTED,config_strat80,LogisticRegression,robust,none,on,0.48263765406474923,0.17950238181868822,840,0.303135272246061,0.92783056924063,0.37191955560642337
STRICT,config_loo,QuadraticDiscriminantAnalysis,maxabs,undersample,on,0.39666075405282114,0.09378837765875264,74,0.3028723763940685,0.3744973129663481,0.23644481260241682
IMPUTED,config_random80,LinearDiscriminantAnalysis,maxabs,smote,on,0.47396735071553164,0.1711290824040743,560,0.3028382683114573,0.834126616355453,0.36105668912790473
STRICT,config_random80,LinearDiscriminantAnalysis,standard,smote,off,0.46176848876786003,0.15914629136960382,80,0.30262219739825624,0.6752421045833626,0.3446451961117029
IMPUTED,config_loo,RandomForestClassifier,standard,undersample,off,0.3339473526076874,0.03135598512668691,116,0.30259136748100046,0.1208590941262383,0.09389499536929433
IMPUTED,config_kfold,SVC,maxabs,smote,on,0.4253765453386909,0.12280440446432725,5544,0.3025721408743637,0.6457080557235436,0.2886957586402622
IMPUTED,config_loo,QuadraticDiscriminantAnalysis,standard,smote,on,0.3516470933129381,0.04920485596032303,168,0.30244223735261505,0.2160053446207992,0.13992680985005213
IMPUTED,config_kfold,LinearDiscriminantAnalysis,robust,none,on,0.3986666160898597,0.09627939018634618,280,0.3023872259035135,0.4385943422203199,0.24150351772781684
STRICT,config_loo,KNeighborsClassifier,maxabs,none,off,0.3449687633734435,0.04260180861832551,32,0.302366954755118,0.1506893155307612,0.12349468456715665
STRICT,config_kfold,QuadraticDiscriminantAnalysis,standard,smoteenn,on,0.3703964236054723,0.06804437832551662,3360,0.3023520452799557,0.4183262165133227,0.18370689884952582
IMPUTED,config_loo,SVC,robust,undersample,on,0.403387736131895,0.10120492774099643,106,0.30218280839089856,0.371597900882105,0.25088746800152006
IMPUTED,config_loo,LogisticRegression,maxabs,undersample,on,0.41774382543555577,0.11569557564484806,168,0.3020482497907077,0.46853663277672203,0.27695340684980657
IMPUTED,config_strat80,LinearDiscriminantAnalysis,none,smoteenn,off,0.48416482518409965,0.1822691374738475,80,0.30189568771025216,0.7789652702843555,0.3764609240345809
IMPUTED,config_loo,GaussianNB,standard,smoteenn,off,0.33385624555385834,0.03202493367699294,12,0.3018313118768654,0.08670619355247988,0.09592432103183948
STRICT,config_strat80,LinearDiscriminantAnalysis,none,smoteenn,off,0.45116895995826434,0.14955647922839244,80,0.3016124807298719,0.5773286993351814,0.33148663250731447
STRICT,config_kfold,LinearDiscriminantAnalysis,robust,none,on,0.4167035446351285,0.1151312799570125,280,0.301572264678116,0.5112744563413226,0.27629061820873896
STRICT,config_strat80,LinearDiscriminantAnalysis,robust,smote,off,0.41833532417852526,0.11684368865989912,80,0.3014916355186261,0.5651675434612532,0.27930629307802823
STRICT,config_loo,GaussianNB,standard,smoteenn,off,0.347662793141945,0.04619034254750348,13,0.3014724505944415,0.09774184284395182,0.1328596083868104
IMPUTED,config_kfold,LogisticRegression,maxabs,smoteenn,on,0.40926042290222914,0.10884675278082875,6720,0.3004136701214004,0.6717943884000355,0.26595963520966176
IMPUTED,config_kfold,KNeighborsClassifier,standard,smote,on,0.35785160679472106,0.05751395955100073,17892,0.3003376472437203,0.48352752090122175,0.1607201377860326
STRICT,config_loo,KNeighborsClassifier,maxabs,smote,off,0.34067270745210587,0.0405373071179182,128,0.3001354003341877,0.1674867264039394,0.1189919422107426
IMPUTED,config_kfold,KNeighborsClassifier,robust,undersample,off,0.3639265043009018,0.06414847502031189,1278,0.2997780292805899,0.4436892362222867,0.17626766465811633
IMPUTED,config_strat80,GaussianNB,robust,smote,off,0.44233496462153327,0.142565590565461,240,0.2997693740560723,0.618852029266683,0.3223023318706938
STRICT,config_strat80,LinearDiscriminantAnalysis,robust,smoteenn,off,0.42942891282405127,0.12978953517382494,80,0.2996393776502263,0.5281263192108928,0.3022375329138661
IMPUTED,config_strat80,GaussianNB,none,smoteenn,off,0.4285348251174869,0.12891620981007376,240,0.2996186153074132,0.61908234883203,0.3008301828789064
STRICT,config_strat80,LogisticRegression,robust,undersample,off,0.4225558010234115,0.12304748890799842,240,0.29950831211541307,0.5941930825583626,0.2911982005926385
IMPUTED,config_loo,QuadraticDiscriminantAnalysis,robust,none,off,0.3515713038651204,0.05213938934323381,6,0.2994319145218866,0.11324041602012319,0.14830388251265517
STRICT,config_strat80,RandomForestClassifier,robust,smote,off,0.4061733082687781,0.1067769504701207,5760,0.2993963577986574,0.7043712287343235,0.2628851977625839
STRICT,config_random80,SVC,standard,smoteenn,on,0.45753522504438976,0.1583717986371839,3192,0.29916342640720583,0.8290404425963539,0.346141214857979
STRICT,config_loo,QuadraticDiscriminantAnalysis,standard,smote,off,0.3390170455536212,0.039937462848148086,24,0.29907958270547313,0.14689559049694284,0.11780370153049224
IMPUTED,config_random80,LogisticRegression,none,undersample,off,0.46474621322908977,0.16567038649681465,240,0.2990758267322751,0.6867114083423121,0.35647495725833894
STRICT,config_strat80,SVC,standard,undersample,on,0.45264078380111716,0.15356972404279506,1680,0.2990710597583221,0.8006773419864497,0.3392750488658376
STRICT,config_random80,LogisticRegression,robust,smote,off,0.4566574835964163,0.1577681885307677,480,0.29888929506564854,0.7085040724551769,0.34548473242628325
IMPUTED,config_loo,QuadraticDiscriminantAnalysis,robust,smoteenn,off,0.3456400027460705,0.04690425569281548,24,0.298735747053255,0.1608620471373925,0.13570262504387948
IMPUTED,config_loo,SVC,none,none,off,0.33954605033806295,0.041175668736822026,12,0.2983703816012409,0.11439359477051014,0.12126681696290152
STRICT,config_strat80,LinearDiscriminantAnalysis,none,undersample,off,0.3935954122851225,0.09537719154340357,40,0.29821822074171894,0.39258308962628596,0.24232292492858593
STRICT,config_strat80,LinearDiscriminantAnalysis,maxabs,undersample,off,0.3935954122851225,0.09537719154340359,40,0.29821822074171894,0.39258308962628596,0.24232292492858598
STRICT,config_strat80,LinearDiscriminantAnalysis,robust,undersample,off,0.3935954122851225,0.09537719154340359,40,0.29821822074171894,0.39258308962628596,0.24232292492858598
STRICT,config_strat80,LinearDiscriminantAnalysis,standard,undersample,off,0.3935954122851225,0.09537719154340359,40,0.29821822074171894,0.39258308962628596,0.24232292492858598
IMPUTED,config_loo,LinearDiscriminantAnalysis,robust,none,on,0.38249025600090814,0.08467260727505753,14,0.2978176487258506,0.22032871306201632,0.2213719328705108
STRICT,config_strat80,SVC,robust,smoteenn,off,0.43550822049668303,0.13778173872923397,480,0.2977264817674491,0.7238977021914119,0.31637000691306894
STRICT,config_strat80,SVC,standard,smoteenn,off,0.4387985446628018,0.14147595363466706,480,0.29732259102813474,0.6037778838023016,0.3224166427976313
STRICT,config_strat80,LogisticRegression,robust,smoteenn,off,0.4364667519600608,0.13932930994796996,480,0.2971374420120908,0.6658556201450567,0.3192209012995322
STRICT,config_random80,LinearDiscriminantAnalysis,maxabs,smote,off,0.456220722812564,0.15910481689043912,80,0.2971159059221249,0.6752421045833626,0.3487452650321773
IMPUTED,config_loo,KNeighborsClassifier,maxabs,smote,on,0.36162045297689865,0.06467640293943036,896,0.29694405003746827,0.3413330392797568,0.17885161750948328
IMPUTED,config_random80,SVC,none,undersample,off,0.44489328760406044,0.14825074863348472,240,0.2966425389705757,0.9444011772788143,0.33322765877605853
STRICT,config_loo,KNeighborsClassifier,maxabs,smote,on,0.36529522483267246,0.06868840445421688,895,0.2966068203784556,0.3454863977573468,0.1880353198859371
STRICT,config_kfold,LogisticRegression,maxabs,undersample,on,0.4322239232435695,0.13563773482749547,3360,0.29658618841607404,0.6382629526675302,0.31381357563371165
IMPUTED,config_kfold,QuadraticDiscriminantAnalysis,standard,none,off,0.352890104948629,0.05635647852736614,120,0.29653362642126285,0.289842181677874,0.15969979814415616
STRICT,config_random80,LogisticRegression,standard,smoteenn,off,0.4418081587468428,0.1452938382902735,480,0.29651432045656934,0.6681656289534426,0.3288618270481674
STRICT,config_kfold,QuadraticDiscriminantAnalysis,standard,none,on,0.36246068489808053,0.06611273178530407,840,0.29634795311277645,0.3429848865698991,0.18239973199822804
IMPUTED,config_strat80,GaussianNB,none,smote,off,0.44905354065663716,0.15273513926209736,240,0.2963184013945398,0.6678366762767158,0.34012678986732287
STRICT,config_loo,LinearDiscriminantAnalysis,maxabs,none,on,0.3796929426551845,0.08363972605875264,14,0.29605321659643186,0.23411686875676807,0.22028254060731772
STRICT,config_kfold,GaussianNB,standard,none,on,0.3756482246744,0.07965591426922981,756,0.2959923104051702,0.34314824191761517,0.21204922328136394
STRICT,config_kfold,LogisticRegression,maxabs,smote,off,0.42626014273232327,0.1305675392211329,960,0.29569260351119037,0.593099699578946,0.3063095188402938
IMPUTED,config_strat80,GaussianNB,standard,smote,off,0.4449845113096046,0.14931816736346168,240,0.2956663439461429,0.5408945076916862,0.33555812296480436
STRICT,config_kfold,QuadraticDiscriminantAnalysis,standard,none,off,0.3532502846754734,0.057673078115376135,120,0.2955772065600973,0.24736240258762243,0.1632640669160668
STRICT,config_random80,LinearDiscriminantAnalysis,standard,undersample,on,0.45345242988168794,0.1578869816065346,280,0.2955654482751533,0.6868659509783561,0.34818863281365486
IMPUTED,config_strat80,LogisticRegression,robust,smoteenn,on,0.46935860320781303,0.1738517999762759,3360,0.2955068032315371,0.9816687594464465,0.3704029260102884
IMPUTED,config_random80,LogisticRegression,standard,none,off,0.450103741659526,0.15467889686757771,120,0.2954248447919483,0.5254944744458039,0.343651657498511
STRICT,config_random80,LogisticRegression,robust,none,off,0.4569626412475321,0.16191825808300975,120,0.29504438316452236,0.82915619758885,0.35433587665058214
STRICT,config_random80,SVC,standard,undersample,on,0.45584869854447296,0.16082914775901508,1596,0.2950195507854579,0.8528028654224417,0.3528125631871788
STRICT,config_loo,SVC,robust,undersample,on,0.4222091734028683,0.12719916530909778,123,0.29501000809377054,0.6031390320396529,0.30127049178944637
IMPUTED,config_kfold,LinearDiscriminantAnalysis,maxabs,none,on,0.367472247834604,0.07261962253662493,280,0.29485262529797907,0.2887800682678874,0.19761933850664656
IMPUTED,config_strat80,LinearDiscriminantAnalysis,maxabs,smoteenn,on,0.45231569935318944,0.15749869299790464,560,0.2948170063552848,0.7967632950266994,0.34820523192789343
STRICT,config_strat80,LogisticRegression,standard,smote,on,0.47275728951249957,0.17823127198985453,3360,0.29452601752264507,0.8718615637763746,0.37700375212330206
STRICT,config_strat80,SVC,standard,smote,off,0.44310696883645306,0.1487571897177953,480,0.2943497791186578,0.5941930825583626,0.33571394760144313
STRICT,config_kfold,GaussianNB,robust,undersample,on,0.3921780347574315,0.09803506470181284,1512,0.2941429700556187,0.5135920591998682,0.24997591913185324
IMPUTED,config_strat80,LinearDiscriminantAnalysis,maxabs,smoteenn,off,0.44788356608490343,0.1537527951509289,80,0.29413077093397455,0.717842536077554,0.3432874228785225
IMPUTED,config_strat80,GaussianNB,standard,smote,on,0.4491007167613513,0.15525692335079103,1680,0.2938437934105603,0.7127912962720082,0.34570624707618397
STRICT,config_loo,QuadraticDiscriminantAnalysis,robust,smoteenn,off,0.35015071852242907,0.05651283468984692,24,0.29363788383258216,0.23882106112635382,0.16139574103494797
STRICT,config_loo,QuadraticDiscriminantAnalysis,robust,smote,off,0.3403084643089245,0.04669807294101306,24,0.2936103913679114,0.1674867264039394,0.13722277826925158
STRICT,config_kfold,LogisticRegression,maxabs,smoteenn,on,0.4127088347566675,0.11925912666257799,6720,0.2934497080940895,0.6114324452050297,0.28896674027560615
STRICT,config_loo,GaussianNB,maxabs,smote,off,0.3679273378002902,0.07508759147687998,11,0.2928397463234102,0.1437817910721973,0.20408266459840307
STRICT,config_strat80,KNeighborsClassifier,none,smote,off,0.40129742601162255,0.10902413192626934,1280,0.2922732940853532,0.6231021338588094,0.2716791209199327
IMPUTED,config_kfold,QuadraticDiscriminantAnalysis,standard,smote,on,0.35397506307984256,0.061761612879468894,3360,0.29221345020037365,0.39123149543826724,0.17448012394460102
IMPUTED,config_strat80,RandomForestClassifier,robust,none,off,0.4556413590516956,0.16343777299922352,1440,0.2922035860524721,0.737091176760029,0.358698282656734
IMPUTED,config_kfold,KNeighborsClassifier,robust,smoteenn,off,0.348860670905121,0.056668062037750995,2556,0.29219260886737003,0.32106069054376085,0.16243751951380872
IMPUTED,config_strat80,RandomForestClassifier,none,none,off,0.45504914313231193,0.16286823050129343,1440,0.29218091263101853,0.737091176760029,0.3579134978261836
IMPUTED,config_strat80,SVC,robust,smoteenn,on,0.47757762936079495,0.18560836375980577,3360,0.2919692656009892,1.0878883834184245,0.3886454313369533
IMPUTED,config_strat80,RandomForestClassifier,standard,none,off,0.4542330794896749,0.1625460108109545,1440,0.2916870686787204,0.737091176760029,0.35784714533246426
STRICT,config_random80,GaussianNB,standard,none,off,0.44291098572854787,0.1513073957714378,57,0.29160358995711005,0.5657230280399115,0.3416203269886184
STRICT,config_random80,GaussianNB,robust,none,off,0.44291098572854787,0.1513073957714378,57,0.29160358995711005,0.5657230280399115,0.3416203269886184
STRICT,config_random80,GaussianNB,none,none,off,0.44291098572854787,0.1513073957714378,57,0.29160358995711005,0.5657230280399115,0.3416203269886184
STRICT,config_random80,GaussianNB,maxabs,none,off,0.44291098572854787,0.1513073957714378,57,0.29160358995711005,0.5657230280399115,0.3416203269886184
IMPUTED,config_strat80,GaussianNB,maxabs,smoteenn,off,0.4115408048327579,0.12005627830516377,240,0.29148452652759416,0.49970645627904103,0.2917238749969211
STRICT,config_strat80,LinearDiscriminantAnalysis,standard,smoteenn,on,0.43502901153401086,0.1440465028323723,560,0.29098250870163855,0.8006773419864497,0.3311193024217665
IMPUTED,config_strat80,RandomForestClassifier,maxabs,none,off,0.4533729154422795,0.16250024370308552,1440,0.29087267173919396,0.737091176760029,0.35842512458990067
IMPUTED,config_kfold,LogisticRegression,maxabs,undersample,on,0.4256305203428021,0.13486388373051378,3360,0.2907666366122883,0.6032088178509433,0.31685670384232467
IMPUTED,config_kfold,KNeighborsClassifier,standard,smote,off,0.34237050544176395,0.05179423341722815,2556,0.2905762720245358,0.3345389585340438,0.15128123653758538
STRICT,config_loo,SVC,robust,smoteenn,on,0.41282830453848113,0.12227038219041901,213,0.2905579223480621,0.49360197560945307,0.2961773232266873
STRICT,config_random80,SVC,standard,smoteenn,off,0.42597358381586264,0.13545727917353292,456,0.2905163046423297,0.8051838178033941,0.31799455252626085
STRICT,config_loo,KNeighborsClassifier,standard,none,off,0.3302379535818944,0.04011230422161683,32,0.29012564936027757,0.11309682844368887,0.1214648521968555
STRICT,config_strat80,SVC,standard,smoteenn,on,0.44169433122574925,0.15159413948203274,3360,0.2901001917437165,0.8718615637763746,0.3432105163345491
STRICT,config_strat80,LogisticRegression,standard,undersample,on,0.4497158728465876,0.1596255197364605,1680,0.2900903531101271,0.7858050413797246,0.3549474887912481
STRICT,config_kfold,KNeighborsClassifier,standard,smote,off,0.34152959007514144,0.051538119469418546,2560,0.2899914706057229,0.31435741468906375,0.15090381907488432
STRICT,config_random80,RandomForestClassifier,standard,undersample,off,0.41460497445815575,0.12462204280560457,2736,0.2899829316525512,0.6115302617754577,0.30058019194890806
STRICT,config_loo,KNeighborsClassifier,standard,smote,on,0.3509290318963907,0.06100046696420991,894,0.2899285649321808,0.3401479905087019,0.17382564968925074
STRICT,config_strat80,RandomForestClassifier,maxabs,smote,off,0.4082282061398024,0.11847931009056041,5760,0.289748896049242,0.6467604026913079,0.2902281329624387
STRICT,config_loo,RandomForestClassifier,standard,smoteenn,off,0.33809099326451125,0.048420198252989294,258,0.28967079501152193,0.2036689385714642,0.14321646899095866
STRICT,config_strat80,KNeighborsClassifier,none,smoteenn,off,0.3977616697089794,0.10812956118149741,1280,0.289632108527482,0.5979818847325262,0.2718451007624991
STRICT,config_strat80,SVC,standard,smote,on,0.46785162007054554,0.17822182556115687,3360,0.28962979450938864,0.950292965119667,0.380936642977283
IMPUTED,config_strat80,LogisticRegression,maxabs,smote,off,0.4678517542980637,0.1782620259426854,480,0.28958972835537833,0.8454106280193237,0.3810224591551204
STRICT,config_random80,GaussianNB,none,smoteenn,off,0.39218648478562385,0.10260324464622914,228,0.28958324013939474,0.4512210542701346,0.26161851217875065
STRICT,config_kfold,KNeighborsClassifier,robust,smote,off,0.34318867389651236,0.053751015273894,2560,0.2894376586226184,0.3711647351494801,0.1566223461386796
IMPUTED,config_loo,KNeighborsClassifier,standard,smote,off,0.3333945461669758,0.04410431556723551,128,0.2892902305997403,0.17318115210445023,0.1322886534117043
STRICT,config_random80,SVC,standard,smote,on,0.4632480753259554,0.17413890276613234,3192,0.28910917255982305,0.8502632152182128,0.375908529449589
IMPUTED,config_random80,GaussianNB,none,smoteenn,off,0.4077458710139144,0.11870513648413616,240,0.28904073452977824,0.5334918273838213,0.2911252937741835
IMPUTED,config_strat80,QuadraticDiscriminantAnalysis,standard,undersample,on,0.4238030748912998,0.13495974799378188,840,0.2888433268975179,0.629824404462556,0.31844919489646784
STRICT,config_random80,LinearDiscriminantAnalysis,none,smote,off,0.4546604629186488,0.1658546555998012,80,0.28880580731884764,0.7295454545454546,0.3647879442498987
IMPUTED,config_loo,KNeighborsClassifier,standard,none,off,0.3209493051399522,0.032496699340701415,32,0.28845260579925075,0.10463542439489232,0.10125181397894288
IMPUTED,config_kfold,GaussianNB,standard,none,on,0.35287569185502793,0.06484006025139037,588,0.28803563160363754,0.33827908446364585,0.1837475965276425
STRICT,config_kfold,QuadraticDiscriminantAnalysis,none,undersample,off,0.345561316126889,0.05752739377801944,240,0.2880339223488696,0.2805715243460658,0.1664752132061436
IMPUTED,config_kfold,SVC,maxabs,smoteenn,off,0.41360084903756394,0.12556753898457523,792,0.2880333100529887,0.6506346347548202,0.3035959410546833
STRICT,config_kfold,KNeighborsClassifier,standard,none,off,0.33694922368330316,0.04913919591921476,640,0.28781002776408837,0.295343842043425,0.145835611021916
IMPUTED,config_loo,KNeighborsClassifier,standard,smoteenn,off,0.33892401985871823,0.05121483125063342,128,0.2877091886080848,0.2146448050410963,0.15111006671047544
IMPUTED,config_kfold,GaussianNB,robust,smoteenn,on,0.341526991495531,0.05406663298117634,2352,0.2874603585143547,0.33734780903817285,0.15830852122235212
STRICT,config_strat80,KNeighborsClassifier,none,undersample,off,0.3887152438213711,0.10145462524018878,640,0.28726061858118235,0.5225433565754543,0.2609998626316052
STRICT,config_random80,RandomForestClassifier,none,undersample,off,0.41238265041320155,0.12582633088134054,2736,0.286556319531861,0.6115302617754577,0.3051203312148665
IMPUTED,config_kfold,QuadraticDiscriminantAnalysis,robust,undersample,on,0.362029837277716,0.07555126103463647,1680,0.2864785762430795,0.4138762949469865,0.208687940206101
STRICT,config_loo,LinearDiscriminantAnalysis,robust,none,on,0.41374814094401774,0.1274424088735451,14,0.2863057320704726,0.3675382956762039,0.3080192906311783
STRICT,config_loo,QuadraticDiscriminantAnalysis,standard,none,on,0.37003113001957955,0.08393285311612643,42,0.28609827690345313,0.2989184394355193,0.22682646487522623
IMPUTED,config_kfold,QuadraticDiscriminantAnalysis,standard,smoteenn,on,0.35031229124172863,0.06434164947997195,3360,0.2859706417617567,0.4205572220027733,0.18366940323990458
IMPUTED,config_kfold,KNeighborsClassifier,standard,none,off,0.3278962332569026,0.04206911357164917,639,0.28582711968525343,0.19696052143765969,0.12830008186976807
STRICT,config_kfold,QuadraticDiscriminantAnalysis,robust,none,off,0.3349916222902242,0.04918637763289066,120,0.2858052446573336,0.2301540364200998,0.1468286797640492
STRICT,config_random80,RandomForestClassifier,robust,none,off,0.421952317210601,0.13626819519185304,1440,0.28568412201874793,0.6067798762169179,0.32294690568991496
STRICT,config_random80,RandomForestClassifier,maxabs,undersample,off,0.41033714550943345,0.12468923367317854,2736,0.28564791183625493,0.6115302617754577,0.3038702077979728
STRICT,config_random80,RandomForestClassifier,none,none,off,0.4225962438079118,0.13696967482401706,1440,0.2856265689838947,0.6067798762169179,0.324114747423727
STRICT,config_strat80,LinearDiscriminantAnalysis,maxabs,smote,off,0.41424268620773885,0.12867654910526802,80,0.2855661371024708,0.5651675434612532,0.3106308291964337
STRICT,config_strat80,LogisticRegression,standard,smoteenn,on,0.4387116218257965,0.15342654529194377,3360,0.2852850765338527,0.8704304334458315,0.34972072235840235
STRICT,config_strat80,RandomForestClassifier,none,smote,off,0.3943216352446245,0.10905740182732995,5760,0.28526423341729457,0.7833095845087346,0.2765696631372363
STRICT,config_random80,SVC,robust,none,off,0.4183981950653806,0.1331773777782977,114,0.28522081728708293,0.5958453558875416,0.3183029452540703
IMPUTED,config_random80,LogisticRegression,robust,smote,on,0.4644561075985721,0.17927561613201182,3360,0.28518049146656027,1.019985202214039,0.3859904374149368
STRICT,config_random80,SVC,standard,none,off,0.4224308504185622,0.137735176558961,114,0.2846956738596012,0.5958453558875416,0.32605378234683197
STRICT,config_random80,RandomForestClassifier,robust,undersample,off,0.4118080990366722,0.12722510079945798,2736,0.2845829982372142,0.6115302617754577,0.3089426873756759
IMPUTED,config_loo,KNeighborsClassifier,maxabs,smote,off,0.3311909573282426,0.04670770460719594,128,0.2844832527210467,0.1729421073265779,0.1410295286561947
STRICT,config_strat80,LinearDiscriminantAnalysis,standard,smoteenn,off,0.4210347448383084,0.13681387669938846,80,0.2842208681389199,0.5578220127567178,0.32494676122734156
STRICT,config_random80,LinearDiscriminantAnalysis,standard,smoteenn,off,0.41957696498554214,0.13541611249339225,80,0.2841608524921499,0.5609980539859272,0.32274439207609606
STRICT,config_loo,QuadraticDiscriminantAnalysis,none,smoteenn,off,0.35948376680629496,0.07544829225890175,24,0.2840354745473932,0.2217934429142698,0.20987955291888458
STRICT,config_kfold,QuadraticDiscriminantAnalysis,robust,undersample,on,0.37756835616845463,0.09366076399795627,1680,0.2839075921704984,0.5280686923542114,0.248063065846993
STRICT,config_random80,SVC,standard,smote,off,0.4502421301396921,0.16679347906485753,456,0.2834486510748346,0.8091921491389804,0.37045284725600464
STRICT,config_loo,KNeighborsClassifier,standard,none,on,0.33897845034260216,0.05581499925395954,224,0.2831634510886426,0.35135110867219665,0.16465648243287404
IMPUTED,config_kfold,QuadraticDiscriminantAnalysis,robust,none,off,0.33772078514431253,0.054561892251011046,120,0.2831588928933015,0.2770269979849486,0.1615591774361653
IMPUTED,config_random80,LinearDiscriminantAnalysis,maxabs,smoteenn,on,0.4345564539640617,0.15214146312777085,560,0.28241499083629085,0.9156353246976678,0.3501074756568985
STRICT,config_random80,RandomForestClassifier,standard,none,off,0.41859769858144347,0.13627306260371796,1296,0.2823246359777255,0.6067798762169179,0.32554661209443875
IMPUTED,config_kfold,SVC,maxabs,smoteenn,on,0.4097301821935863,0.1274664182124192,5544,0.28226376398116715,0.6738490215992232,0.31109843441358875
STRICT,config_strat80,GaussianNB,maxabs,smoteenn,off,0.4265872220381947,0.14440962224710083,240,0.2821775997910939,0.5210715208221545,0.338523084580745
STRICT,config_random80,SVC,robust,smoteenn,off,0.42493501690883273,0.14281468547392853,456,0.2821203314349042,0.8000340699939774,0.3360859420643335
STRICT,config_strat80,LinearDiscriminantAnalysis,standard,none,on,0.42897164371309293,0.14748405899133699,140,0.28148758472175595,0.6461700341670172,0.3438084105390846
IMPUTED,config_random80,LogisticRegression,standard,none,on,0.45083194813574545,0.16936535906316633,840,0.28146658907257915,0.8563488385776753,0.37567293037575594
STRICT,config_kfold,KNeighborsClassifier,standard,none,on,0.34983168867228975,0.06852811224002232,4480,0.28130357643226744,0.5339261983487662,0.19588880727216537
IMPUTED,config_strat80,GaussianNB,none,none,off,0.46245306646704193,0.18127468858544532,60,0.2811783778815966,0.5742740288620433,0.39198505044049564
IMPUTED,config_strat80,GaussianNB,robust,none,off,0.46245306646704193,0.18127468858544532,60,0.2811783778815966,0.5742740288620433,0.39198505044049564
IMPUTED,config_strat80,GaussianNB,maxabs,none,off,0.46245306646704193,0.18127468858544532,60,0.2811783778815966,0.5742740288620433,0.39198505044049564
IMPUTED,config_strat80,GaussianNB,standard,none,off,0.46245306646704193,0.18127468858544532,60,0.2811783778815966,0.5742740288620433,0.39198505044049564
IMPUTED,config_loo,GaussianNB,robust,smote,on,0.3409898003051165,0.05993967035974857,69,0.28105012994536793,0.2294326862970541,0.1757814172333447
IMPUTED,config_strat80,RandomForestClassifier,robust,smote,off,0.44041888604796253,0.15953312791417162,5760,0.2808857581337909,0.8141442143876247,0.3622304423539143
STRICT,config_random80,LinearDiscriminantAnalysis,maxabs,undersample,on,0.45341754671681506,0.17253509039174503,280,0.28088245632507003,0.9211323729436768,0.38052142366581804
STRICT,config_random80,LinearDiscriminantAnalysis,maxabs,none,on,0.4200944592947684,0.1392452839348992,140,0.2808491753598692,0.6913679579466058,0.331461843530754
IMPUTED,config_strat80,LinearDiscriminantAnalysis,standard,smoteenn,off,0.4453563733168667,0.1647019141707653,80,0.28065445914610143,0.7075975708018081,0.3698204944146639
IMPUTED,config_strat80,GaussianNB,robust,smoteenn,off,0.41442031209561925,0.13378406449239308,240,0.28063624760322614,0.6542892462426918,0.3228221701197046
STRICT,config_strat80,GaussianNB,standard,smote,on,0.43803518406111264,0.15763649408231944,1680,0.2803986899787932,0.8704304334458315,0.3598717633155394
STRICT,config_strat80,LogisticRegression,none,none,off,0.3997447833830448,0.12005226272113023,120,0.2796925206619146,0.5327651383721423,0.30032227489031005
IMPUTED,config_loo,LogisticRegression,maxabs,smoteenn,off,0.38979416262039285,0.1101558743604861,48,0.2796382882599068,0.4180673122640202,0.2826001128902567
IMPUTED,config_random80,LogisticRegression,robust,undersample,on,0.459077456033232,0.17982112998602415,1680,0.27925632604720785,0.9911888110703237,0.39170106835524315
STRICT,config_random80,RandomForestClassifier,maxabs,none,off,0.413011726231182,0.13402240954360778,1296,0.2789893166875742,0.6067798762169179,0.3245002527327497
IMPUTED,config_strat80,SVC,standard,none,on,0.4462813052842538,0.16832727249911786,840,0.277954032785136,0.7679476477883045,0.3771775122686435
IMPUTED,config_strat80,RandomForestClassifier,standard,smote,off,0.43683624745379224,0.1589203850798943,5760,0.2779158623738979,0.737091176760029,0.36379853092823905
IMPUTED,config_loo,KNeighborsClassifier,robust,smoteenn,on,0.33866540715988064,0.06078349374106458,896,0.2778819134188161,0.29058276785486126,0.1794794875886727
STRICT,config_loo,KNeighborsClassifier,standard,smoteenn,off,0.3240271537009403,0.04636649364203489,128,0.27766066005890544,0.18721335745158213,0.14309446943705428
STRICT,config_strat80,KNeighborsClassifier,none,none,off,0.400511674665338,0.12288939537518753,320,0.2776222792901505,0.6831300510639732,0.30683099432213107
STRICT,config_random80,RandomForestClassifier,maxabs,smote,off,0.4157824703606807,0.13816103638485538,5472,0.27762143397582534,0.8295454545454546,0.3322916338079482
STRICT,config_random80,LogisticRegression,standard,none,on,0.4586522259730614,0.18109391988760312,840,0.2775583060854583,0.8528028654224417,0.3948392913680954
IMPUTED,config_kfold,QuadraticDiscriminantAnalysis,standard,none,on,0.34050210952880305,0.06296667067507827,840,0.2775354388537248,0.3584533598607123,0.18492299728249387
IMPUTED,config_loo,QuadraticDiscriminantAnalysis,robust,smote,on,0.32793180472311606,0.05096967540130455,168,0.2769621293218115,0.21455279587300088,0.15542766717714365
IMPUTED,config_strat80,SVC,none,none,off,0.4298981701292321,0.15316812868525229,120,0.27673004144397984,0.5742740288620433,0.35628932460728613
IMPUTED,config_loo,KNeighborsClassifier,robust,undersample,on,0.3402947554915148,0.0636708401046234,448,0.27662391538689135,0.29728536414229845,0.18710497025632541
IMPUTED,config_random80,GaussianNB,maxabs,undersample,off,0.41486648235967927,0.13825459423133998,120,0.27661188812833926,0.5146753198030789,0.33325081709415266
IMPUTED,config_random80,GaussianNB,robust,undersample,off,0.41486648235967927,0.13825459423133998,120,0.27661188812833926,0.5146753198030789,0.33325081709415266
IMPUTED,config_random80,GaussianNB,standard,undersample,off,0.41486648235967927,0.13825459423133998,120,0.27661188812833926,0.5146753198030789,0.33325081709415266
IMPUTED,config_random80,GaussianNB,none,undersample,off,0.41486648235967927,0.13825459423134,120,0.27661188812833926,0.5146753198030789,0.3332508170941527
STRICT,config_random80,LinearDiscriminantAnalysis,standard,smote,on,0.4633375256984895,0.18681385708211276,560,0.2765236686163768,0.8502632152182128,0.4031917268097108
IMPUTED,config_kfold,KNeighborsClassifier,robust,smote,off,0.3303891664271871,0.05404851458252459,2556,0.2763406518446625,0.3049041182653227,0.1635904565727826
IMPUTED,config_loo,QuadraticDiscriminantAnalysis,standard,none,on,0.35275546000877567,0.07696267937766915,42,0.2757927806311065,0.250821917863857,0.218175728238918
IMPUTED,config_random80,GaussianNB,standard,undersample,on,0.40817044057964075,0.1332399282045957,840,0.27493051237504507,0.5921394501086561,0.3264320856144859
STRICT,config_random80,RandomForestClassifier,standard,smote,off,0.4125763028292524,0.13778654786677044,5472,0.2747897549624819,0.9357565557666552,0.33396621890761957
IMPUTED,config_kfold,QuadraticDiscriminantAnalysis,robust,undersample,off,0.34776618114128705,0.07306508507747761,240,0.27470109606380944,0.32902026222290714,0.21009830466463167
IMPUTED,config_random80,LinearDiscriminantAnalysis,robust,none,off,0.4498384544339616,0.17557225435225304,20,0.27426620008170854,0.6165784812543336,0.39030067932537743
IMPUTED,config_random80,LinearDiscriminantAnalysis,maxabs,none,off,0.4498384544339616,0.17557225435225304,20,0.27426620008170854,0.6165784812543336,0.39030067932537743
IMPUTED,config_random80,LinearDiscriminantAnalysis,standard,none,off,0.4498384544339616,0.17557225435225304,20,0.27426620008170854,0.6165784812543336,0.39030067932537743
IMPUTED,config_random80,LinearDiscriminantAnalysis,none,none,off,0.4498384544339616,0.17557225435225304,20,0.27426620008170854,0.6165784812543336,0.39030067932537743
IMPUTED,config_strat80,GaussianNB,standard,smoteenn,off,0.42571004885341546,0.15157983438209907,240,0.27413021447131636,0.7127912962720082,0.3560635573211298
IMPUTED,config_kfold,QuadraticDiscriminantAnalysis,standard,undersample,off,0.34314982861097415,0.06912278022357103,240,0.2740270483874031,0.31104192581558865,0.20143614963577586
STRICT,config_kfold,GaussianNB,robust,smoteenn,on,0.35576421991702795,0.08193793909143848,3024,0.27382628082558946,0.46168405972669724,0.23031528890271263
STRICT,config_kfold,SVC,maxabs,smoteenn,off,0.41706179621300515,0.14347426045188497,900,0.27358753576112016,0.7624610673894964,0.34401199475630856
IMPUTED,config_loo,LinearDiscriminantAnalysis,maxabs,none,on,0.3547269723089518,0.08143762984357411,14,0.27328934246537767,0.1985977607337009,0.22957834109283765
IMPUTED,config_random80,LinearDiscriminantAnalysis,standard,none,on,0.4392606821187257,0.16616899471510346,140,0.2730916874036222,0.7419408268023742,0.37829243881698116
IMPUTED,config_loo,KNeighborsClassifier,standard,none,on,0.3357974263242188,0.0628658611848104,224,0.27293156513940836,0.3668202162868583,0.18721364804062618
IMPUTED,config_loo,SVC,maxabs,none,off,0.3444483445268923,0.07174609593481268,5,0.27270224859207964,0.17451292471232072,0.20829275876868442
STRICT,config_random80,RandomForestClassifier,robust,smote,off,0.41036903065395114,0.13785859163670583,5472,0.2725104390172453,0.7758560184999473,0.3359380980017394
IMPUTED,config_random80,LinearDiscriminantAnalysis,robust,smote,on,0.46372185966762486,0.19153530350054054,560,0.2721865561670843,0.9781851759527075,0.41303919474019296
STRICT,config_random80,SVC,robust,smote,off,0.4444652226767553,0.17238370950498602,456,0.2720815131717693,0.7605499288422912,0.3878452142258044
STRICT,config_random80,LinearDiscriminantAnalysis,maxabs,smote,on,0.4593625545131968,0.18811601672759343,560,0.27124653778560337,0.9211323729436768,0.4095153487792378
IMPUTED,config_loo,GaussianNB,robust,undersample,on,0.34737508873585415,0.07639382763761546,30,0.2709812610982387,0.2220759666723611,0.2199174037367594
STRICT,config_kfold,SVC,maxabs,smote,off,0.4206773202623237,0.1496973522607405,900,0.2709799680015832,0.6529619899999227,0.3558484022085931
STRICT,config_random80,SVC,robust,undersample,off,0.4294248488531123,0.15848643233834733,228,0.2709384165147649,0.7566444492037344,0.369066747678029
STRICT,config_strat80,LinearDiscriminantAnalysis,maxabs,none,on,0.3859832134008263,0.11543669055688524,140,0.2705465228439411,0.5282363325775906,0.29907179003924556
STRICT,config_kfold,QuadraticDiscriminantAnalysis,none,none,off,0.3228093721692363,0.05244169552418411,120,0.2703676766450522,0.23877516934713808,0.16245406746335417
STRICT,config_random80,LinearDiscriminantAnalysis,none,smoteenn,off,0.40264000533004535,0.13230411540208226,80,0.2703358899279631,0.6277482883225067,0.3285915797006612
IMPUTED,config_strat80,RandomForestClassifier,maxabs,smote,off,0.43103510328213596,0.16073142727317036,5760,0.2703036760089656,0.8177890915075248,0.3728963744467069
IMPUTED,config_random80,KNeighborsClassifier,standard,undersample,on,0.4277561968221009,0.1575011964020246,4480,0.27025500042007633,0.9305976599463933,0.368203190443849
IMPUTED,config_kfold,KNeighborsClassifier,robust,smoteenn,on,0.3325397657180731,0.06260133571466255,17892,0.26993843000341056,0.444887893901737,0.18825217964379004
IMPUTED,config_strat80,RandomForestClassifier,none,smote,off,0.431612894556551,0.16169622175513035,5760,0.2699166728014206,0.8948421291351205,0.3746325093490563
IMPUTED,config_strat80,QuadraticDiscriminantAnalysis,robust,undersample,off,0.40038525255201507,0.13063675175396547,120,0.2697485007980496,0.4906200564991354,0.32627763115973935
STRICT,config_random80,SVC,standard,undersample,off,0.43618301763481016,0.16650793934567162,228,0.2696750782891385,0.7801894976054939,0.38173870282377365
STRICT,config_loo,QuadraticDiscriminantAnalysis,maxabs,none,on,0.31019802566486987,0.040565832796245774,14,0.2696321928686241,0.0994541111310776,0.1307739877109085
STRICT,config_strat80,LogisticRegression,standard,none,on,0.43809210790177583,0.16849563544515173,840,0.2695964724566241,0.8006773419864497,0.3846123507044093
STRICT,config_strat80,GaussianNB,standard,smoteenn,on,0.42698955396240457,0.15763653924579166,1680,0.2693530147166129,0.8704304334458315,0.3691812546301102
IMPUTED,config_strat80,GaussianNB,standard,smoteenn,on,0.4266763719512287,0.15744283014771296,1680,0.2692335418035158,0.6782173307786103,0.3689982396440492
IMPUTED,config_loo,QuadraticDiscriminantAnalysis,standard,undersample,off,0.33431159305538444,0.06508733764171903,12,0.2692242554136654,0.17922965479048428,0.1946906388942851
STRICT,config_loo,QuadraticDiscriminantAnalysis,standard,smoteenn,off,0.3467244465187383,0.07791217249661665,24,0.26881227402212166,0.32222750134781786,0.2247091985548991
STRICT,config_random80,RandomForestClassifier,maxabs,smoteenn,off,0.391397749223914,0.12288376687818311,5472,0.2685139823457309,0.6963439594074551,0.3139613529251104
STRICT,config_kfold,QuadraticDiscriminantAnalysis,robust,smoteenn,off,0.3540719520930506,0.08573210930688355,480,0.26833984278616707,0.40045296782568507,0.2421318853416354
IMPUTED,config_strat80,LinearDiscriminantAnalysis,robust,none,on,0.456968860872552,0.18889332755798707,140,0.2680755333145649,0.8459051693633014,0.4133614863763533
STRICT,config_strat80,GaussianNB,standard,undersample,on,0.4115991602944282,0.14355323109979612,840,0.2680459291946321,0.7385996056436945,0.3487694945662876
IMPUTED,config_random80,QuadraticDiscriminantAnalysis,standard,undersample,on,0.40819001788665105,0.1407039627272624,840,0.2674860551593886,0.7940634355179643,0.34470211558758407
IMPUTED,config_loo,LogisticRegression,maxabs,none,on,0.39057505442479534,0.12317492178715633,70,0.267400132637639,0.33602630347857554,0.3153681229554139
STRICT,config_loo,KNeighborsClassifier,standard,smote,off,0.3132371326246011,0.04584801832065669,128,0.2673891143039444,0.2043575653858827,0.14636840126998363
STRICT,config_kfold,KNeighborsClassifier,robust,smoteenn,on,0.35075687127702765,0.08355165448293904,17920,0.2672052167940886,0.5432693414760335,0.23820389940971384
STRICT,config_random80,LinearDiscriminantAnalysis,standard,smoteenn,on,0.4307144981771602,0.16362267563225555,560,0.2670918225449046,0.7462025072446364,0.3798866217058586
STRICT,config_loo,QuadraticDiscriminantAnalysis,robust,undersample,on,0.3620674994109392,0.09572549108685544,84,0.2663420083240837,0.3398247264380802,0.264385760231434
IMPUTED,config_kfold,KNeighborsClassifier,standard,none,on,0.3324423322933147,0.06611095986994994,4473,0.2663313724233648,0.535192416413381,0.19886444489151303
IMPUTED,config_loo,QuadraticDiscriminantAnalysis,standard,smote,off,0.31600098456858366,0.04975809366006372,24,0.26624289090851994,0.1892431250590335,0.15746183110155598
STRICT,config_random80,SVC,none,smote,off,0.43542076758324216,0.16958021841265022,456,0.26584054917059197,0.9594032236002469,0.38946286221919924
IMPUTED,config_random80,LogisticRegression,maxabs,smote,off,0.4333915054631949,0.1676735329777353,480,0.2657179724854596,0.7419408268023742,0.3868869852410495
IMPUTED,config_random80,LinearDiscriminantAnalysis,robust,undersample,on,0.4522191939765466,0.18704423521045993,280,0.26517495876608665,0.9911888110703237,0.4136141006437701
STRICT,config_strat80,GaussianNB,none,smoteenn,off,0.39819106544107774,0.1330534887348637,240,0.2651375767062141,0.5504293684071595,0.3341448371963842
STRICT,config_strat80,GaussianNB,robust,smoteenn,on,0.4321937353999935,0.1670933954304006,1680,0.2651003399695929,0.9258200997725514,0.38661688438347297
IMPUTED,config_kfold,QuadraticDiscriminantAnalysis,robust,smote,on,0.332580742576232,0.06764903359912504,3360,0.26493170897710694,0.4177796458212884,0.20340634600519292
STRICT,config_strat80,SVC,robust,none,off,0.38726742161010225,0.12237579399188105,120,0.2648916276182212,0.5015546822204248,0.31599816344760345
IMPUTED,config_kfold,QuadraticDiscriminantAnalysis,robust,smoteenn,off,0.33159202048320074,0.0667284415972537,480,0.264863578885947,0.4002454697879651,0.20123657227944158
IMPUTED,config_random80,LogisticRegression,robust,smoteenn,on,0.44094619745671304,0.17631597168218288,3360,0.26463022577453016,1.077195954867313,0.3998582427950102
STRICT,config_kfold,QuadraticDiscriminantAnalysis,robust,smote,off,0.32887222626664964,0.06430728821331175,480,0.2645649380533379,0.29991188156109594,0.19553882352221313
STRICT,config_kfold,QuadraticDiscriminantAnalysis,standard,smoteenn,off,0.3405191907012506,0.07632564461225436,480,0.26419354608899626,0.4069108313416757,0.2241449136980286
IMPUTED,config_kfold,KNeighborsClassifier,robust,undersample,on,0.3409161768211724,0.07684942132076454,8946,0.26406675550040787,0.5179065558791605,0.22542028376986026
STRICT,config_kfold,SVC,maxabs,smote,on,0.41511777973246233,0.15119962446223328,6272,0.26391815527022905,0.8049549695471004,0.36423307274306427
STRICT,config_strat80,RandomForestClassifier,maxabs,smoteenn,off,0.37760180285806844,0.11408329754347568,5760,0.26351850531459275,0.6758858166722999,0.30212593446318076
IMPUTED,config_strat80,GaussianNB,maxabs,smoteenn,on,0.42542640349371375,0.162249721690903,1680,0.26317668180281073,0.9387773505310387,0.3813814101768614
IMPUTED,config_random80,LogisticRegression,robust,none,off,0.42502880513247643,0.162161937294819,120,0.26286686783765745,0.6282824252567615,0.3815316405302814
IMPUTED,config_loo,QuadraticDiscriminantAnalysis,robust,undersample,off,0.33490976591308835,0.07214319429487911,12,0.26276657161820927,0.2091128476276787,0.21541084088184168
IMPUTED,config_loo,GaussianNB,robust,smoteenn,on,0.3110468894343636,0.048337467058649,69,0.2627094223757146,0.14113287068986882,0.1554025090768479
STRICT,config_loo,LogisticRegression,maxabs,smoteenn,off,0.3728764719494147,0.11059449307918441,48,0.2622819788702303,0.4196033761514908,0.29659820717834917
IMPUTED,config_random80,SVC,robust,smote,on,0.4528679555170691,0.19126803195711076,3360,0.2615999235599583,1.019985202214039,0.42234834597366794
IMPUTED,config_loo,KNeighborsClassifier,robust,smote,off,0.3123390692102787,0.05076400727809369,128,0.26157506193218505,0.1942080571816364,0.16252852198876663
STRICT,config_strat80,SVC,standard,none,off,0.38504151934433245,0.123845633430803,120,0.26119588591352944,0.5015546822204248,0.32164228325738325
STRICT,config_kfold,QuadraticDiscriminantAnalysis,robust,smote,on,0.3409578868282721,0.07991760189682728,3360,0.2610402849314448,0.4188923887003868,0.2343914160198876
STRICT,config_random80,RandomForestClassifier,none,smote,off,0.40641027258819834,0.14551783926253017,5472,0.26089243332566814,0.8295454545454546,0.3580564987587763
IMPUTED,config_strat80,QuadraticDiscriminantAnalysis,standard,undersample,off,0.38719433513109597,0.12632144259219596,120,0.2608728925389,0.45454144940641006,0.3262481682471572
IMPUTED,config_loo,QuadraticDiscriminantAnalysis,robust,smote,off,0.3209444662332725,0.06034102117654923,24,0.2606034450567233,0.19841813254299606,0.1880107854319304
IMPUTED,config_random80,GaussianNB,robust,none,off,0.42731653200412506,0.16681013542929507,60,0.26050639657483,0.596284793999944,0.3903666788807618
IMPUTED,config_random80,GaussianNB,standard,none,off,0.42731653200412506,0.16681013542929507,60,0.26050639657483,0.596284793999944,0.3903666788807618
IMPUTED,config_random80,GaussianNB,maxabs,none,off,0.42731653200412506,0.16681013542929507,60,0.26050639657483,0.596284793999944,0.3903666788807618
IMPUTED,config_random80,GaussianNB,none,none,off,0.42731653200412506,0.16681013542929507,60,0.26050639657483,0.596284793999944,0.3903666788807618
IMPUTED,config_loo,SVC,robust,none,on,0.3572586086815077,0.09692354212567188,60,0.2603350665558358,0.4797861449709625,0.2712979891048005
STRICT,config_kfold,QuadraticDiscriminantAnalysis,standard,smote,off,0.31688953113684026,0.0568925192818882,480,0.25999701185495205,0.2585943997519907,0.17953423414710626
IMPUTED,config_strat80,LinearDiscriminantAnalysis,robust,smoteenn,on,0.43956571959792373,0.17968510527039788,560,0.25988061432752585,0.8614110432930647,0.40877870420550105
STRICT,config_loo,LogisticRegression,maxabs,none,on,0.39116292378160156,0.13167178525705248,70,0.2594911385245491,0.39707395675162194,0.33661622114924405
IMPUTED,config_kfold,QuadraticDiscriminantAnalysis,standard,smoteenn,off,0.3243474952440811,0.06501871338102617,480,0.2593287818630549,0.38378241878252906,0.20046004465703574
STRICT,config_random80,LinearDiscriminantAnalysis,maxabs,smoteenn,on,0.41135006667112844,0.15216405946316205,560,0.25918600720796636,0.7258715764589013,0.3699137833975755
STRICT,config_random80,GaussianNB,standard,smote,off,0.37229226065449456,0.11315202764762496,228,0.2591402330068696,0.4813558679103025,0.30393333304512493
STRICT,config_strat80,GaussianNB,robust,smoteenn,off,0.397959821258598,0.14002827010154617,240,0.25793155115705185,0.6400020804997736,0.35186534574945066
IMPUTED,config_random80,GaussianNB,maxabs,smoteenn,off,0.3895807165444072,0.13212881017354897,240,0.25745190637085824,0.49807903042944807,0.33915644322833927
IMPUTED,config_kfold,QuadraticDiscriminantAnalysis,none,none,off,0.31665332479969954,0.05963939650084109,120,0.25701392829885844,0.2592843874039251,0.1883428716201425
STRICT,config_random80,GaussianNB,robust,smote,off,0.375499426131658,0.11850024599784768,228,0.2569991801338103,0.4934637712198269,0.31558036511166065
IMPUTED,config_kfold,SVC,none,none,off,0.3226064608000137,0.06581364313831566,203,0.25679281766169804,0.3300400946930563,0.2040059674412846
STRICT,config_loo,KNeighborsClassifier,robust,smote,off,0.3081240818783944,0.051344710803286175,128,0.25677937107510823,0.18594222665923352,0.16663647479378163
IMPUTED,config_loo,QuadraticDiscriminantAnalysis,maxabs,none,on,0.30046690086397765,0.04388681781920136,14,0.2565800830447763,0.1300034589778259,0.14606207104012786
STRICT,config_strat80,LogisticRegression,none,smote,off,0.387069907101204,0.1306261592569531,480,0.2564437478442509,0.6113297943862072,0.33747433437856833
STRICT,config_strat80,GaussianNB,standard,smoteenn,off,0.3961453201608634,0.13970579000651082,240,0.2564395301543526,0.5075761294837413,0.3526629822353581
STRICT,config_loo,SVC,robust,none,on,0.3812714138194738,0.12536877644968542,58,0.2559026373697884,0.549891282508189,0.3288176661181465
STRICT,config_kfold,KNeighborsClassifier,robust,none,off,0.30897991767547456,0.05315849385637924,640,0.25582142381909534,0.2609119220351788,0.17204514214484407
STRICT,config_random80,LinearDiscriminantAnalysis,standard,none,on,0.4409941621388963,0.18520319327260754,140,0.25579096886628877,0.7789043068258894,0.4199674489438606
IMPUTED,config_random80,KNeighborsClassifier,standard,undersample,off,0.41552942363708595,0.16007994769999237,640,0.25544947593709355,0.8457139225300395,0.38524335123811254
STRICT,config_random80,LinearDiscriminantAnalysis,robust,smoteenn,off,0.4048400862396571,0.15011136528870972,80,0.2547287209509474,0.641771408354877,0.37079175306727613
STRICT,config_strat80,LogisticRegression,maxabs,smote,on,0.44654813933596016,0.192220387848171,3360,0.2543277514877892,0.8427009716003844,0.43045837820310373
IMPUTED,config_random80,GaussianNB,maxabs,undersample,on,0.40050962563549586,0.14627077555097218,840,0.2542388500845237,0.6539712988175134,0.3652116358474074
IMPUTED,config_loo,KNeighborsClassifier,robust,none,off,0.2905425855059761,0.03641158963719226,32,0.25413099586878385,0.09262517033583079,0.12532272876205722
STRICT,config_strat80,KNeighborsClassifier,maxabs,undersample,on,0.3901892288405655,0.13632857498537074,4480,0.25386065385519474,0.8826278609215705,0.34939092345133826
IMPUTED,config_kfold,QuadraticDiscriminantAnalysis,robust,smote,off,0.31791740603121643,0.0641173471638716,480,0.2538000588673448,0.32152047209438317,0.2016792599194015
IMPUTED,config_random80,LogisticRegression,maxabs,smote,on,0.44593297202850746,0.19224730317762284,3360,0.2536856688508846,0.9600440080507178,0.4311125555553962
STRICT,config_loo,QuadraticDiscriminantAnalysis,robust,smoteenn,on,0.3370638311141924,0.08354985232034938,168,0.253513978793843,0.3806878567514268,0.2478754603962354
STRICT,config_strat80,KNeighborsClassifier,maxabs,smoteenn,on,0.3804786914639017,0.12729688670205502,8960,0.25318180476184665,0.9197748715099295,0.33457034403760416
STRICT,config_kfold,KNeighborsClassifier,robust,undersample,on,0.34376396533234355,0.0906967352797542,8960,0.25306723005258935,0.5483347734208589,0.26383432944191976
IMPUTED,config_loo,QuadraticDiscriminantAnalysis,robust,undersample,on,0.31710125787368004,0.06446520464366945,84,0.2526360532300106,0.2558537903570564,0.20329532930881564
STRICT,config_kfold,QuadraticDiscriminantAnalysis,robust,smoteenn,on,0.3399142085887513,0.08734068887531188,3360,0.25257351971343944,0.4783191032512243,0.25694921444423025
IMPUTED,config_kfold,QuadraticDiscriminantAnalysis,robust,smoteenn,on,0.3185488279198846,0.06600294903817659,3360,0.252545878881708,0.3844539934878209,0.20719884442574818
IMPUTED,config_loo,QuadraticDiscriminantAnalysis,none,undersample,off,0.2918909317267823,0.03936963675884256,12,0.25252129496793974,0.1234588334119057,0.1348779029411355
IMPUTED,config_strat80,GaussianNB,maxabs,smote,on,0.4226321007655324,0.17035588388221784,1680,0.2522762168833146,0.9177041376159698,0.403083162811449
STRICT,config_kfold,GaussianNB,maxabs,none,on,0.30190368572729803,0.04964361254861256,756,0.2522600731786855,0.2511734832355501,0.16443526493894606
STRICT,config_random80,GaussianNB,standard,smoteenn,off,0.36837625347109537,0.11612610283630019,228,0.25225015063479517,0.4921565254637922,0.315237754176823
IMPUTED,config_strat80,GaussianNB,robust,smoteenn,on,0.40795005618237706,0.15602346712756238,1680,0.2519265890548147,0.8404000602014686,0.3824572757450754
IMPUTED,config_kfold,QuadraticDiscriminantAnalysis,standard,smote,off,0.3064183074959212,0.05453397871402333,480,0.25188432878189787,0.2919600021143854,0.17797232534726812
STRICT,config_loo,QuadraticDiscriminantAnalysis,robust,smote,on,0.32866618944413706,0.07729114221243827,168,0.2513750472316988,0.3278092555186638,0.23516608855677665
STRICT,config_kfold,SVC,maxabs,smoteenn,on,0.4006507814762689,0.15003320988717975,6272,0.25061757158908915,0.7360732132792528,0.374473773230532
STRICT,config_strat80,KNeighborsClassifier,maxabs,undersample,off,0.373585027207234,0.12329008064518288,640,0.25029494656205115,0.667631044988582,0.3300187953646005
IMPUTED,config_kfold,KNeighborsClassifier,robust,none,off,0.3011215660680378,0.05111177764957355,639,0.2500097884184643,0.2841933408576889,0.1697380174956481
IMPUTED,config_strat80,QuadraticDiscriminantAnalysis,robust,undersample,on,0.39884168891693883,0.14901306237655085,840,0.24982862654038798,0.8404000602014686,0.3736145606573833
IMPUTED,config_random80,KNeighborsClassifier,standard,smote,on,0.3922288420628121,0.14259212773830335,8960,0.24963671432450876,0.8233650608584911,0.3635431983746581
IMPUTED,config_random80,KNeighborsClassifier,robust,undersample,off,0.4093212675914125,0.15996057371554467,640,0.24936069387586784,0.8176380472882998,0.3907946798288978
STRICT,config_strat80,LogisticRegression,none,undersample,off,0.361826057913283,0.1125589324938179,240,0.24926712541946508,0.516417831515765,0.31108575524650117
STRICT,config_loo,QuadraticDiscriminantAnalysis,none,smote,off,0.2777577436275889,0.02854413333565563,24,0.24921361029193329,0.10625407607255988,0.10276629181552878
IMPUTED,config_random80,KNeighborsClassifier,maxabs,undersample,off,0.40589696756174476,0.15693175558969238,640,0.24896521197205237,0.8570105213374581,0.38662953441705633
IMPUTED,config_strat80,QuadraticDiscriminantAnalysis,standard,smoteenn,on,0.4125008407758467,0.16378301114037866,1680,0.24871782963546804,0.8459051693633014,0.3970489146939181
IMPUTED,config_strat80,LinearDiscriminantAnalysis,robust,smoteenn,off,0.41111926947957284,0.16249912443544698,80,0.24862014504412586,0.7075975708018081,0.3952602967045334
IMPUTED,config_random80,SVC,robust,smoteenn,on,0.43143635556508836,0.18315039339695668,3360,0.24828596216813167,1.077195954867313,0.42451312003382113
STRICT,config_kfold,KNeighborsClassifier,robust,smote,on,0.31967622825432107,0.07142500725016043,17920,0.24825122100416064,0.5382404141864938,0.22342921036135874
STRICT,config_random80,LogisticRegression,maxabs,smote,on,0.4618912377480979,0.21368138108590445,3360,0.24820985666219347,1.0331108751348477,0.462622720724657
IMPUTED,config_random80,LinearDiscriminantAnalysis,robust,smoteenn,on,0.4148266727913152,0.16690347325842395,560,0.24792319953289124,1.023015505244342,0.402345085804999
STRICT,config_loo,SVC,maxabs,none,off,0.33975893765913684,0.0920695021415441,10,0.24768943551759276,0.22148646986220621,0.27098478343463867
STRICT,config_strat80,LogisticRegression,maxabs,smote,off,0.40863103528062006,0.16097671583156253,480,0.24765431944905753,0.8412698412698413,0.3939414824941396
STRICT,config_strat80,GaussianNB,maxabs,none,off,0.3713252131240317,0.12367867662556216,60,0.24764653649846957,0.44436287840500355,0.3330737376679306
STRICT,config_strat80,GaussianNB,robust,none,off,0.3713252131240317,0.12367867662556216,60,0.24764653649846957,0.44436287840500355,0.3330737376679306
STRICT,config_strat80,GaussianNB,none,none,off,0.3713252131240317,0.12367867662556216,60,0.24764653649846957,0.44436287840500355,0.3330737376679306
STRICT,config_strat80,GaussianNB,standard,none,off,0.3713252131240317,0.12367867662556216,60,0.24764653649846957,0.44436287840500355,0.3330737376679306
IMPUTED,config_kfold,GaussianNB,robust,none,on,0.3272683729096126,0.0796619287075249,588,0.24760644420208766,0.4213797183527027,0.24341468746057698
IMPUTED,config_kfold,LogisticRegression,maxabs,smoteenn,off,0.37378469444773244,0.12618537645433572,960,0.2475993179933967,0.5641737550239325,0.3375883986923939
STRICT,config_kfold,SVC,none,none,off,0.3246409077723563,0.07753595205838128,225,0.24710495571397506,0.3913523002037736,0.23883604993105426
IMPUTED,config_random80,KNeighborsClassifier,standard,smote,off,0.3795026112476621,0.1324395591540882,1280,0.2470630520935739,0.6324314484857549,0.348981944336764
IMPUTED,config_strat80,GaussianNB,standard,none,on,0.41543558184291873,0.1690446376129878,420,0.24639094422993094,0.7067953559353568,0.40690938619914757
IMPUTED,config_loo,QuadraticDiscriminantAnalysis,robust,none,on,0.2968210468122633,0.050542893773584875,42,0.24627815303867842,0.194689919617623,0.17028069375940452
IMPUTED,config_kfold,KNeighborsClassifier,robust,smote,on,0.31914268897639403,0.07292700223619505,17892,0.24621568674019897,0.5003507066416294,0.2285090799670151
STRICT,config_loo,KNeighborsClassifier,robust,smoteenn,on,0.3314099516720165,0.08568891034980633,894,0.24572104132221015,0.4978182411616698,0.2585586519580719
IMPUTED,config_random80,RandomForestClassifier,robust,undersample,off,0.3887230008991605,0.14302939008199128,2880,0.24569361081716923,0.8121341357098669,0.36794681495859016
STRICT,config_random80,LogisticRegression,robust,smoteenn,on,0.4198470062980673,0.1742715609975221,3360,0.2455754453005452,0.8930940136237107,0.4150834908509489
IMPUTED,config_random80,KNeighborsClassifier,standard,smoteenn,off,0.40136710282032684,0.15584592576414416,1280,0.24552117705618268,0.8012273129223667,0.38828774124497456
STRICT,config_random80,LogisticRegression,robust,undersample,on,0.42406011596050136,0.1788117189999718,1680,0.24524839696052955,1.06278670491097,0.4216659673239042
IMPUTED,config_random80,RandomForestClassifier,none,undersample,off,0.38913543615258783,0.14392090553860085,2880,0.245214530613987,0.8121341357098669,0.36984785287497324
STRICT,config_random80,GaussianNB,standard,undersample,on,0.40792084622973884,0.16278169522440436,798,0.24513915100533448,0.9240365727977614,0.3990521610477504
IMPUTED,config_random80,KNeighborsClassifier,standard,smoteenn,on,0.40034146434511564,0.1553352079305023,8960,0.24500625641461335,0.8863193363702735,0.3880067936120528
IMPUTED,config_random80,QuadraticDiscriminantAnalysis,robust,undersample,off,0.3976740721924842,0.15326663880200092,120,0.24440743339048326,0.7894459981880401,0.3854076730650321
IMPUTED,config_random80,GaussianNB,robust,smoteenn,off,0.397683908356126,0.15354002910045866,240,0.24414387925566733,0.7213066889877359,0.3860855968126413
STRICT,config_strat80,KNeighborsClassifier,maxabs,none,on,0.3653048235381476,0.12119707183061604,2240,0.24410775170753155,0.7259261003150643,0.3317697003197655
IMPUTED,config_random80,GaussianNB,standard,smoteenn,off,0.39710663475230373,0.1532148128373426,240,0.24389182191496114,0.777016467895282,0.3858278845754131
STRICT,config_random80,GaussianNB,maxabs,smote,off,0.3610756434512545,0.1174613179883482,228,0.2436143254629063,0.44442925273651945,0.3253094472549367
STRICT,config_random80,LogisticRegression,maxabs,undersample,on,0.44557614558167447,0.20211819813479817,1680,0.2434579474468763,0.9211323729436768,0.4536109038578452
IMPUTED,config_random80,RandomForestClassifier,standard,undersample,off,0.3880473664097573,0.14464722583808406,2880,0.24340014057167322,0.8121341357098669,0.37275662292562584
IMPUTED,config_random80,SVC,robust,undersample,on,0.4424277314119561,0.1994733657328514,1680,0.24295436567910472,1.1544912355776473,0.45086090127365114
IMPUTED,config_loo,KNeighborsClassifier,robust,smote,on,0.31298568551394457,0.0703163873273474,896,0.24266929818659716,0.3538883280545489,0.2246632692223062
IMPUTED,config_kfold,LogisticRegression,maxabs,undersample,off,0.3807641158084922,0.1381200439778569,480,0.24264407183063527,0.5903292167724287,0.3627443822655948
IMPUTED,config_random80,RandomForestClassifier,maxabs,undersample,off,0.38666834078232243,0.1441100909848596,2880,0.24255824979746282,0.8402100109516066,0.3726968975357291
STRICT,config_strat80,KNeighborsClassifier,maxabs,smote,on,0.36260868592597323,0.12022926062102303,8960,0.2423794253049502,0.8457045606257773,0.3315675142033633
IMPUTED,config_loo,SVC,maxabs,none,on,0.2985698351696141,0.05709610980671489,45,0.2414737253628992,0.23303049222410552,0.1912320103411627
IMPUTED,config_strat80,RandomForestClassifier,none,undersample,off,0.3954338519328539,0.1568334303386553,2880,0.23860042159419861,0.8371483870717559,0.39661103765412115
STRICT,config_random80,GaussianNB,none,smote,off,0.3607910715800093,0.1223583131450502,228,0.2384327584349591,0.4934637712198269,0.3391389720627162
STRICT,config_strat80,LinearDiscriminantAnalysis,robust,undersample,on,0.4197125125862852,0.18130496509033553,280,0.2384075474959497,0.8456847345337983,0.4319741719710168
IMPUTED,config_strat80,QuadraticDiscriminantAnalysis,robust,smoteenn,off,0.39706939462361035,0.1591111791983835,240,0.23795821542522685,0.7897622477448089,0.4007137829124504
IMPUTED,config_random80,QuadraticDiscriminantAnalysis,standard,undersample,off,0.38664082731125526,0.14906905644999288,120,0.23757177086126238,0.7894459981880401,0.38554918653220416
IMPUTED,config_strat80,RandomForestClassifier,maxabs,undersample,off,0.3950698145653431,0.15758780023827232,2880,0.2374820143270708,0.8371483870717559,0.3988859549081239
IMPUTED,config_strat80,KNeighborsClassifier,standard,undersample,on,0.39281831578367965,0.1554015163116405,4480,0.23741679947203914,0.9142014246993516,0.395606594874813
IMPUTED,config_kfold,QuadraticDiscriminantAnalysis,none,smoteenn,off,0.3018709410961501,0.06456512196521957,480,0.23730581913093052,0.3356582671339853,0.2138831970072094
IMPUTED,config_strat80,QuadraticDiscriminantAnalysis,standard,smoteenn,off,0.39814819821409064,0.16133359249379595,240,0.2368146057202947,0.7729468599033816,0.40520990228629467
IMPUTED,config_strat80,LogisticRegression,maxabs,smoteenn,on,0.4313036100652587,0.19453472233987568,3360,0.23676888772538301,1.1123508829409707,0.4510389382329572
IMPUTED,config_strat80,RandomForestClassifier,standard,undersample,off,0.3929488968328206,0.1563832776650823,2880,0.23656561916773827,0.9154099740489929,0.3979735760185002
IMPUTED,config_random80,KNeighborsClassifier,robust,smote,off,0.3771737657932405,0.14085143850162274,1280,0.23632232729161778,0.686873200157612,0.37343911818839176
STRICT,config_random80,RandomForestClassifier,none,smoteenn,off,0.35556947230728747,0.11938458422192195,5472,0.23618488808536553,0.6590909090909091,0.3357560013440871
IMPUTED,config_strat80,LogisticRegression,maxabs,undersample,on,0.451747854754856,0.21591384943180253,1680,0.23583400532305349,0.92783056924063,0.47795213006372683
STRICT,config_loo,KNeighborsClassifier,robust,none,off,0.2844559111998349,0.04892600301413478,31,0.2355299081857001,0.15744466026770199,0.1719985456015483
IMPUTED,config_random80,LogisticRegression,maxabs,smoteenn,on,0.4186967223484378,0.1831769970025994,3360,0.2355197253458384,0.9600440080507178,0.43749326714375425
STRICT,config_random80,GaussianNB,robust,smoteenn,off,0.36785541967231977,0.13258492941666145,228,0.23527049025565833,0.5603981548469438,0.3604267392193546
STRICT,config_strat80,KNeighborsClassifier,maxabs,smoteenn,off,0.36262401379679987,0.12749674583384843,1280,0.23512726796295144,0.7419310696313324,0.3515948778430668
IMPUTED,config_strat80,RandomForestClassifier,robust,undersample,off,0.3929305879615535,0.15791276219315764,2880,0.23501782576839586,0.9154099740489929,0.40188462550695775
STRICT,config_random80,LogisticRegression,maxabs,smote,off,0.41952016874798975,0.1845450706379338,480,0.23497509811005596,0.8528028654224417,0.4398955863997852
IMPUTED,config_loo,QuadraticDiscriminantAnalysis,robust,smoteenn,on,0.29667353073246183,0.062102712766184245,168,0.2345708179662776,0.2910250453218707,0.20933014351788615
STRICT,config_random80,KNeighborsClassifier,none,none,off,0.3768860602273156,0.14251584072783882,316,0.23437021949947676,0.7248860785868859,0.37814038715542203
STRICT,config_kfold,LogisticRegression,maxabs,undersample,off,0.38006698585716286,0.1457432041991063,480,0.23432378165805656,0.5759010819317039,0.38346715085082306
IMPUTED,config_random80,RandomForestClassifier,robust,smoteenn,off,0.3778303212610893,0.14423538569537844,5760,0.23359493556571084,0.686801988123018,0.38174645490060743
STRICT,config_random80,QuadraticDiscriminantAnalysis,standard,smote,on,0.3621297963123984,0.1286466532639407,1680,0.2334831430484577,0.7236752009005669,0.3552501190842665
STRICT,config_strat80,LinearDiscriminantAnalysis,robust,smoteenn,on,0.4174496409928101,0.18419099775681483,560,0.2332586432359953,1.2303551543087017,0.4412292637712131
IMPUTED,config_random80,SVC,robust,none,off,0.3664543758379042,0.13326408828313538,120,0.2331902875547688,0.5939957079367792,0.36365806242161736
STRICT,config_kfold,GaussianNB,robust,none,on,0.3422750085892219,0.10913745149909265,756,0.23313755709012923,0.4652776720851974,0.3188589548180333
STRICT,config_strat80,LinearDiscriminantAnalysis,robust,smote,on,0.43113151632771296,0.19805403842795508,560,0.23307747789975788,1.2712724001718128,0.4593819540611122
STRICT,config_loo,GaussianNB,robust,undersample,on,0.3325186953324158,0.09962416494236255,33,0.23289453039005326,0.29481043895334036,0.29960470295593217
IMPUTED,config_strat80,RandomForestClassifier,maxabs,smoteenn,off,0.38907297622326364,0.1566142854106353,5760,0.23245869081262835,0.7691213717182754,0.4025319027059966
IMPUTED,config_kfold,SVC,robust,none,on,0.33417078655312005,0.10216981556929168,1398,0.23200097098382838,0.5123019560729423,0.3057413145629673
IMPUTED,config_strat80,GaussianNB,maxabs,undersample,on,0.41180999300258114,0.1799649466713719,840,0.23184504633120925,0.8401565586443963,0.43700966399386015
STRICT,config_random80,SVC,standard,none,on,0.40345256088932324,0.17169834569279888,798,0.23175421519652437,0.82915619758885,0.4255725761520197
IMPUTED,config_random80,GaussianNB,standard,smote,on,0.3884859652870517,0.15685973868263647,1680,0.23162622660441523,0.7213066889877359,0.40377195754480616
STRICT,config_strat80,LogisticRegression,maxabs,smoteenn,on,0.40829833556419937,0.17688873703340313,3360,0.23140959853079623,0.8840658905209324,0.4332340389998719
STRICT,config_strat80,SVC,none,smote,off,0.37786802660461405,0.14650274154276224,480,0.2313652850618518,0.6684511272714707,0.3877087533951552
IMPUTED,config_random80,SVC,maxabs,smoteenn,off,0.43193971968491096,0.20062107674575075,480,0.2313186429391602,1.402943233077624,0.46446545108678294
STRICT,config_strat80,KNeighborsClassifier,maxabs,none,off,0.3400065114080971,0.10959009508644382,320,0.2304164163216533,0.6349525747148833,0.3223176363081674
STRICT,config_loo,GaussianNB,standard,none,on,0.34037538258186056,0.10999723825781879,13,0.23037814432404177,0.23692093411957718,0.32316449392859475
STRICT,config_kfold,QuadraticDiscriminantAnalysis,none,smote,off,0.27931073103150467,0.04946670164649855,480,0.22984402938500612,0.2545803945628436,0.17710276101392963
IMPUTED,config_random80,KNeighborsClassifier,none,smoteenn,off,0.3512664253532416,0.12147091936923984,1280,0.22979550598400175,0.6153086820090321,0.3458085105830593
IMPUTED,config_kfold,QuadraticDiscriminantAnalysis,none,undersample,off,0.2879084589571456,0.05832587875870544,240,0.2295825801984402,0.2865250275958886,0.20258480410743016
IMPUTED,config_loo,QuadraticDiscriminantAnalysis,none,smote,off,0.264095067349757,0.03461250328702162,24,0.2294825640627354,0.1298313199198781,0.13106077154096255
IMPUTED,config_strat80,KNeighborsClassifier,none,smoteenn,off,0.40896917439078784,0.17949236033694788,1280,0.22947681405383996,0.7759058233336321,0.4388897050843131
STRICT,config_strat80,KNeighborsClassifier,maxabs,smote,off,0.3529464016427373,0.12356972572288646,1280,0.2293766759198508,0.5444741031030369,0.3501090396381697
STRICT,config_strat80,LinearDiscriminantAnalysis,robust,none,on,0.40754214630280583,0.1786787336729061,140,0.22886341262989973,0.7566444492037344,0.43843007476372003
IMPUTED,config_strat80,KNeighborsClassifier,none,undersample,off,0.41855516214341276,0.19000897983958803,640,0.22854618230382473,0.9366774482061366,0.4539640100639442
STRICT,config_random80,LogisticRegression,robust,smote,on,0.42557619360785715,0.19725093499980592,3360,0.22832525860805122,1.1830248362519253,0.46349146865475466
STRICT,config_strat80,RandomForestClassifier,standard,smoteenn,off,0.35800006641174836,0.12983581112049059,5760,0.22816425529125778,0.7385996056436945,0.3626697961870261
IMPUTED,config_random80,LogisticRegression,maxabs,undersample,on,0.4260340908388947,0.19811516872470708,1680,0.22791892211418763,0.8563488385776753,0.46502186793221806
STRICT,config_strat80,RandomForestClassifier,none,smoteenn,off,0.3569629639808894,0.12979458016251894,5760,0.22716838381837046,0.6378467097788005,0.3636079741019511
STRICT,config_random80,LinearDiscriminantAnalysis,maxabs,smoteenn,off,0.38412415599024896,0.15715513678066972,80,0.22696901920957924,0.6385489458759964,0.4091258889343557
STRICT,config_random80,GaussianNB,standard,smoteenn,on,0.3785707117238933,0.1516613633070777,1596,0.2269093484168156,0.899127438821564,0.4006156805328627
STRICT,config_strat80,GaussianNB,robust,smote,off,0.3737796948454695,0.14749771660028602,240,0.2262819782451835,0.5540788127738961,0.39461136769686084
STRICT,config_strat80,GaussianNB,maxabs,smote,off,0.3784557686209202,0.15222213253319458,240,0.2262336360877256,0.5540788127738961,0.4022190838519566
IMPUTED,config_loo,GaussianNB,robust,none,on,0.29146745310423644,0.06533885644169489,15,0.22612859666254154,0.1890760322834436,0.22417204990063846
STRICT,config_loo,LogisticRegression,maxabs,none,off,0.3735305488982026,0.14763327743979987,10,0.22589727145840272,0.3879487529526639,0.3952374922888409
STRICT,config_strat80,GaussianNB,standard,none,on,0.36391922215387995,0.13809990644989767,420,0.22581931570398228,0.6831300510639732,0.37947956041602926
STRICT,config_random80,KNeighborsClassifier,none,undersample,off,0.38601094983174505,0.16033807748511714,632,0.22567287234662792,0.7819109969108353,0.41537183739219186
STRICT,config_kfold,QuadraticDiscriminantAnalysis,none,smoteenn,off,0.2979377166938211,0.07227594844494985,480,0.22566176824887124,0.41498163834700647,0.2425874415867428
IMPUTED,config_random80,KNeighborsClassifier,maxabs,undersample,on,0.39138424278210854,0.16577413279475492,4480,0.22561010998735362,1.0044485928661464,0.4235585255460698
STRICT,config_strat80,GaussianNB,standard,smote,off,0.36692775558578483,0.14154332930536717,240,0.22538442628041766,0.5540788127738961,0.38575258249242866
IMPUTED,config_strat80,QuadraticDiscriminantAnalysis,none,undersample,off,0.31899186616917896,0.09372778118341667,120,0.22526408498576228,0.3539143010525256,0.2938249877935999
STRICT,config_strat80,KNeighborsClassifier,standard,smoteenn,off,0.3607537892144824,0.1355735799984562,1280,0.22518020921602622,0.7715167498104595,0.3758063922035545
IMPUTED,config_strat80,RandomForestClassifier,robust,smoteenn,off,0.38379041298142624,0.15882054389079098,5760,0.22496986909063527,0.8973626513117138,0.4138210297047654
STRICT,config_strat80,SVC,robust,smoteenn,on,0.4179352212442266,0.19314471901838345,3360,0.22479050222584315,1.340817725737283,0.46214032510439335
IMPUTED,config_random80,KNeighborsClassifier,robust,smoteenn,off,0.39548244483874584,0.17069323214004836,1280,0.22478921269869748,0.8551241184859961,0.43160760829636036
IMPUTED,config_random80,GaussianNB,robust,smote,off,0.3791630582006494,0.1543853419039129,240,0.22477771629673649,0.6943912733561673,0.40717400750105165
IMPUTED,config_random80,QuadraticDiscriminantAnalysis,none,undersample,off,0.34910283583665164,0.12442878287765799,120,0.22467405295899365,0.6240623705168631,0.35642444032130216
IMPUTED,config_random80,RandomForestClassifier,maxabs,smoteenn,off,0.3731222165579291,0.14847389935856736,5760,0.22464831719936174,0.8232058869160822,0.3979229667111394
IMPUTED,config_random80,GaussianNB,maxabs,smote,off,0.3742172570589479,0.15001955954790255,240,0.22419769751104537,0.6943912733561673,0.4008889400957556
STRICT,config_random80,RandomForestClassifier,standard,smoteenn,off,0.3548372708898445,0.13103382691384355,5472,0.22380344397600097,0.831594564699541,0.3692786459134999
STRICT,config_random80,GaussianNB,standard,smote,on,0.3888769552992926,0.16520077916638223,1596,0.22367617613291038,0.9005319220480028,0.42481503960356365
IMPUTED,config_strat80,GaussianNB,robust,undersample,on,0.39760093958541404,0.1740380606151606,840,0.22356287897025343,0.8676084710195151,0.43772044602468335
STRICT,config_random80,QuadraticDiscriminantAnalysis,standard,undersample,on,0.3768633753610699,0.15339185418769655,840,0.22347152117337335,0.6185963596650629,0.4070224495567737
STRICT,config_strat80,GaussianNB,robust,smote,on,0.41238783841094995,0.18981275205747175,1680,0.2225750863534782,1.1700278069543728,0.4602772787599057
IMPUTED,config_random80,QuadraticDiscriminantAnalysis,standard,none,off,0.3653902286622557,0.14286269954598546,60,0.22252752911627022,0.5960996663310653,0.3909866447962378
IMPUTED,config_random80,KNeighborsClassifier,robust,undersample,on,0.39156836685286794,0.16905565747599546,4480,0.22251270937687248,0.9956866579742072,0.4317398232005759
IMPUTED,config_kfold,QuadraticDiscriminantAnalysis,robust,none,on,0.29898994303831017,0.07650038500512739,840,0.22248955803318277,0.4242137399196816,0.2558627364778127
STRICT,config_random80,LinearDiscriminantAnalysis,robust,undersample,on,0.4042150885769472,0.18255350696017206,280,0.22166158161677516,0.8597265985880568,0.4516246724061138
STRICT,config_loo,QuadraticDiscriminantAnalysis,maxabs,smote,on,0.3249339583394251,0.10346053514533812,168,0.221473423194087,0.3452085001660672,0.31840480962369444
STRICT,config_random80,SVC,none,undersample,off,0.4024683106283078,0.1814385797530523,228,0.2210297308752555,0.887950882063457,0.45081457337548386
IMPUTED,config_loo,GaussianNB,maxabs,none,on,0.2637412337112116,0.042874285469351604,21,0.22086694824186,0.09552261063505879,0.1625619356747895
STRICT,config_loo,GaussianNB,robust,smoteenn,on,0.31588978406702706,0.0952690858103405,75,0.22062069825668656,0.3940714391760025,0.30158963858776083
STRICT,config_kfold,SVC,robust,none,on,0.34947440008569125,0.1290166531621731,1575,0.22045774692351816,0.5739409484697463,0.36917340191595766
IMPUTED,config_kfold,GaussianNB,maxabs,none,on,0.2836219030513411,0.06338335080029692,588,0.2202385522510442,0.2875827831850619,0.22347833548251486
IMPUTED,config_random80,GaussianNB,none,smote,off,0.3713594094940314,0.15129788298394142,240,0.22006152651008998,0.6943912733561673,0.4074163172277802
STRICT,config_strat80,KNeighborsClassifier,standard,smoteenn,on,0.36101636164201995,0.1412954595036709,8960,0.21972090213834905,0.9184260944412339,0.3913824261621084
STRICT,config_kfold,LogisticRegression,maxabs,smoteenn,off,0.3573578287646724,0.13765696222887053,960,0.2197008665358019,0.587284235284031,0.38520762985584545
STRICT,config_strat80,LogisticRegression,robust,smoteenn,on,0.4164301660657171,0.1969703276259347,3360,0.2194598384397824,1.2698412698412698,0.47299726022934346
STRICT,config_random80,SVC,robust,smoteenn,on,0.40419657212233406,0.18547056571839757,3192,0.2187260064039365,1.0759031918590216,0.45886229253389876
STRICT,config_random80,LogisticRegression,maxabs,smoteenn,on,0.40624084942313365,0.18760836250260463,3360,0.21863248692052903,1.0621513916481182,0.46181560217051165
STRICT,config_strat80,LogisticRegression,robust,smote,on,0.4345313990847683,0.21590203177705822,3360,0.21862936730771007,1.2712724001718128,0.49686175091558826
STRICT,config_strat80,LogisticRegression,robust,undersample,on,0.4134096555954178,0.1948527947222124,1680,0.21855686087320542,1.1898732547867077,0.4713310201755533
IMPUTED,config_loo,LogisticRegression,maxabs,none,off,0.36776116326390274,0.14936624028465925,10,0.21839492297924348,0.405751951269811,0.40615011916708327
IMPUTED,config_strat80,QuadraticDiscriminantAnalysis,standard,smote,on,0.37449332335017804,0.1561008403702639,1680,0.21839248297991415,0.8614110432930647,0.4168321052396933
STRICT,config_loo,KNeighborsClassifier,robust,undersample,on,0.30426759666303277,0.08629544079462327,448,0.2179721558684095,0.4504965168109088,0.2836169271425668
STRICT,config_strat80,RandomForestClassifier,robust,smoteenn,off,0.3594418524425211,0.14157236252147684,5760,0.21786948992104424,0.670693620047775,0.39386721818688575
STRICT,config_strat80,LogisticRegression,maxabs,undersample,on,0.40586433105844044,0.18812800522533085,1680,0.2177363258331096,0.8017837257372731,0.46352436227819754
STRICT,config_strat80,SVC,robust,smote,on,0.4277620170582677,0.2102038776362834,3360,0.21755813942198432,1.1634674855362768,0.49140379288900354
IMPUTED,config_random80,RandomForestClassifier,none,smoteenn,off,0.3570321805181102,0.14011511522372067,5760,0.21691706529438953,0.7548798020237394,0.3924439388639743
STRICT,config_random80,QuadraticDiscriminantAnalysis,robust,undersample,off,0.36815597313617027,0.1513056184468078,120,0.21685035468936248,0.7598082621153318,0.4109823810758714
IMPUTED,config_random80,RandomForestClassifier,standard,smoteenn,off,0.3727852563440144,0.1559367076557107,5760,0.2168485486883037,0.719718604580152,0.418301703197749
IMPUTED,config_random80,KNeighborsClassifier,maxabs,smote,on,0.3650931072307119,0.1483996268812378,8960,0.2166934803494741,0.9730660095212543,0.4064706343181116
IMPUTED,config_random80,GaussianNB,standard,smote,off,0.3699030251614051,0.15339350863738985,240,0.21650951652401526,0.6943912733561673,0.4146857370805698
STRICT,config_random80,KNeighborsClassifier,robust,smoteenn,off,0.3571308673624631,0.14070053469281144,1264,0.21643033266965164,0.6187997608896401,0.3939747234170328
IMPUTED,config_strat80,SVC,robust,none,on,0.4098240579730702,0.19405344969079283,840,0.21577060828227737,0.7679476477883045,0.47350429023262514
STRICT,config_loo,QuadraticDiscriminantAnalysis,maxabs,smote,off,0.3217720459354444,0.10612687451303492,24,0.21564517142240947,0.3354180035727832,0.32982005694281674
IMPUTED,config_strat80,LogisticRegression,maxabs,undersample,off,0.41437752499630903,0.19892699033692482,240,0.2154505346593842,0.717973623597536,0.48006220978972425
IMPUTED,config_strat80,QuadraticDiscriminantAnalysis,robust,smoteenn,on,0.3760389270828677,0.1609274009486627,1680,0.21511152613420498,0.8860337870585578,0.4279541009146618
STRICT,config_random80,KNeighborsClassifier,none,smote,off,0.37229738441521093,0.15753341949648944,1264,0.2147639649187215,0.7462164613005271,0.42313866841674513
STRICT,config_random80,KNeighborsClassifier,maxabs,undersample,on,0.3765937419622192,0.16215826913421286,4417,0.21443547282800632,0.9106728459769382,0.4305920440666297
IMPUTED,config_random80,SVC,standard,none,off,0.3550488615857715,0.14083881828094313,120,0.21421004330482835,0.5939957079367792,0.3966744679926816
STRICT,config_strat80,QuadraticDiscriminantAnalysis,standard,undersample,on,0.3709502589176396,0.15688193157906175,840,0.21406832733857786,0.7434604782231877,0.42291905129494334
IMPUTED,config_strat80,KNeighborsClassifier,robust,undersample,on,0.3745354193906808,0.16114938247100957,4480,0.21338603691967123,0.9407543046325685,0.43026473366171386
STRICT,config_loo,KNeighborsClassifier,robust,smote,on,0.2859489522070993,0.07309453622604949,894,0.21285441598104982,0.3825964841227736,0.25562092695870614
STRICT,config_random80,SVC,robust,smote,on,0.41205185528481114,0.1992196414634888,3192,0.21283221382132234,1.1038355153089967,0.4834819669135763
STRICT,config_strat80,KNeighborsClassifier,robust,smoteenn,off,0.35821915400219023,0.1454234168140173,1280,0.21279573718817293,0.8260813821716652,0.4059621468848875
STRICT,config_strat80,GaussianNB,maxabs,undersample,on,0.38363824179038764,0.17120618305046761,840,0.21243205873992002,0.6947600896752019,0.4462698563403679
IMPUTED,config_random80,QuadraticDiscriminantAnalysis,robust,undersample,on,0.39148868959375865,0.17946965319694114,840,0.21201903639681752,0.8817406938378389,0.4584287055219241
IMPUTED,config_strat80,QuadraticDiscriminantAnalysis,robust,smote,on,0.36081436391227684,0.14880545383687646,1680,0.21200891007540038,1.0143112758815511,0.41241554860342217
IMPUTED,config_random80,RandomForestClassifier,robust,smote,off,0.36837805150393527,0.15676884191828436,5760,0.2116092095856509,0.7105404613087904,0.4255650988930041
STRICT,config_strat80,KNeighborsClassifier,standard,undersample,on,0.35845071560799746,0.14730891687867143,4480,0.21114179872932604,0.9664157142288494,0.4109600301084872
STRICT,config_strat80,SVC,none,undersample,off,0.3611816534168834,0.1501121368813112,240,0.2110695165355722,0.7566444492037344,0.4156139589627733
STRICT,config_random80,LogisticRegression,robust,none,on,0.4132421490306389,0.20221464764948763,840,0.21102750138115126,1.0139674582275178,0.48933693749253754
IMPUTED,config_random80,LogisticRegression,maxabs,smoteenn,off,0.38989139093738634,0.179021386170043,480,0.21087000476734333,0.7624437362098716,0.4591570635597658
IMPUTED,config_kfold,KNeighborsClassifier,robust,none,on,0.28215148141307167,0.07128564664274356,4473,0.2108658347703281,0.5050755073158381,0.2526502653316957
STRICT,config_kfold,QuadraticDiscriminantAnalysis,robust,none,on,0.29886011890248443,0.08880603653266599,840,0.21005408236981843,0.4305238750114436,0.2971491708522095
STRICT,config_loo,QuadraticDiscriminantAnalysis,maxabs,smoteenn,on,0.3018252231985944,0.09221867020598223,164,0.20960655299261216,0.391283086300253,0.30553665869503677
STRICT,config_strat80,SVC,standard,none,on,0.371495771630749,0.16192216821617303,840,0.20957360341457595,0.8310051482386704,0.4358654406896367
STRICT,config_random80,SVC,maxabs,smote,off,0.4127988361392432,0.2033946286945343,456,0.20940420744470886,0.9211323729436768,0.4927209354483894
IMPUTED,config_random80,GaussianNB,maxabs,smoteenn,on,0.36166367445184017,0.15238815951420787,1680,0.2092755149376323,0.778825903618446,0.42135323583485895
IMPUTED,config_kfold,QuadraticDiscriminantAnalysis,none,smote,off,0.2554800553186157,0.0464212480414738,480,0.20905880727714188,0.2553425764388098,0.1817020431735099
STRICT,config_strat80,SVC,maxabs,smoteenn,off,0.403412081312097,0.19461394785135055,480,0.20879813346074644,0.8412698412698413,0.4824197312543766
STRICT,config_random80,LinearDiscriminantAnalysis,robust,smote,on,0.41630589477634145,0.2076673569842762,560,0.20863853779206523,1.0759031918590216,0.49883357307694287
IMPUTED,config_random80,LogisticRegression,maxabs,undersample,off,0.38217959933539836,0.1736410613274855,240,0.20853853800791286,0.7125253031944253,0.45434413984797556
IMPUTED,config_random80,KNeighborsClassifier,maxabs,none,on,0.3539804742781555,0.1458132149563096,2240,0.20816725932184588,0.919249860843106,0.41192445784941956
STRICT,config_random80,KNeighborsClassifier,standard,smoteenn,on,0.36057613535657956,0.15249036500931293,8848,0.20808577034726664,0.9003680148378911,0.4229075361809864
IMPUTED,config_strat80,QuadraticDiscriminantAnalysis,standard,smote,off,0.3507450845912993,0.14286727955857106,240,0.20787780503272826,0.7222297737353062,0.4073251082764142
STRICT,config_random80,QuadraticDiscriminantAnalysis,standard,none,on,0.3809943155369977,0.1732856749764678,420,0.2077086405605299,0.8546866029262277,0.45482483047608707
STRICT,config_random80,QuadraticDiscriminantAnalysis,standard,undersample,off,0.36065684011414834,0.15299812883200803,120,0.2076587112821403,0.7598082621153318,0.42422078778149314
STRICT,config_strat80,GaussianNB,none,smote,off,0.36182298709242916,0.15449535577300744,240,0.20732763131942172,0.5540788127738961,0.42699154361229397
IMPUTED,config_strat80,KNeighborsClassifier,standard,undersample,off,0.3845438535604323,0.17740421606309817,640,0.20713963749733413,0.7398315699325279,0.46133676151767833
STRICT,config_random80,KNeighborsClassifier,none,smoteenn,off,0.35664073444624694,0.14986706271381872,1264,0.20677367173242822,0.7033303160589411,0.42021857919992245
IMPUTED,config_random80,KNeighborsClassifier,robust,smoteenn,on,0.3749685320768098,0.1682095280761301,8960,0.2067590040006797,0.9459926602370674,0.4485963852605997
IMPUTED,config_random80,RandomForestClassifier,standard,smote,off,0.35390478983358775,0.14762456274406943,5760,0.20628022708951832,0.7919347632909219,0.41713072833369985
STRICT,config_random80,SVC,robust,undersample,on,0.3976650173643858,0.19145013797750482,1596,0.206214879386881,1.0622070256290557,0.4814357049719475
IMPUTED,config_strat80,QuadraticDiscriminantAnalysis,robust,smote,off,0.34890313418953883,0.14275301598097262,240,0.2061501182085662,0.7222297737353062,0.4091479897782265
STRICT,config_strat80,GaussianNB,maxabs,smoteenn,on,0.38391341257666634,0.17780715764525495,1680,0.20610625493141138,0.8295577853219501,0.46314390646549086
STRICT,config_strat80,SVC,robust,undersample,on,0.41198361516548815,0.20623443551507747,1680,0.20574917965041067,1.1715828819097789,0.5005889261693962
STRICT,config_random80,GaussianNB,maxabs,smoteenn,off,0.33168116613544557,0.12607986674984312,228,0.20560129938560245,0.5110291340323085,0.3801236838945418
IMPUTED,config_random80,KNeighborsClassifier,maxabs,smote,off,0.3541077383135949,0.14858547038433245,1280,0.20552226792926243,0.784896841853148,0.41960526220623395
IMPUTED,config_loo,QuadraticDiscriminantAnalysis,maxabs,smote,on,0.31318338276343405,0.10775578629849826,168,0.2054275964649358,0.4192150882218791,0.3440661038516612
IMPUTED,config_random80,KNeighborsClassifier,maxabs,smoteenn,on,0.357200336206116,0.15222289442853681,8960,0.2049774417775792,0.8165949807809287,0.42615551834391147
IMPUTED,config_strat80,KNeighborsClassifier,none,none,off,0.3568566597479006,0.15203217388684515,320,0.20482448586105545,0.7398315699325279,0.4260314883691604
STRICT,config_random80,QuadraticDiscriminantAnalysis,standard,none,off,0.3818277957683066,0.17724191110086235,60,0.20458588466744426,0.7128726847826363,0.4641933171581172
STRICT,config_strat80,QuadraticDiscriminantAnalysis,robust,smoteenn,on,0.3724922431012247,0.16858857514047923,1680,0.20390366796074547,0.9599904280617213,0.45259620371387255
IMPUTED,config_random80,SVC,maxabs,smoteenn,on,0.4128321931298638,0.2091325595000802,3360,0.2036996336297836,1.5110025092856523,0.5065800656546515
IMPUTED,config_strat80,RandomForestClassifier,none,smoteenn,off,0.3810648307674085,0.17737571212002753,5760,0.20368911864738096,0.7866349363013665,0.46547384538956
STRICT,config_strat80,KNeighborsClassifier,standard,undersample,off,0.35254218815524585,0.1493036293135231,640,0.20323855884172276,0.6123724356957946,0.4235057089047612
IMPUTED,config_random80,RandomForestClassifier,none,smote,off,0.3625127956654239,0.15942864379026397,5760,0.2030841518751599,0.7105404613087904,0.4397876314893072
IMPUTED,config_loo,QuadraticDiscriminantAnalysis,maxabs,smoteenn,on,0.30078075345653327,0.09796423104062452,168,0.20281652241590875,0.39202254864680564,0.32569979932170634
STRICT,config_strat80,KNeighborsClassifier,robust,smoteenn,on,0.3570819351252739,0.1543840907033482,8960,0.20269784442192573,1.064229055321185,0.43234920480977596
IMPUTED,config_strat80,KNeighborsClassifier,robust,undersample,off,0.3719768543634471,0.16938475753240256,640,0.2025920968310445,0.8154372514343852,0.4553637021912712
STRICT,config_strat80,LogisticRegression,robust,none,on,0.40868520167734507,0.20638224151876877,840,0.2023029601585763,1.118689032996783,0.5049907377896852
IMPUTED,config_strat80,QuadraticDiscriminantAnalysis,standard,none,off,0.3561423146227303,0.15406890563894274,60,0.2020734089837876,0.5742740288620433,0.43260488662278573
STRICT,config_strat80,LogisticRegression,maxabs,undersample,off,0.35032851311743113,0.1482739258301765,240,0.20205458728725462,0.7566444492037344,0.4232425288788146
IMPUTED,config_strat80,QuadraticDiscriminantAnalysis,standard,none,on,0.35692134978148693,0.15516959471624445,420,0.20175175506524248,0.8891282557121091,0.4347445027069459
STRICT,config_random80,LinearDiscriminantAnalysis,robust,smoteenn,on,0.3852303627507045,0.1836069602621052,560,0.20162340248859928,0.9061030445113443,0.476616014768606
IMPUTED,config_random80,KNeighborsClassifier,standard,none,off,0.32563400675680015,0.12506757921872197,320,0.20056642753807818,0.6538037157446849,0.38407407280446826
IMPUTED,config_strat80,LogisticRegression,maxabs,smoteenn,off,0.3983980232939281,0.19796501714432643,480,0.20043300614960166,0.8643121965600912,0.4969026088723156
STRICT,config_random80,SVC,maxabs,smote,on,0.42500913703302523,0.22463635547721988,3192,0.20037278155580535,1.1410190187044416,0.5285447674028819
IMPUTED,config_strat80,KNeighborsClassifier,maxabs,smoteenn,on,0.3844153506160595,0.1841455578253958,8960,0.20026979279066373,0.9559466470964066,0.4790275870364861
STRICT,config_kfold,KNeighborsClassifier,robust,none,on,0.2783553775469609,0.07838902157413051,4480,0.19996635597283036,0.5011909731890629,0.2816148991441907
IMPUTED,config_loo,KNeighborsClassifier,robust,none,on,0.27938645163307896,0.07956117923540217,224,0.19982527239767678,0.4354992321359366,0.28477107164770704
IMPUTED,config_random80,GaussianNB,standard,smoteenn,on,0.3444453648152034,0.14576649600428307,1680,0.1986788688109203,0.7759348239861874,0.4231919221281654
STRICT,config_random80,QuadraticDiscriminantAnalysis,robust,smote,off,0.3328729524795208,0.1343756819781326,240,0.1984972705013882,0.6057907300020065,0.4036845919056753
IMPUTED,config_random80,RandomForestClassifier,maxabs,smote,off,0.35981948067945224,0.16165165654083918,5760,0.19816782413861306,0.6793529573580475,0.4492576561880142
IMPUTED,config_random80,LogisticRegression,robust,none,on,0.3949573824532307,0.19680884463351755,840,0.19814853781971314,0.977438708501796,0.49830400285484694
STRICT,config_strat80,KNeighborsClassifier,standard,smote,on,0.3319047763303818,0.1337667086565296,8960,0.1981380676738522,0.8606038304479343,0.40302736867931266
STRICT,config_random80,QuadraticDiscriminantAnalysis,standard,smote,off,0.3363795014824337,0.1386002384613359,240,0.19777926302109777,0.6187997608896401,0.41203532870023546
IMPUTED,config_strat80,GaussianNB,robust,none,on,0.40690276160931904,0.2091923237984685,420,0.19771043781085054,0.803172138979618,0.5141088818643139
STRICT,config_loo,QuadraticDiscriminantAnalysis,robust,none,on,0.28879154916963656,0.0911198386767541,42,0.19767171049288246,0.3025327061330986,0.3155211395165521
STRICT,config_random80,SVC,maxabs,smoteenn,off,0.40179758650815023,0.20420427475893477,456,0.19759331174921546,1.238157974721989,0.5082267331010775
STRICT,config_strat80,KNeighborsClassifier,robust,undersample,off,0.3517884527660691,0.15485663968518157,640,0.19693181308088756,0.6705032370204012,0.44019818862035676
STRICT,config_random80,RandomForestClassifier,robust,smoteenn,off,0.34475499812201094,0.1479554894010546,5472,0.19679950872095633,0.7923629288662593,0.42916126004558236
STRICT,config_random80,QuadraticDiscriminantAnalysis,standard,smoteenn,on,0.3442558152599302,0.14768050538756392,1680,0.1965753098723663,0.764347121436839,0.42898478062326356
STRICT,config_random80,LinearDiscriminantAnalysis,robust,none,on,0.41246614626936096,0.21599576736886594,140,0.196470378900495,0.9411346997800207,0.5236690800505357
STRICT,config_strat80,QuadraticDiscriminantAnalysis,standard,smoteenn,on,0.37303837721569566,0.17662341643805704,1680,0.19641496077763862,1.1111111111111112,0.4734725090655514
IMPUTED,config_strat80,KNeighborsClassifier,none,smote,off,0.35017197642145653,0.1542534143910867,1280,0.19591856203036984,0.938282809187061,0.44050759277616175
STRICT,config_strat80,QuadraticDiscriminantAnalysis,robust,smoteenn,off,0.36629324620787324,0.17047675190247058,240,0.19581649430540266,0.8310051482386704,0.46541057927593943
IMPUTED,config_random80,GaussianNB,robust,undersample,on,0.4115326228418106,0.21625076103147714,840,0.19528186181033344,0.9850609389058037,0.5254765941474389
IMPUTED,config_strat80,RandomForestClassifier,standard,smoteenn,off,0.3755137276727063,0.1804470011156165,5760,0.1950667265570898,0.9365873515321755,0.4805337004161194
STRICT,config_random80,QuadraticDiscriminantAnalysis,robust,smote,on,0.3288419624089026,0.1338458799626542,1680,0.19499608244624841,0.7067808061798638,0.4070218988543253
IMPUTED,config_random80,GaussianNB,standard,none,on,0.3562025826838139,0.16278942135852004,420,0.19341316132529385,0.6546536707079772,0.4570135907830331
IMPUTED,config_strat80,QuadraticDiscriminantAnalysis,robust,none,off,0.32981004539805336,0.13662157875133088,60,0.19318846664672248,0.5742740288620433,0.4142432307858906
STRICT,config_random80,KNeighborsClassifier,standard,undersample,on,0.3638533254852008,0.17069915895193816,4424,0.19315416653326262,0.9838488045075465,0.4691427753870594
IMPUTED,config_strat80,KNeighborsClassifier,maxabs,none,on,0.35548933546674716,0.16245564138788696,2240,0.1930336940788602,0.8860337870585578,0.45699160334750244
IMPUTED,config_random80,KNeighborsClassifier,robust,smote,on,0.3580166617625413,0.1654777218324665,8960,0.19253893993007481,0.9427626899212572,0.4622067616010048
STRICT,config_random80,GaussianNB,maxabs,none,on,0.3522883193051927,0.15982777334871814,399,0.19246054595647458,0.6390451003138707,0.45368456627781895
IMPUTED,config_random80,QuadraticDiscriminantAnalysis,none,smoteenn,off,0.33957644225831024,0.14724455219568683,240,0.1923318900626234,0.7879602886497334,0.4336123884697523
STRICT,config_random80,QuadraticDiscriminantAnalysis,none,undersample,off,0.34161006220656537,0.1495761913163349,120,0.19203387089023047,0.7598082621153318,0.43785651496965833
IMPUTED,config_random80,GaussianNB,maxabs,smote,on,0.3528635803140964,0.1615338207400328,1680,0.19132975957406362,0.8967077094071028,0.45777980429787
IMPUTED,config_random80,KNeighborsClassifier,maxabs,smoteenn,off,0.3458243696011005,0.155189852682202,1280,0.19063451691889852,0.7541127747914754,0.4487533740355241
IMPUTED,config_strat80,KNeighborsClassifier,standard,smoteenn,on,0.36228477756830546,0.1719049492398394,8960,0.19037982832846606,1.0340620250211963,0.47450226971633747
STRICT,config_strat80,KNeighborsClassifier,standard,smote,off,0.3123730212396886,0.12224940364784709,1280,0.1901236175918415,0.6825396825396826,0.39135711260430284
STRICT,config_strat80,LogisticRegression,maxabs,smoteenn,off,0.34943420630932176,0.15957354891360206,480,0.1898606573957197,0.7094390134677043,0.4566626450197791
STRICT,config_loo,QuadraticDiscriminantAnalysis,maxabs,smoteenn,off,0.29154952335356493,0.10185095901868965,24,0.18969856433487528,0.3724571581757743,0.34934359640565765
STRICT,config_strat80,SVC,maxabs,smote,off,0.40265900665197585,0.21302347451028736,480,0.1896355321416885,1.0494144710882942,0.5290418716360832
IMPUTED,config_strat80,SVC,maxabs,smote,off,0.4432252650047825,0.25377534690168296,480,0.18944991810309952,1.604217978116644,0.5725651648015703
STRICT,config_strat80,QuadraticDiscriminantAnalysis,standard,smote,on,0.34749340547229224,0.15891130250972865,1680,0.18858210296256359,0.9084961410963612,0.45730739060715675
STRICT,config_random80,QuadraticDiscriminantAnalysis,robust,none,off,0.35563857491744394,0.16719953612359928,60,0.18843903879384466,0.6169491844016599,0.4701389216915294
IMPUTED,config_random80,KNeighborsClassifier,none,none,off,0.35694717250649827,0.16913658684619373,320,0.18781058566030454,0.8066185212533917,0.4738420692857977
IMPUTED,config_strat80,SVC,maxabs,smoteenn,on,0.41909953651416815,0.2316427743569739,3360,0.18745676215719426,1.5320485473572738,0.5527154152534905
STRICT,config_random80,QuadraticDiscriminantAnalysis,robust,undersample,on,0.3482074160806604,0.16101314910130277,840,0.18719426697935765,0.90724613987349,0.4624058583060302
IMPUTED,config_loo,QuadraticDiscriminantAnalysis,maxabs,undersample,on,0.3227617888860188,0.1361819717227826,84,0.1865798171632362,0.43971741857275387,0.42192718101111515
STRICT,config_random80,KNeighborsClassifier,maxabs,undersample,off,0.3625792414958265,0.17607712487924942,631,0.18650211661657706,0.7566444492037344,0.48562384363991834
IMPUTED,config_random80,QuadraticDiscriminantAnalysis,standard,none,on,0.34726264726373274,0.16154125820815246,420,0.18572138905558028,0.8320502943378436,0.46518466492443694
STRICT,config_random80,KNeighborsClassifier,robust,undersample,off,0.35787110083891266,0.1723342547410006,632,0.18553684609791207,0.8344583052176276,0.4815539850438296
STRICT,config_strat80,GaussianNB,robust,undersample,off,0.37941711748995033,0.1939511683259702,120,0.18546594916398013,0.6533052580081484,0.5111819140081559
STRICT,config_strat80,GaussianNB,maxabs,undersample,off,0.37941711748995033,0.1939511683259702,120,0.18546594916398013,0.6533052580081484,0.5111819140081559
STRICT,config_strat80,GaussianNB,standard,undersample,off,0.37941711748995033,0.1939511683259702,120,0.18546594916398013,0.6533052580081484,0.5111819140081559
STRICT,config_strat80,GaussianNB,none,undersample,off,0.37941711748995033,0.19395116832597026,120,0.18546594916398007,0.6533052580081484,0.5111819140081562
STRICT,config_strat80,QuadraticDiscriminantAnalysis,standard,none,on,0.31640856549613855,0.1313441061922515,420,0.18506445930388704,0.6624967411335403,0.4151091990392227
IMPUTED,config_random80,KNeighborsClassifier,none,smote,off,0.35727765615444274,0.1724711211833758,1280,0.18480653497106694,0.8444116596943578,0.4827369364201734
IMPUTED,config_random80,LinearDiscriminantAnalysis,maxabs,none,on,0.3617461524376294,0.17706828027232285,140,0.18467787216530657,0.6522700424901697,0.4894821384530196
IMPUTED,config_random80,QuadraticDiscriminantAnalysis,standard,smoteenn,on,0.3401093546052081,0.1554385389976267,1680,0.1846708156075814,1.0016048824045567,0.4570251799691206
IMPUTED,config_random80,RandomForestClassifier,robust,none,off,0.32998326674479883,0.1453184814878731,1440,0.18466478525692573,0.8032178228460665,0.44038136515649123
IMPUTED,config_random80,QuadraticDiscriminantAnalysis,robust,smote,off,0.33564896758787827,0.15100724734990112,240,0.18464172023797715,0.7759348239861874,0.44989635581216264
IMPUTED,config_strat80,QuadraticDiscriminantAnalysis,none,smoteenn,off,0.3604262471589149,0.17604100357357183,240,0.18438524358534308,0.8523358266560969,0.4884244834032686
IMPUTED,config_random80,QuadraticDiscriminantAnalysis,none,none,off,0.3332593520143854,0.1494099000561438,60,0.1838494519582416,0.5961243694338483,0.4483292041259638
STRICT,config_strat80,KNeighborsClassifier,robust,smote,off,0.31958665714284407,0.1359396999915243,1280,0.18364695715131976,0.7566444492037344,0.42536099975777153
IMPUTED,config_strat80,SVC,maxabs,smoteenn,off,0.426209796329552,0.24281424919012753,480,0.1833955471394245,1.4243383233609381,0.5697059318701811
STRICT,config_strat80,KNeighborsClassifier,robust,smote,on,0.3267308809258891,0.1433968391975946,8960,0.18333404172829448,0.9397221067036234,0.4388836426824334
STRICT,config_kfold,QuadraticDiscriminantAnalysis,maxabs,undersample,on,0.3310111213755449,0.14791207127119754,1680,0.18309905010434735,0.5439321261592893,0.44684924982742674
IMPUTED,config_random80,RandomForestClassifier,standard,none,off,0.32993865661496175,0.1472397607804992,1440,0.18269889583446255,0.8627326406872762,0.44626404887235727
IMPUTED,config_random80,RandomForestClassifier,none,none,off,0.32922747796227103,0.14660260788975835,1440,0.18262487007251269,0.8032178228460665,0.4452927465141861
STRICT,config_strat80,KNeighborsClassifier,standard,none,off,0.3018276164862171,0.11922523988920516,320,0.18260237659701192,0.5557868770911268,0.39501103735035314
STRICT,config_random80,KNeighborsClassifier,standard,smoteenn,off,0.33267447068979905,0.15020703275882624,1264,0.1824674379309728,0.6895828271676111,0.4515135545188443
STRICT,config_strat80,QuadraticDiscriminantAnalysis,standard,none,off,0.2903161546050731,0.10785029606643398,60,0.18246585853863911,0.5176816029711487,0.3714925757856858
IMPUTED,config_random80,SVC,standard,none,on,0.3534735411053829,0.17148963334527526,840,0.18198390776010767,0.8316355887813875,0.4851555021883467
IMPUTED,config_random80,RandomForestClassifier,maxabs,none,off,0.3293890158413295,0.14789699489287828,1440,0.18149202094845124,0.8032178228460665,0.4490040280035384
STRICT,config_random80,KNeighborsClassifier,maxabs,smoteenn,on,0.32866220276079805,0.1473665301288636,8834,0.18129567263193444,0.8597265985880568,0.4483829563940387
STRICT,config_strat80,QuadraticDiscriminantAnalysis,standard,smoteenn,off,0.3469731682261003,0.16572521789151362,240,0.18124795033458668,0.8575032355956238,0.4776312207044236
STRICT,config_random80,SVC,maxabs,smoteenn,on,0.39689711920829424,0.2163200697787422,3192,0.18057704942955202,1.3840424228299524,0.5450280672488731
STRICT,config_strat80,SVC,robust,none,on,0.35655019524409487,0.1765712078329335,840,0.17997898741116136,0.8065586650770644,0.4952211783590598
IMPUTED,config_strat80,KNeighborsClassifier,maxabs,undersample,on,0.38906277441011755,0.20909622553243767,4480,0.17996654887767988,1.0604499009879456,0.5374357026304086
IMPUTED,config_strat80,KNeighborsClassifier,maxabs,none,off,0.33336701589186646,0.1536938725688906,320,0.17967314332297585,0.8080762654835609,0.46103503118840033
IMPUTED,config_random80,QuadraticDiscriminantAnalysis,robust,none,off,0.34841209204340007,0.16915763797719457,60,0.1792544540662055,0.686801988123018,0.48551023870929083
STRICT,config_strat80,SVC,maxabs,smoteenn,on,0.3868037367427973,0.20771427342090398,3360,0.1790894633218933,1.2495181317337043,0.5370017238458642
STRICT,config_strat80,GaussianNB,maxabs,smote,on,0.3815033426496643,0.20304046834177858,1680,0.1784628743078857,0.8265909174773388,0.5322115054919224
IMPUTED,config_kfold,QuadraticDiscriminantAnalysis,maxabs,undersample,on,0.32205830215590014,0.14455599999781382,1680,0.17750230215808632,0.571009409251859,0.44885040699195505
STRICT,config_strat80,KNeighborsClassifier,robust,undersample,on,0.33678567499795986,0.1597818935575636,4480,0.17700378144039627,1.0090822981770589,0.4744319768307589
STRICT,config_strat80,SVC,none,none,off,0.32521383651795166,0.14847817098711136,120,0.1767356655308403,0.5991446895152781,0.4565555161393492
IMPUTED,config_random80,LinearDiscriminantAnalysis,robust,none,on,0.3856285975869606,0.20918932581461885,140,0.17643927177234175,0.8630306967264949,0.5424632071469905
STRICT,config_kfold,QuadraticDiscriminantAnalysis,maxabs,smote,on,0.3086766442791124,0.1322649341830204,3360,0.176411710096092,0.5252839321276798,0.4284902555290949
IMPUTED,config_random80,KNeighborsClassifier,maxabs,none,off,0.336180307753264,0.15987735365036898,320,0.17630295410289504,0.8454928103317098,0.4755702519247774
STRICT,config_random80,KNeighborsClassifier,robust,smoteenn,on,0.335924743866842,0.16004636441147996,8846,0.17587837945536205,1.022810173879678,0.47643517583486233
IMPUTED,config_random80,GaussianNB,robust,smoteenn,on,0.34658179071410694,0.17127263416774186,1680,0.17530915654636509,0.8762867266415253,0.49417666697043394
IMPUTED,config_loo,QuadraticDiscriminantAnalysis,maxabs,smoteenn,off,0.2943304995219554,0.11927452350176247,24,0.1750559760201929,0.35395612525625403,0.4052401082982746
STRICT,config_random80,GaussianNB,maxabs,smote,on,0.3630652817286655,0.18812593609523717,1596,0.1749393456334283,0.8845407765208992,0.5181600818439916
STRICT,config_random80,LogisticRegression,maxabs,undersample,off,0.37001856612215983,0.19560645966761914,240,0.1744121064545407,0.7925270806437588,0.5286395807583358
IMPUTED,config_kfold,QuadraticDiscriminantAnalysis,maxabs,smote,on,0.30339429078431096,0.12899070773499854,3360,0.17440358304931242,0.5029137833259775,0.42515865213396714
IMPUTED,config_loo,QuadraticDiscriminantAnalysis,maxabs,smote,off,0.2833943225250695,0.1090171165378281,24,0.17437720598724143,0.3382829245734495,0.3846834882451968
IMPUTED,config_random80,KNeighborsClassifier,standard,none,on,0.3327632303127391,0.1588311739153626,2240,0.17393205639737647,0.9650643835511474,0.4773098691405573
STRICT,config_random80,KNeighborsClassifier,maxabs,none,on,0.3570289402243381,0.18310443357174194,2208,0.17392450665259618,0.8988829790736081,0.5128559983308042
IMPUTED,config_random80,QuadraticDiscriminantAnalysis,robust,smote,on,0.3383664083409407,0.16445081371845835,1680,0.17391559462248238,0.969170121585827,0.4860140063098592
IMPUTED,config_strat80,KNeighborsClassifier,maxabs,undersample,off,0.37500783192822484,0.20134673748396378,640,0.17366109444426106,0.8317163442156374,0.5369134197775923
STRICT,config_strat80,KNeighborsClassifier,standard,none,on,0.3210782808926342,0.1479452015382637,2240,0.17313307935437047,0.9881795650910459,0.46077611081932796
STRICT,config_random80,GaussianNB,robust,none,on,0.36673251589922384,0.1937379356269187,399,0.17299458027230513,0.7624221377791617,0.528281314657566
IMPUTED,config_strat80,SVC,maxabs,none,off,0.37836780293559874,0.20541117806311318,120,0.17295662487248556,0.687932430407656,0.5428875725402984
STRICT,config_strat80,SVC,maxabs,smote,on,0.39416699068676025,0.22171201966595727,3360,0.17245497102080298,1.4404145307851195,0.5624824627746394
STRICT,config_kfold,QuadraticDiscriminantAnalysis,maxabs,undersample,off,0.3190228177594667,0.14799379220886566,240,0.17102902555060107,0.5281388696000728,0.4638972009846906
STRICT,config_random80,GaussianNB,robust,undersample,on,0.3665778758726075,0.19555379000573794,798,0.17102408586686954,0.9403461120989443,0.5334576985592454
STRICT,config_random80,KNeighborsClassifier,maxabs,smote,on,0.35420218469104103,0.18407312184575422,8834,0.1701290628452868,1.1211323729436768,0.5196837563447418
IMPUTED,config_strat80,KNeighborsClassifier,standard,smote,on,0.3461690835948392,0.1762206885157187,8960,0.16994839507912052,1.2588369398610522,0.5090595806122585
STRICT,config_random80,QuadraticDiscriminantAnalysis,standard,smoteenn,off,0.32499378420780484,0.1553089450669316,240,0.16968483914087323,0.8021550310989114,0.47788281688373846
IMPUTED,config_strat80,QuadraticDiscriminantAnalysis,maxabs,undersample,on,0.37322796390228213,0.20458883435203382,840,0.16863912955024832,0.92783056924063,0.548160518876873
IMPUTED,config_random80,QuadraticDiscriminantAnalysis,standard,smote,on,0.3327948777886163,0.16440629878729127,1680,0.168388579001325,0.969170121585827,0.49401691480275245
STRICT,config_random80,KNeighborsClassifier,maxabs,smoteenn,off,0.3190142562798006,0.1509703841349379,1262,0.16804387214486272,0.7777451616873099,0.47324024291417555
STRICT,config_random80,KNeighborsClassifier,standard,undersample,off,0.35399348904385813,0.18615994642947803,632,0.1678335426143801,0.9838488045075465,0.5258852272461251
IMPUTED,config_random80,KNeighborsClassifier,none,undersample,off,0.3570410659221609,0.1899570055444823,640,0.1670840603776786,0.8726900154002458,0.5320312526343822
IMPUTED,config_strat80,KNeighborsClassifier,maxabs,smoteenn,off,0.34585362287713917,0.17910351984500766,1280,0.1667501030321315,0.7666209565901603,0.5178593138769354
STRICT,config_kfold,QuadraticDiscriminantAnalysis,maxabs,smoteenn,on,0.2793533254976574,0.1126917613019743,3360,0.16666156419568312,0.550106329557549,0.40340225447904793
IMPUTED,config_strat80,KNeighborsClassifier,robust,smoteenn,off,0.3404889969065173,0.17393682565877414,1280,0.16655217124774316,1.0792039935885065,0.510844189501164
STRICT,config_strat80,KNeighborsClassifier,robust,none,off,0.3033447043652819,0.13742847907449685,320,0.16591622529078504,0.7090254015846869,0.4530439368046726
IMPUTED,config_random80,GaussianNB,robust,smote,on,0.37549355429980363,0.20964301578298378,1680,0.16585053851681986,1.0571474624192305,0.5583132210455987
STRICT,config_random80,QuadraticDiscriminantAnalysis,none,none,off,0.3655223407514819,0.19967595425460039,60,0.1658463864968815,0.6169491844016599,0.5462756499208342
IMPUTED,config_random80,QuadraticDiscriminantAnalysis,robust,smoteenn,off,0.34049157799202295,0.17466583308993638,240,0.16582574490208657,0.9436797842626825,0.5129813610074915
STRICT,config_random80,QuadraticDiscriminantAnalysis,none,smote,off,0.3357209371037146,0.17018044271417407,240,0.16554049438954052,0.8024302771047009,0.5069104244207446
IMPUTED,config_strat80,QuadraticDiscriminantAnalysis,none,none,off,0.32137984011027626,0.15670983913562758,60,0.16467000097464868,0.6542892462426918,0.4876156484546609
IMPUTED,config_kfold,QuadraticDiscriminantAnalysis,maxabs,smoteenn,on,0.2796014078902953,0.11517210199359432,3360,0.164429305896701,0.5518211399744709,0.4119153149571527
STRICT,config_random80,KNeighborsClassifier,standard,smote,on,0.34173988073314776,0.17859718479648623,8848,0.16314269593666153,1.0459846836042597,0.5226114798581155
IMPUTED,config_strat80,KNeighborsClassifier,standard,smoteenn,off,0.3538994506348826,0.190797568355712,1280,0.1631018822791706,0.938282809187061,0.5391293148758162
IMPUTED,config_strat80,SVC,maxabs,smote,on,0.42783741841800965,0.26548378062738465,3360,0.162353637790625,1.6640043458717375,0.6205249218477642
STRICT,config_random80,SVC,robust,none,on,0.3629910492730159,0.20071324574765034,798,0.16227780352536555,0.9019919016617729,0.5529426859136909
IMPUTED,config_random80,SVC,none,none,off,0.32121402439295615,0.15946473499170394,120,0.16174928940125222,0.7391599161248584,0.4964438750551665
IMPUTED,config_strat80,KNeighborsClassifier,maxabs,smote,on,0.33864746561631903,0.17695255230182955,8960,0.16169491331448949,1.1203649044122244,0.5225273190212306
STRICT,config_random80,GaussianNB,maxabs,smoteenn,on,0.31478498805274713,0.15338281003750465,1596,0.16140217801524248,0.7868629343845303,0.4872621499085051
STRICT,config_kfold,QuadraticDiscriminantAnalysis,maxabs,smote,off,0.2912718854656787,0.1298777213780403,480,0.16139416408763843,0.4931379331678887,0.4458985843085913
STRICT,config_strat80,QuadraticDiscriminantAnalysis,robust,none,off,0.27928679125889055,0.11808214440942241,60,0.16120464684946814,0.5176816029711487,0.4227988866826279
IMPUTED,config_strat80,QuadraticDiscriminantAnalysis,maxabs,undersample,off,0.34519200463848526,0.187055254238335,120,0.15813675040015027,0.777878154009821,0.5418875632250966
STRICT,config_strat80,GaussianNB,robust,undersample,on,0.3462987147447028,0.18879583015957438,840,0.15750288458512843,1.0018259538943006,0.5451820122946682
STRICT,config_loo,KNeighborsClassifier,robust,none,on,0.25001476441507103,0.09325539427929458,224,0.15675937013577645,0.4407870849096537,0.3729995486365488
IMPUTED,config_random80,QuadraticDiscriminantAnalysis,standard,smote,off,0.3118608389861913,0.1552220779587527,240,0.15663876102743862,0.875222231465778,0.4977286614868168
STRICT,config_random80,GaussianNB,maxabs,undersample,on,0.3442419855885298,0.1878966825805191,798,0.15634530300801072,0.8076215751112723,0.5458273262608668
STRICT,config_random80,GaussianNB,robust,smote,on,0.36722683593782035,0.21148088019906408,1596,0.15574595573875627,0.9148532788043832,0.5758862357076553
IMPUTED,config_strat80,KNeighborsClassifier,robust,smoteenn,on,0.33037781653285625,0.17604838839297615,8960,0.1543294281398801,1.124863074073172,0.5328698828526462
STRICT,config_random80,QuadraticDiscriminantAnalysis,robust,smoteenn,on,0.3070289023484512,0.152736260926227,1680,0.1542926414222242,0.9426274117614087,0.49746541696222646
IMPUTED,config_kfold,QuadraticDiscriminantAnalysis,maxabs,smote,off,0.28076238757286226,0.12670536849651584,480,0.15405701907634642,0.4475062540695751,0.45129039395860604
IMPUTED,config_random80,QuadraticDiscriminantAnalysis,robust,smoteenn,on,0.3212909631209759,0.16767228885892901,1680,0.15361867426204687,0.9413460809962815,0.5218705413628308
IMPUTED,config_strat80,KNeighborsClassifier,robust,smote,off,0.3167081149786239,0.16476114002512604,1280,0.15194697495349785,0.927536231884058,0.5202302442936978
IMPUTED,config_loo,QuadraticDiscriminantAnalysis,maxabs,undersample,off,0.29271987824477746,0.1410655370428514,12,0.15165434120192606,0.3945843756332878,0.48191307638113307
STRICT,config_kfold,SVC,maxabs,none,off,0.30704544163615,0.15571753250342338,225,0.15132790913272662,0.5286673306966778,0.5071481656710255
STRICT,config_strat80,GaussianNB,robust,none,on,0.3427584332410812,0.19149623257518356,420,0.15126220066589763,0.8354312900843599,0.5586915273372531
STRICT,config_random80,SVC,maxabs,none,off,0.3356956364847426,0.18458026893749052,114,0.15111536754725208,0.6504436355879909,0.5498441113811728
STRICT,config_random80,GaussianNB,robust,smoteenn,on,0.3254489056155129,0.1747479893840682,1596,0.1507009162314447,1.015899043988611,0.5369444676840193
STRICT,config_random80,KNeighborsClassifier,standard,none,off,0.3347702864550709,0.18500773193425782,316,0.14976255452081308,0.8482202068873715,0.5526408388669449
IMPUTED,config_strat80,QuadraticDiscriminantAnalysis,maxabs,smote,on,0.34875258286179334,0.1993667519337344,1680,0.14938583092805893,0.927536231884058,0.5716567037232271
IMPUTED,config_random80,SVC,maxabs,smote,off,0.40250352005256496,0.2534299672246943,480,0.14907355282787066,1.4535070062793758,0.6296341636753825
STRICT,config_random80,QuadraticDiscriminantAnalysis,none,smoteenn,off,0.3034430359435769,0.15467674646511956,240,0.14876628947845735,0.8717287445296994,0.5097389893432275
STRICT,config_random80,KNeighborsClassifier,standard,none,on,0.3358562708093543,0.18764302561522173,2212,0.1482132451941326,0.8960755970791374,0.5587003784774813
STRICT,config_random80,QuadraticDiscriminantAnalysis,robust,smoteenn,off,0.3082186369932412,0.16002775092965157,240,0.14819088606358963,0.9115986606646653,0.5192020589370161
STRICT,config_random80,LogisticRegression,maxabs,smoteenn,off,0.3486080120635702,0.20093072407255919,480,0.14767728799101104,0.9938218841268831,0.5763801092325972
IMPUTED,config_kfold,QuadraticDiscriminantAnalysis,maxabs,undersample,off,0.29169038496112376,0.14407157450538116,240,0.1476188104557426,0.5511365374140422,0.4939195185490358
STRICT,config_kfold,QuadraticDiscriminantAnalysis,maxabs,smoteenn,off,0.2630411622868828,0.11571396471148922,480,0.1473271975753936,0.5339317013291808,0.4399082018398593
IMPUTED,config_random80,SVC,maxabs,smote,on,0.3991580292999877,0.25259651866669397,3360,0.14656151063329376,1.4765225115237177,0.6328233434504076
STRICT,config_strat80,SVC,maxabs,none,off,0.32340957838650203,0.17703933891290863,120,0.1463702394735934,0.5991446895152781,0.5474152614655449
IMPUTED,config_kfold,QuadraticDiscriminantAnalysis,maxabs,smoteenn,off,0.26697430105798625,0.12120724985890316,480,0.1457670511990831,0.4965200530655371,0.4540034354564232
IMPUTED,config_strat80,KNeighborsClassifier,standard,none,on,0.3367980247404536,0.19104313188781127,2240,0.14575489285264234,1.0823382912350317,0.5672335282697536
STRICT,config_random80,KNeighborsClassifier,maxabs,smote,off,0.3389423528117058,0.1940502537349815,1262,0.14489209907672432,0.7740297195872174,0.5725169844524657
IMPUTED,config_strat80,KNeighborsClassifier,maxabs,smote,off,0.3182580189951903,0.1740792932502074,1280,0.1441787257449829,0.9387773505310387,0.5469753560328615
IMPUTED,config_random80,QuadraticDiscriminantAnalysis,standard,smoteenn,off,0.31567786252317487,0.17156579303958816,240,0.1441120694835867,0.9906729799842874,0.5434837643295085
STRICT,config_strat80,QuadraticDiscriminantAnalysis,maxabs,smoteenn,on,0.3121544612783353,0.16985216047451257,1680,0.14230230080382272,0.956087075699365,0.5441285694874705
STRICT,config_strat80,KNeighborsClassifier,robust,none,on,0.30532157217756617,0.16363170050906833,2240,0.14168987166849784,1.056532637710533,0.5359323265042828
STRICT,config_random80,KNeighborsClassifier,robust,smote,off,0.32083198957103193,0.18201835294219645,1264,0.13881363662883547,0.8425270806437588,0.5673323074346917
STRICT,config_strat80,QuadraticDiscriminantAnalysis,maxabs,undersample,on,0.32540893734316617,0.18661976840381583,840,0.13878916893935034,0.6998542122237652,0.5734930636124859
IMPUTED,config_strat80,QuadraticDiscriminantAnalysis,maxabs,smote,off,0.32515306204647965,0.18707632622859435,240,0.1380767358178853,0.7092993656151906,0.5753484991073292
STRICT,config_strat80,QuadraticDiscriminantAnalysis,standard,smote,off,0.29498109590348753,0.15722624180709194,240,0.1377548540963956,0.7683111887727103,0.5330044670338249
STRICT,config_random80,QuadraticDiscriminantAnalysis,maxabs,undersample,on,0.33316934021672745,0.19573956811620094,840,0.1374297721005265,0.8486136097998949,0.5875077460275062
IMPUTED,config_kfold,SVC,maxabs,none,off,0.27493037869161563,0.13905409660874501,198,0.13587628208287061,0.4342016959000484,0.5057793077305562
STRICT,config_random80,GaussianNB,standard,none,on,0.3498990783209226,0.21438720957592977,399,0.13551186874499282,0.9556473039955851,0.6127115584434228
IMPUTED,config_strat80,KNeighborsClassifier,robust,smote,on,0.30803449907700836,0.1736611133432486,8960,0.13437338573375976,1.054419583420376,0.5637716355265566
IMPUTED,config_random80,SVC,robust,none,on,0.31805274807853845,0.1837924199025567,840,0.13426032817598174,0.8511044881567021,0.5778677311009175
IMPUTED,config_strat80,KNeighborsClassifier,standard,none,off,0.3131666744249753,0.17922470366612572,320,0.1339419707588496,0.8086466831958101,0.5722981348357429
IMPUTED,config_strat80,KNeighborsClassifier,standard,smote,off,0.3113067245187681,0.17786981627491516,1280,0.13343690824385296,0.8707503351775583,0.5713651593934383
STRICT,config_strat80,QuadraticDiscriminantAnalysis,maxabs,smoteenn,off,0.30378032721469644,0.17052864683571825,240,0.1332516803789782,0.7253357317907737,0.561355135795865
IMPUTED,config_strat80,SVC,maxabs,none,on,0.34172366548157196,0.21024597492475874,840,0.13147769055681321,0.7679476477883045,0.6152514331381496
STRICT,config_random80,SVC,none,none,off,0.3394316250930964,0.20804348179181606,114,0.13138814330128032,0.7903973419506316,0.6129172016153642
STRICT,config_random80,KNeighborsClassifier,robust,none,off,0.3327453003540066,0.20215599654186558,316,0.13058930381214104,0.8482202068873715,0.6075397498530933
STRICT,config_random80,KNeighborsClassifier,maxabs,none,off,0.33479477007538533,0.2043054913731775,316,0.13048927870220783,0.8984937221170035,0.6102409883140477
STRICT,config_strat80,QuadraticDiscriminantAnalysis,maxabs,smote,on,0.32561703765979033,0.195317578890319,1680,0.13029945876947133,0.8189817047495258,0.5998383263175245
STRICT,config_random80,KNeighborsClassifier,robust,smote,on,0.31290963025482466,0.18265458415220995,8846,0.1302550461026147,0.9869275424396535,0.5837295068338462
IMPUTED,config_random80,KNeighborsClassifier,robust,none,off,0.2868595499908422,0.1568575224114172,320,0.13000202757942497,0.6278892678804604,0.5468094836529751
STRICT,config_random80,QuadraticDiscriminantAnalysis,maxabs,smote,on,0.31094166973991205,0.1814111447412565,1680,0.12953052499865556,0.8876116793544693,0.5834250034516065
IMPUTED,config_random80,QuadraticDiscriminantAnalysis,maxabs,undersample,on,0.3237516904168663,0.19454498110432514,840,0.12920670931254116,0.7453559924999299,0.6009080009862708
STRICT,config_strat80,QuadraticDiscriminantAnalysis,none,smoteenn,off,0.29799650598861566,0.16896842297824244,240,0.12902808301037322,0.8200537657285973,0.5670147789742794
STRICT,config_strat80,QuadraticDiscriminantAnalysis,robust,smote,off,0.2926533116352771,0.16504113213602634,240,0.12761217949925074,0.7135172307289481,0.5639475979745993
STRICT,config_random80,SVC,maxabs,none,on,0.3096975279869943,0.18268709049791543,798,0.12701043748907886,0.6504436355879909,0.5898887591559573
STRICT,config_kfold,SVC,maxabs,none,on,0.26639643369591565,0.14046393048860775,1569,0.1259325032073079,0.5286673306966778,0.5272740649709431
STRICT,config_strat80,QuadraticDiscriminantAnalysis,robust,smote,on,0.3171042233902463,0.19155740340981237,1680,0.12554681998043393,1.203858530857692,0.6040834188892875
IMPUTED,config_strat80,QuadraticDiscriminantAnalysis,none,smote,off,0.28336452703371273,0.15782622087636455,240,0.12553830615734818,0.7555412241073616,0.556972400633575
IMPUTED,config_random80,QuadraticDiscriminantAnalysis,maxabs,undersample,off,0.3067226305703423,0.18351974745024333,120,0.123202883120099,0.6146362971528592,0.598324770197078
STRICT,config_loo,SVC,maxabs,none,on,0.21694725761785483,0.094001369322098,41,0.12294588829575682,0.41680683384775,0.4332913462666497
STRICT,config_random80,KNeighborsClassifier,standard,smote,off,0.3124491537569616,0.18998196547023727,1264,0.12246718828672432,0.899127438821564,0.6080412226624708
IMPUTED,config_strat80,QuadraticDiscriminantAnalysis,maxabs,smoteenn,on,0.3049057713375439,0.18258536129274008,1680,0.12232041004480379,0.968331605967234,0.5988255338420938
STRICT,config_kfold,LogisticRegression,maxabs,none,on,0.3195666120078208,0.1979872418058048,1680,0.12157937020201603,0.5884723560393629,0.6195492093553234
STRICT,config_random80,QuadraticDiscriminantAnalysis,maxabs,undersample,off,0.31867210701255266,0.19759818906458673,120,0.12107391794796593,0.8015613293587819,0.6200674132323832
IMPUTED,config_strat80,KNeighborsClassifier,robust,none,off,0.3036810819351721,0.1826620600084017,320,0.12101902192677041,0.8406510999883741,0.6014930493674783
IMPUTED,config_strat80,QuadraticDiscriminantAnalysis,robust,none,on,0.3036460173528595,0.18362581357240537,420,0.12002020378045414,0.8734089291457265,0.6047364466467491
STRICT,config_random80,KNeighborsClassifier,robust,undersample,on,0.30662337743151424,0.18709822507314608,4423,0.11952515235836816,1.0951460493968994,0.6101890424676942
IMPUTED,config_kfold,LogisticRegression,maxabs,none,on,0.31597576133502336,0.19751405674493627,1680,0.11846170459008709,0.5784857589202927,0.625092430857428
STRICT,config_strat80,QuadraticDiscriminantAnalysis,standard,undersample,off,0.2983098204482348,0.18039461946577895,120,0.11791520098245584,0.7644163691192596,0.6047223627928888
STRICT,config_strat80,QuadraticDiscriminantAnalysis,robust,undersample,off,0.30025173060556665,0.18269723361690984,120,0.1175544969886568,0.7644163691192596,0.6084802017574871
IMPUTED,config_kfold,SVC,maxabs,none,on,0.24791079942337665,0.13047980490711555,1386,0.1174309945162611,0.4523254965641656,0.5263175513555785
STRICT,config_random80,QuadraticDiscriminantAnalysis,maxabs,smote,off,0.3003265143150445,0.1831087772574194,240,0.11721773705762509,0.7416198487095663,0.6096990060136251
STRICT,config_strat80,SVC,maxabs,none,on,0.28929683732498984,0.17347474637690183,840,0.11582209094808801,0.5991446895152781,0.5996427336743541
STRICT,config_loo,SVC,maxabs,undersample,on,0.29336577240716033,0.17842098434731749,106,0.11494478805984285,0.48441531527958287,0.6081860977963313
IMPUTED,config_strat80,QuadraticDiscriminantAnalysis,maxabs,smoteenn,off,0.2893445635602108,0.17535896300580536,240,0.11398560055440546,1.007419739980751,0.6060558416861848
IMPUTED,config_random80,QuadraticDiscriminantAnalysis,robust,none,on,0.3021267215964637,0.18971437691149368,420,0.11241234468497002,0.9730660095212543,0.6279298166975318
IMPUTED,config_random80,QuadraticDiscriminantAnalysis,maxabs,smote,on,0.3019263083037215,0.19034799064179128,1680,0.11157831766193024,0.8784677997938743,0.630445196085104
IMPUTED,config_strat80,GaussianNB,maxabs,none,on,0.30117848018167337,0.1899489500838541,420,0.11122953009781927,0.805413803421097,0.6306856650889376
STRICT,config_strat80,QuadraticDiscriminantAnalysis,robust,undersample,on,0.31667220891167813,0.20579648327571512,840,0.11087572563596301,1.1336312313641326,0.6498722574455943
IMPUTED,config_strat80,LogisticRegression,maxabs,none,on,0.36534579776295406,0.25707257165534825,840,0.10827322610760581,0.92783056924063,0.7036417915011676
IMPUTED,config_random80,QuadraticDiscriminantAnalysis,maxabs,smote,off,0.29421496362469146,0.18628589268093063,240,0.10792907094376084,0.7682400988535547,0.6331625366225829
STRICT,config_random80,QuadraticDiscriminantAnalysis,robust,none,on,0.3194150924511935,0.21194593118227728,420,0.1074691612689162,1.0859324930953975,0.6635438844038422
IMPUTED,config_strat80,KNeighborsClassifier,robust,none,on,0.2961321478523187,0.188976597210721,2240,0.10715555064159768,1.0471009946677545,0.6381495510746228
IMPUTED,config_random80,KNeighborsClassifier,robust,none,on,0.2877071799362324,0.18162387639789004,2240,0.10608330353834236,0.9294957853732542,0.6312803053373408
STRICT,config_strat80,GaussianNB,maxabs,none,on,0.2834422077927269,0.17803042101617725,420,0.10541178677654964,0.6967346968101314,0.6281013064446836
IMPUTED,config_kfold,LogisticRegression,maxabs,none,off,0.2968595082504546,0.19435563423934732,240,0.10250387401110728,0.5821720804256503,0.6547057744075129
STRICT,config_kfold,LogisticRegression,maxabs,none,off,0.2996642946710628,0.1975096138267826,240,0.10215468084428023,0.5631546254869031,0.6591029273059911
IMPUTED,config_random80,QuadraticDiscriminantAnalysis,none,smote,off,0.27927174723482584,0.17737132740773784,240,0.101900419827088,0.9174805372696834,0.635120914177527
STRICT,config_strat80,QuadraticDiscriminantAnalysis,maxabs,smote,off,0.2988461204199081,0.19762802591840328,240,0.10121809450150482,0.8070290207625577,0.6613036355992058
IMPUTED,config_random80,SVC,maxabs,none,off,0.28155509210522117,0.18138174431746232,120,0.10017334778775885,0.7141684885491869,0.6442140433733564
IMPUTED,config_random80,QuadraticDiscriminantAnalysis,maxabs,smoteenn,on,0.2802609158104187,0.18339629453812617,1680,0.0968646212722925,0.9624437362098717,0.6543769901265285
STRICT,config_strat80,LogisticRegression,maxabs,none,on,0.33226177855309014,0.2382744316085758,840,0.09398734694451433,0.8017837257372731,0.7171286226366339
STRICT,config_random80,QuadraticDiscriminantAnalysis,maxabs,smoteenn,on,0.27446430118196485,0.1811874493954123,1680,0.09327685178655257,0.8776541263131656,0.6601494205808874
IMPUTED,config_strat80,LogisticRegression,maxabs,none,off,0.343037797468628,0.25079831350290155,120,0.09223948396572645,0.92783056924063,0.7311098524815999
IMPUTED,config_random80,LogisticRegression,maxabs,none,off,0.3148399843180599,0.22355510552291524,120,0.09128487879514463,0.7125253031944253,0.7100594481578738
STRICT,config_random80,QuadraticDiscriminantAnalysis,maxabs,smoteenn,off,0.2629493630709637,0.17210230834837684,240,0.09084705472258689,0.7409357457678403,0.6545074167071877
STRICT,config_strat80,LogisticRegression,maxabs,none,off,0.3116719557099447,0.22673533386134104,120,0.08493662184860368,0.8412698412698413,0.7274807043350113
STRICT,config_strat80,QuadraticDiscriminantAnalysis,robust,none,on,0.25120415130875223,0.16651198853086888,420,0.08469216277788336,0.8559209850218258,0.6628552420943508
STRICT,config_random80,LogisticRegression,maxabs,none,on,0.34223833682534943,0.25802322683972234,840,0.08421510998562709,1.0331108751348477,0.7539284734526874
STRICT,config_random80,KNeighborsClassifier,robust,none,on,0.27472261775521395,0.1986409282570147,2211,0.07608168949819924,1.0301637606406924,0.7230599718367918
IMPUTED,config_random80,QuadraticDiscriminantAnalysis,maxabs,smoteenn,off,0.2606424760250226,0.18813072775886566,240,0.07251174826615694,0.927150228929434,0.7217961194506318
IMPUTED,config_random80,GaussianNB,maxabs,none,on,0.24388667831872532,0.1728688825354015,420,0.07101779578332382,0.6092615912025604,0.7088082207978837
STRICT,config_strat80,QuadraticDiscriminantAnalysis,maxabs,undersample,off,0.27528029864754866,0.20478154353645,120,0.07049875511109865,0.7644163691192596,0.7439019230309657
STRICT,config_random80,LogisticRegression,maxabs,none,off,0.30615130733526535,0.23765731483291697,120,0.06849399250234839,0.8528028654224417,0.7762740486117186
IMPUTED,config_random80,SVC,maxabs,none,on,0.2519421127888259,0.1855265247242974,840,0.06641558806452849,0.8178636580222294,0.7363855239231202
IMPUTED,config_random80,LogisticRegression,maxabs,none,on,0.3134619461972202,0.2508426041614595,840,0.0626193420357607,0.9600440080507178,0.8002330337209014
IMPUTED,config_random80,GaussianNB,robust,none,on,0.29446840175618905,0.23337599079355273,420,0.06109241096263632,1.002242883017196,0.7925332205483324
IMPUTED,config_random80,SVC,maxabs,undersample,off,0.3438556040759476,0.3049871359849406,240,0.038868468091007025,1.3994168089514238,0.8869628191884227
STRICT,config_strat80,QuadraticDiscriminantAnalysis,none,smote,off,0.21194873315439916,0.17410786055249114,240,0.03784087260190802,0.8715231482441408,0.8214621430440826
STRICT,config_strat80,QuadraticDiscriminantAnalysis,none,none,off,0.2075958187167113,0.17311777017124955,60,0.03447804854546174,0.7722691415798064,0.8339174230069101
STRICT,config_strat80,SVC,maxabs,undersample,off,0.3158634730718638,0.2842471726596371,240,0.03161630041222668,1.1117014796354017,0.8999051707221826
IMPUTED,config_random80,SVC,maxabs,undersample,on,0.3303326300793938,0.29963402927224864,1680,0.03069860080714515,1.4237153531912554,0.9070676100033869
STRICT,config_strat80,SVC,maxabs,undersample,on,0.30891766828017087,0.2789555757216705,1680,0.029962092558500353,1.185215877775163,0.9030094564506216
STRICT,config_strat80,QuadraticDiscriminantAnalysis,none,undersample,off,0.22398740046496135,0.20218886544939327,120,0.021798535015568082,0.7644163691192596,0.9026796374692599
IMPUTED,config_kfold,SVC,maxabs,undersample,off,0.2968564197420089,0.29274100422482663,396,0.004115415517182253,1.02375438584603,0.9861366800800236
IMPUTED,config_kfold,SVC,maxabs,undersample,on,0.29180092245124034,0.28820953411392236,2772,0.00359138833731798,1.0493691065091189,0.9876923338447702
IMPUTED,config_strat80,SVC,maxabs,undersample,off,0.32452192930467216,0.3287868057139136,240,-0.004264876409241447,1.4685301746767352,1.0131420283935186
STRICT,config_kfold,SVC,maxabs,undersample,off,0.3011939961381083,0.30597764498546604,450,-0.004783648847357713,1.0386042347952982,1.0158822848685345
IMPUTED,config_strat80,SVC,maxabs,undersample,on,0.3290608114639878,0.33566192416795537,1680,-0.006601112703967571,1.5320485473572738,1.020060464430873
STRICT,config_kfold,SVC,maxabs,undersample,on,0.29158406042115814,0.3009726675465856,3137,-0.00938860712542744,1.0805097197151388,1.0321986294856678
STRICT,config_loo,SVC,maxabs,undersample,off,0.18013669426183065,0.19515826287183957,8,-0.015021568610008917,0.3932940462226693,1.0833898316584787
STRICT,config_random80,SVC,maxabs,undersample,off,0.30373518403446154,0.3337460157220825,228,-0.030010831687620976,1.6243196152329011,1.0988059114159654
STRICT,config_random80,SVC,maxabs,undersample,on,0.2996845345590803,0.34039739063152075,1596,-0.04071285607244046,1.8422647458873536,1.135852376007125
STRICT,config_kfold,QuadraticDiscriminantAnalysis,maxabs,none,off,0.10305618582856435,0.14888343724900507,120,-0.04582725142044072,0.3935810660644008,1.4446821998310233
IMPUTED,config_kfold,QuadraticDiscriminantAnalysis,maxabs,none,on,0.10192029319101976,0.14794125327072224,840,-0.04602096007970248,0.4469636439253553,1.4515387332476533
IMPUTED,config_kfold,QuadraticDiscriminantAnalysis,maxabs,none,off,0.10140812472128626,0.14808923165389187,120,-0.04668110693260562,0.3976280063411647,1.460329062004703
STRICT,config_kfold,QuadraticDiscriminantAnalysis,maxabs,none,on,0.10961820437462239,0.15771847774611708,840,-0.048100273371494695,0.449256363998072,1.438798223761366
STRICT,config_strat80,QuadraticDiscriminantAnalysis,maxabs,none,off,0.08549509865160358,0.1483195796291971,60,-0.06282448097759351,0.554051251343814,1.7348313759319247
IMPUTED,config_strat80,QuadraticDiscriminantAnalysis,maxabs,none,off,0.10499547068791588,0.1688405577436737,60,-0.06384508705575782,0.687932430407656,1.6080746782452005
STRICT,config_random80,QuadraticDiscriminantAnalysis,maxabs,none,on,0.11521089931349213,0.18191319575607132,420,-0.06670229644257919,0.6590909090909091,1.578958213502703
STRICT,config_strat80,QuadraticDiscriminantAnalysis,maxabs,none,on,0.10756867516935482,0.17919619822608862,420,-0.0716275230567338,0.7259261003150643,1.6658771519121556
IMPUTED,config_random80,QuadraticDiscriminantAnalysis,maxabs,none,off,0.1087878831988762,0.18140330155755577,60,-0.07261541835867957,0.6201736729460423,1.6674954620261395
IMPUTED,config_strat80,QuadraticDiscriminantAnalysis,maxabs,none,on,0.10812666356880737,0.1848463601389943,420,-0.07671969657018693,0.8494470010251055,1.7095354100273856
IMPUTED,config_random80,QuadraticDiscriminantAnalysis,maxabs,none,on,0.1040632971450123,0.18362192865954682,420,-0.07955863151453452,0.7919347632909219,1.7645215335015716
STRICT,config_random80,QuadraticDiscriminantAnalysis,maxabs,none,off,0.11818480565019839,0.20619044246482024,60,-0.08800563681462185,0.6407116072277477,1.7446442571907224
IMPUTED,config_loo,SVC,maxabs,undersample,on,0.09915907037064077,0.5292919889625538,115,-0.43013291859191305,1.3988255618421093,5.337807091011895
IMPUTED,config_loo,SVC,maxabs,undersample,off,0.03381192310508579,0.5785958150195142,16,-0.5447838919144284,1.3988255618421093,17.112182978213543
