dataset_variant,config_name,model_class,scaler,resampling,pca,mean,std,median,min,max,count,range,cv_ratio
IMPUTED,config_strat80,SVC,robust,smote,off,0.5641786037552498,0.17271616290588157,0.5716350506349809,0.1326193317473155,1.0,480,0.8673806682526846,0.3061373858495505
IMPUTED,config_strat80,LogisticRegression,robust,smote,off,0.5624643861395409,0.17321117027108812,0.5716350506349809,0.0897303170096942,1.0,480,0.9102696829903059,0.3079504668018509
IMPUTED,config_strat80,SVC,standard,smote,off,0.5599930434262126,0.17500732554996634,0.5691908489504616,0.1326193317473155,1.0,480,0.8673806682526846,0.31251696356657716
IMPUTED,config_strat80,SVC,standard,smote,on,0.5569975968330289,0.17269281711976137,0.5691908489504616,0.1326193317473155,1.0,3360,0.8673806682526846,0.3100423019805766
IMPUTED,config_strat80,LogisticRegression,standard,smote,off,0.5546033166541978,0.17239485523492232,0.5691908489504616,0.1326193317473155,0.92783056924063,480,0.7952112374933145,0.3108435345734016
IMPUTED,config_strat80,LinearDiscriminantAnalysis,maxabs,smote,off,0.5534500711516629,0.1783224025237573,0.5931802201345258,0.1780684930865855,0.92783056924063,80,0.7497620761540444,0.3222014266845966
IMPUTED,config_strat80,LinearDiscriminantAnalysis,standard,smote,off,0.550008733989548,0.18729898188696698,0.5479252865751503,0.1780684930865855,0.92783056924063,80,0.7497620761540444,0.340538195690773
IMPUTED,config_strat80,LogisticRegression,none,smote,off,0.5499830448362022,0.16516845497779614,0.5691908489504616,0.1326193317473155,0.9229582069908971,480,0.7903388752435816,0.3003155397762983
IMPUTED,config_strat80,LogisticRegression,standard,smote,on,0.5439172489954774,0.1647580949126942,0.5266597241998389,0.1326193317473155,0.92783056924063,3360,0.7952112374933145,0.30291022249611377
IMPUTED,config_strat80,LogisticRegression,none,none,off,0.5437360855747018,0.1598009624044091,0.5439545842126707,0.1780684930865855,0.92783056924063,120,0.7497620761540444,0.29389434809261833
IMPUTED,config_strat80,LinearDiscriminantAnalysis,none,smote,off,0.5410012401698248,0.17768246614597405,0.5266597241998389,0.1326193317473155,0.92783056924063,80,0.7952112374933145,0.3284326410974549
IMPUTED,config_strat80,LinearDiscriminantAnalysis,standard,smote,on,0.5403239611524084,0.17174571030309754,0.5266597241998389,0.1326193317473155,0.92783056924063,560,0.7952112374933145,0.31785692038679264
IMPUTED,config_strat80,SVC,none,smote,off,0.5385875847465392,0.1730136750808283,0.5362318840579711,0.1326193317473155,0.92783056924063,480,0.7952112374933145,0.321235914047757
IMPUTED,config_strat80,LinearDiscriminantAnalysis,robust,smote,off,0.5333872702210154,0.18005742988090712,0.5266597241998389,0.1780684930865855,0.92783056924063,80,0.7497620761540444,0.3375735416525748
IMPUTED,config_strat80,SVC,standard,undersample,on,0.5267564589464829,0.1636125023246274,0.5266597241998389,0.1326193317473155,0.92783056924063,1680,0.7952112374933145,0.3106036946406954
IMPUTED,config_strat80,LogisticRegression,standard,none,off,0.5256916306793259,0.16502994200929738,0.5266597241998389,0.0897303170096942,0.92783056924063,120,0.8381002522309358,0.3139291789675958
IMPUTED,config_strat80,SVC,robust,undersample,off,0.525540526430951,0.17479460713495146,0.5266597241998389,0.1326193317473155,0.92783056924063,240,0.7952112374933145,0.3325996728016696
IMPUTED,config_strat80,LinearDiscriminantAnalysis,maxabs,smote,on,0.525193788809191,0.16767120979494876,0.5266597241998389,0.0897303170096942,0.92783056924063,560,0.8381002522309358,0.319255888717042
IMPUTED,config_strat80,LogisticRegression,standard,undersample,on,0.5227404727270991,0.15005945744553723,0.5266597241998389,0.1313517343731834,0.92783056924063,1680,0.7964788348674466,0.2870630174524041
IMPUTED,config_strat80,LogisticRegression,robust,undersample,off,0.522634455527934,0.1520475651420268,0.5516772843673705,0.1326193317473155,0.8643121965600912,240,0.7316928648127756,0.2909252605407301
IMPUTED,config_strat80,LogisticRegression,robust,none,off,0.5224685003558674,0.15549585703003999,0.5266597241998389,0.1326193317473155,0.92783056924063,120,0.7952112374933145,0.29761766867117834
IMPUTED,config_strat80,SVC,standard,undersample,off,0.5224225017277089,0.16935231446164714,0.5266597241998389,0.1326193317473155,0.8643121965600912,240,0.7316928648127756,0.3241673432931781
IMPUTED,config_strat80,LinearDiscriminantAnalysis,standard,undersample,on,0.5216701196271125,0.15107405358858772,0.5266597241998389,0.1203858530857692,0.92783056924063,280,0.8074447161548608,0.2895969079014431
IMPUTED,config_strat80,LogisticRegression,robust,smote,on,0.5216424435047916,0.17161922467206062,0.5266597241998389,-0.1628761506227475,0.92783056924063,3360,1.0907067198633775,0.32899781604999745
IMPUTED,config_strat80,SVC,robust,smote,on,0.5200391070120586,0.2038718775802259,0.5691908489504616,-0.38737781366765,1.0,3360,1.38737781366765,0.39203181997522074
IMPUTED,config_strat80,SVC,standard,smoteenn,on,0.5175944338511156,0.15993097386739788,0.5235477814280327,0.0486473329926243,1.0,3360,0.9513526670073758,0.30898897555262644
IMPUTED,config_strat80,LogisticRegression,standard,undersample,off,0.5167795132853895,0.15249524693655483,0.5266597241998389,0.1326193317473155,0.8643121965600912,240,0.7316928648127756,0.29508763992418546
IMPUTED,config_strat80,LinearDiscriminantAnalysis,robust,smote,on,0.5120118830493534,0.17582776607125603,0.5266597241998389,-0.0401286176952564,0.92783056924063,560,0.9679591869358865,0.34340563547879177
IMPUTED,config_strat80,LogisticRegression,standard,none,on,0.510882564213638,0.15545442498230339,0.5096447293679518,0.0897303170096942,0.92783056924063,840,0.8381002522309358,0.3042860255401011
IMPUTED,config_strat80,LogisticRegression,standard,smoteenn,on,0.5099104619912755,0.16603640655530705,0.5204358386562267,0.0486473329926243,1.0,3360,0.9513526670073758,0.3256187486464004
IMPUTED,config_kfold,LogisticRegression,standard,smote,on,0.508581475241017,0.039667698750164376,0.5082247470285293,0.3458745821766045,0.62629593670007,6720,0.2804213545234655,0.07799674325803124
IMPUTED,config_strat80,LogisticRegression,none,undersample,off,0.5085263904947632,0.14245863122741165,0.5266597241998389,0.2270531400966183,0.8075728530872482,240,0.5805197129906299,0.2801400947722863
STRICT,config_kfold,LogisticRegression,standard,smote,on,0.5077580049338007,0.0541000804673684,0.5138175328433825,0.2735168453783367,0.6394989078100229,6720,0.36598206243168624,0.10654697698842135
STRICT,config_loo,LogisticRegression,standard,smote,on,0.5069502270076881,0.03437659365078782,0.5081533951691829,0.4050757314861623,0.5814329692973752,336,0.17635723781121287,0.06781058932293661
IMPUTED,config_strat80,LinearDiscriminantAnalysis,maxabs,undersample,off,0.5049628739650528,0.14345398215547478,0.5278622408751513,0.2270531400966183,0.7092993656151906,40,0.48224622551857227,0.28408817667930747
IMPUTED,config_strat80,LinearDiscriminantAnalysis,none,undersample,off,0.5049628739650528,0.14345398215547478,0.5278622408751513,0.2270531400966183,0.7092993656151906,40,0.48224622551857227,0.28408817667930747
IMPUTED,config_strat80,LinearDiscriminantAnalysis,robust,undersample,off,0.5049628739650528,0.14345398215547478,0.5278622408751513,0.2270531400966183,0.7092993656151906,40,0.48224622551857227,0.28408817667930747
IMPUTED,config_strat80,LinearDiscriminantAnalysis,standard,undersample,off,0.5049628739650528,0.14345398215547478,0.5278622408751513,0.2270531400966183,0.7092993656151906,40,0.48224622551857227,0.28408817667930747
IMPUTED,config_strat80,LogisticRegression,none,smoteenn,off,0.5048884432056985,0.1608262705816785,0.5516772843673705,0.1901668471529859,0.92783056924063,480,0.7376637220876441,0.31853822907995477
IMPUTED,config_random80,LogisticRegression,standard,smote,on,0.5038366044509932,0.13946338080679171,0.4970501217477084,0.1136584015456127,0.8563488385776753,3360,0.7426904370320626,0.2768027959357148
IMPUTED,config_strat80,LinearDiscriminantAnalysis,maxabs,undersample,on,0.503752858758714,0.14684744197373173,0.5266597241998389,0.1326193317473155,0.8454106280193237,280,0.7127912962720082,0.2915069153861979
STRICT,config_loo,LinearDiscriminantAnalysis,standard,smote,on,0.500794012486509,0.036113819083347314,0.4977837854963974,0.4265947831441164,0.5595891548365541,56,0.13299437169243772,0.07211312073009297
IMPUTED,config_strat80,SVC,none,smoteenn,off,0.5007479171488539,0.17430587510837606,0.5266597241998389,0.1901668471529859,1.0,480,0.8098331528470141,0.3480910636649964
STRICT,config_kfold,LogisticRegression,standard,undersample,on,0.5005617871726152,0.048476733127670396,0.504111023948038,0.3349061773188097,0.6150175277925704,3360,0.2801113504737607,0.09684465408653645
IMPUTED,config_strat80,SVC,robust,undersample,on,0.5003894663102759,0.19422744046129528,0.5204358386562267,-0.4732058754737091,0.92783056924063,1680,1.401036444714339,0.38815253625035523
IMPUTED,config_strat80,LogisticRegression,robust,undersample,on,0.49998903529009103,0.15992601708183105,0.5266597241998389,-0.1224264366039326,0.8643121965600912,1680,0.9867386331640238,0.3198590484870189
STRICT,config_kfold,LinearDiscriminantAnalysis,standard,smote,on,0.499818526360788,0.056289192019193926,0.5008990697442544,0.3143836990185079,0.6235316994456663,1120,0.30914800042715845,0.1126192588919008
STRICT,config_kfold,LogisticRegression,standard,smoteenn,on,0.4990323611864097,0.054024242482644494,0.5035739049155842,0.2532686086875839,0.6420926690672872,6720,0.38882406037970335,0.10825799423950415
IMPUTED,config_kfold,LinearDiscriminantAnalysis,standard,smote,on,0.4986839001644267,0.04186084827552785,0.496978335424441,0.3626884968693857,0.606464750133872,1120,0.24377625326448632,0.08394265036774887
IMPUTED,config_loo,LogisticRegression,standard,smote,on,0.4981285682631651,0.024706249431130572,0.4986331041694657,0.4289934368490385,0.5553765584135016,336,0.12638312156446313,0.04959813792104787
IMPUTED,config_strat80,LogisticRegression,maxabs,smote,on,0.4981044236077019,0.19287750562339703,0.5204358386562267,-0.1123508829409707,0.92783056924063,3360,1.0401814521816006,0.38722303292633253
STRICT,config_strat80,SVC,none,smoteenn,off,0.4976687572026481,0.13209856196711703,0.5017840908171767,0.1749635530559413,0.7715167498104595,480,0.5965531967545181,0.26543470944334807
IMPUTED,config_strat80,SVC,none,undersample,off,0.497441323138862,0.17787236502196221,0.4732058754737091,0.0281160778557766,0.92783056924063,240,0.8997144913848534,0.3575745655780766
IMPUTED,config_kfold,SVC,standard,smote,on,0.49621246720986717,0.045239885861325366,0.4963295060749318,0.3708005353739096,0.6392221271759924,5684,0.26842159180208275,0.09117039343187582
IMPUTED,config_loo,LinearDiscriminantAnalysis,standard,smote,on,0.4958440844206735,0.03217999432575924,0.4942411406855747,0.4400071838494009,0.5637981363555521,56,0.12379095250615119,0.064899421686874
IMPUTED,config_random80,LogisticRegression,standard,undersample,on,0.4955513002439524,0.1271030563368609,0.492658951723038,0.1136584015456127,0.8563488385776753,1680,0.7426904370320626,0.25648819057540556
IMPUTED,config_random80,LinearDiscriminantAnalysis,maxabs,undersample,on,0.4946360855936095,0.14045299857815058,0.48687298371029364,0.233298824225205,0.8563488385776753,280,0.6230500143524703,0.28395218761606095
IMPUTED,config_random80,LinearDiscriminantAnalysis,standard,smote,on,0.49438618402409146,0.15321414708820133,0.4938291646584311,0.0812362394459923,0.8563488385776753,560,0.775112599131683,0.30990782517647214
IMPUTED,config_strat80,LinearDiscriminantAnalysis,robust,undersample,on,0.4937909448408612,0.1618800324131673,0.5204358386562267,-0.077766274741735,0.7624437362098716,280,0.8402100109516066,0.3278311076873594
STRICT,config_loo,LogisticRegression,standard,smoteenn,on,0.4935587901984783,0.03839920828993844,0.4930055884664934,0.4050757314861623,0.6017840614342685,336,0.19670832994810622,0.07780067755352243
STRICT,config_kfold,LogisticRegression,robust,smoteenn,off,0.4934696553637871,0.046582999207792436,0.4962545574102615,0.3474602756742164,0.625921413107905,960,0.27846113743368855,0.09439891328971652
STRICT,config_loo,LogisticRegression,standard,smote,off,0.49319395680383465,0.022611613440948006,0.4977014396548559,0.4471525794498304,0.5286864701664759,48,0.08153389071664546,0.04584730434955767
STRICT,config_loo,LogisticRegression,standard,none,off,0.4930081795069732,0.02864769358390929,0.5047622053370361,0.4464053981517132,0.5269567650541593,12,0.08055136690244613,0.058107947848974974
STRICT,config_kfold,SVC,standard,smote,on,0.4929414406101733,0.05621192636106942,0.4945411012521209,0.2909990917018729,0.6272301558065851,6300,0.33623106410471226,0.11403367972367896
STRICT,config_random80,LinearDiscriminantAnalysis,maxabs,none,off,0.4925396194250773,0.11609670921087965,0.4886363636363636,0.2786391062876764,0.7416198487095663,20,0.4629807424218899,0.23571039695526405
STRICT,config_random80,LinearDiscriminantAnalysis,none,none,off,0.4925396194250773,0.11609670921087965,0.4886363636363636,0.2786391062876764,0.7416198487095663,20,0.4629807424218899,0.23571039695526405
STRICT,config_random80,LinearDiscriminantAnalysis,robust,none,off,0.4925396194250773,0.11609670921087965,0.4886363636363636,0.2786391062876764,0.7416198487095663,20,0.4629807424218899,0.23571039695526405
STRICT,config_random80,LinearDiscriminantAnalysis,standard,none,off,0.4925396194250773,0.11609670921087965,0.4886363636363636,0.2786391062876764,0.7416198487095663,20,0.4629807424218899,0.23571039695526405
STRICT,config_kfold,SVC,standard,smoteenn,on,0.49243116847284785,0.059237395267522724,0.4947041864636956,0.2920498253653786,0.6918677268047376,6300,0.399817901439359,0.12029578763511801
STRICT,config_kfold,SVC,none,smoteenn,off,0.4921326176668983,0.048458904283171816,0.4872492383739533,0.3855353471495006,0.6389478068671426,900,0.253412459717642,0.09846716625470942
IMPUTED,config_strat80,SVC,standard,smoteenn,off,0.49211076305053475,0.1680583259317078,0.5174307236488221,0.0897303170096942,1.0,480,0.9102696829903059,0.3415050808682474
IMPUTED,config_random80,SVC,robust,smote,off,0.49176488142244584,0.15403320823310673,0.48344880295571363,0.1733842893726021,0.8320502943378436,480,0.6586660049652415,0.3132253116317715
IMPUTED,config_kfold,LogisticRegression,standard,undersample,on,0.4917201861121118,0.043633028962565226,0.48950372998794,0.3544057610841188,0.6237424754016644,3360,0.2693367143175456,0.08873548451927278
STRICT,config_kfold,SVC,standard,undersample,on,0.4910169185898523,0.05532064739477494,0.4959223929158198,0.2918326148621903,0.6215981408039176,3150,0.3297655259417273,0.11266546080255214
STRICT,config_random80,LogisticRegression,none,none,off,0.4909944281325463,0.12617806101080206,0.4796874435475382,0.2132007163556104,0.82915619758885,120,0.6159554812332395,0.25698471058156225
IMPUTED,config_strat80,LinearDiscriminantAnalysis,standard,smoteenn,on,0.49072600884338635,0.1684191288914807,0.4865336327998411,0.0486473329926243,1.0,560,0.9513526670073758,0.3432039994954315
IMPUTED,config_random80,LogisticRegression,none,smote,off,0.49050900677852194,0.13199856889164285,0.4938291646584311,0.2321726094326961,0.8320502943378436,480,0.5998776849051475,0.26910529076430145
IMPUTED,config_random80,LinearDiscriminantAnalysis,none,smote,off,0.4902910134337257,0.13875398862164764,0.4805092388636314,0.2335496832484568,0.7679476477883045,80,0.5343979645398477,0.28300332826802566
STRICT,config_loo,SVC,standard,smoteenn,on,0.49012569405888157,0.04392685855052226,0.4977837854963974,0.395058305668927,0.6001348448710581,231,0.20507653920213104,0.08962365997740383
STRICT,config_kfold,LogisticRegression,standard,smote,off,0.4894080341431255,0.04363082694237805,0.4944241116711019,0.3594246152648573,0.5855412894142763,960,0.226116674149419,0.08915020575575264
IMPUTED,config_strat80,LogisticRegression,standard,smoteenn,off,0.48817436120850105,0.1739673583546107,0.5174307236488221,0.0486473329926243,0.92783056924063,480,0.8791832362480058,0.35636316074434027
STRICT,config_kfold,LogisticRegression,standard,smoteenn,off,0.4877855940602911,0.04806253234359219,0.49178990929674604,0.3467887458817555,0.6120520057604245,960,0.265263259878669,0.09853208649218857
IMPUTED,config_random80,LogisticRegression,robust,smote,off,0.48745765259910784,0.14134046712594844,0.48378865373226965,0.1326193317473155,0.7679476477883045,480,0.635328316040989,0.2899543506442576
STRICT,config_kfold,LogisticRegression,robust,smote,off,0.48739460115742667,0.04253399354363425,0.49156373679253595,0.351241118836653,0.593424985985897,960,0.242183867149244,0.08726808512574379
IMPUTED,config_strat80,SVC,robust,smoteenn,off,0.48721911049680117,0.16374804521789074,0.5096447293679518,0.0897303170096942,0.92783056924063,480,0.8381002522309358,0.33608707394691945
STRICT,config_loo,LogisticRegression,robust,smoteenn,off,0.48699667021997123,0.03519506573922849,0.48758791515595,0.4257671236823037,0.5533630834502732,48,0.1275959597679695,0.07226962295929303
IMPUTED,config_random80,LogisticRegression,standard,smote,off,0.48667264158313217,0.13273772288769106,0.4938291646584311,0.2,0.7679476477883045,480,0.5679476477883045,0.2727453971028637
STRICT,config_loo,LinearDiscriminantAnalysis,maxabs,none,off,0.4862652153958905,0.0,0.4862652153958905,0.4862652153958905,0.4862652153958905,2,0.0,0.0
STRICT,config_loo,LinearDiscriminantAnalysis,none,none,off,0.4862652153958905,0.0,0.4862652153958905,0.4862652153958905,0.4862652153958905,2,0.0,0.0
STRICT,config_loo,LinearDiscriminantAnalysis,robust,none,off,0.4862652153958905,0.0,0.4862652153958905,0.4862652153958905,0.4862652153958905,2,0.0,0.0
STRICT,config_loo,LinearDiscriminantAnalysis,standard,none,off,0.4862652153958905,0.0,0.4862652153958905,0.4862652153958905,0.4862652153958905,2,0.0,0.0
STRICT,config_kfold,LogisticRegression,standard,undersample,off,0.4862111717375059,0.04335565661210727,0.4828513247175382,0.3515011655742059,0.5796794007443364,480,0.22817823517013053,0.08917042456505705
IMPUTED,config_random80,LinearDiscriminantAnalysis,standard,undersample,on,0.4858477460494008,0.1479603465680774,0.49543964320306977,0.1488652989562745,0.8320502943378436,280,0.6831849953815691,0.3045405639342677
IMPUTED,config_kfold,SVC,standard,undersample,on,0.4856213754879207,0.04688491526635307,0.4846876647211292,0.2734140387141692,0.6306820287303001,2842,0.3572679900161309,0.09654623464472947
IMPUTED,config_random80,LogisticRegression,standard,smoteenn,on,0.48553964873555056,0.1353332019610758,0.4729696357398171,0.0436435780471984,0.8563488385776753,3360,0.8127052605304769,0.27872739602937163
STRICT,config_kfold,LinearDiscriminantAnalysis,standard,undersample,on,0.4852912706146399,0.05443615618864238,0.48465118419564035,0.3248662517696908,0.6201971916330489,560,0.29533093986335807,0.11217213142881576
IMPUTED,config_kfold,LogisticRegression,robust,smote,off,0.4849927356430681,0.031149005809058522,0.48580575730752246,0.3899387675209707,0.5770105144172917,960,0.187071746896321,0.06422571622182549
IMPUTED,config_loo,SVC,standard,smote,on,0.4847538888707273,0.03103426777777313,0.48760661964655005,0.4099533220514466,0.5372686088107569,230,0.1273152867593103,0.06402066799313343
IMPUTED,config_random80,SVC,standard,smote,on,0.4846699838043335,0.1546920294513254,0.4730684412529962,0.1136584015456127,0.8563488385776753,3360,0.7426904370320626,0.3191698157932063
IMPUTED,config_strat80,GaussianNB,none,undersample,off,0.48437022478064234,0.1407387409273339,0.5034847357280339,0.1488652989562745,0.6908212560386473,120,0.5419559570823728,0.29056026511759786
IMPUTED,config_strat80,GaussianNB,maxabs,undersample,off,0.48437022478064234,0.14073874092733393,0.5034847357280339,0.1488652989562745,0.6908212560386473,120,0.5419559570823728,0.2905602651175979
IMPUTED,config_strat80,GaussianNB,robust,undersample,off,0.48437022478064234,0.14073874092733393,0.5034847357280339,0.1488652989562745,0.6908212560386473,120,0.5419559570823728,0.2905602651175979
IMPUTED,config_strat80,GaussianNB,standard,undersample,off,0.48437022478064234,0.14073874092733393,0.5034847357280339,0.1488652989562745,0.6908212560386473,120,0.5419559570823728,0.2905602651175979
STRICT,config_loo,LogisticRegression,standard,undersample,on,0.4842994511512507,0.03356114971388464,0.48223380406606214,0.4072105485482321,0.5588390654545202,168,0.15162851690628815,0.06929834348171336
IMPUTED,config_kfold,LogisticRegression,standard,smote,off,0.48419486156424235,0.0327773657060213,0.48559362761309144,0.3911506414500514,0.5954907095537068,960,0.20434006810365535,0.06769457569237843
IMPUTED,config_strat80,LinearDiscriminantAnalysis,none,smoteenn,off,0.48416482518409965,0.1822691374738475,0.5174307236488221,0.1488652989562745,0.92783056924063,80,0.7789652702843555,0.3764609240345809
STRICT,config_loo,LogisticRegression,robust,undersample,off,0.48360076513906836,0.024270607239530458,0.48253340223388963,0.4359784161562407,0.518113723719013,24,0.08213530756277226,0.05018728047824944
IMPUTED,config_strat80,LinearDiscriminantAnalysis,standard,none,on,0.4833543782902676,0.14340788848659586,0.4596940590980118,0.0556483802745148,0.7679476477883045,140,0.7122992675137897,0.29669305778063204
STRICT,config_kfold,LogisticRegression,robust,undersample,off,0.48322894545798134,0.04050004414584269,0.4822729397200566,0.3273843327767649,0.5772308540501842,480,0.24984652127341928,0.0838112959219748
IMPUTED,config_random80,SVC,standard,smote,off,0.48284061286861424,0.13610416914805268,0.4676593023870102,0.2270531400966183,0.8320502943378436,480,0.6049971542412254,0.2818821895271846
IMPUTED,config_strat80,LogisticRegression,robust,none,on,0.48263765406474923,0.17950238181868822,0.4965077541203082,0.0,0.92783056924063,840,0.92783056924063,0.37191955560642337
IMPUTED,config_random80,LogisticRegression,robust,undersample,off,0.4825021324813706,0.1452570885876186,0.4526019054848144,0.1136584015456127,0.7679476477883045,240,0.6542892462426918,0.30104963026920295
IMPUTED,config_strat80,LinearDiscriminantAnalysis,maxabs,none,off,0.48188161713903616,0.16203236430180543,0.49607021632979176,0.2270531400966183,0.7679476477883045,20,0.5408945076916862,0.3362493163026275
IMPUTED,config_strat80,LinearDiscriminantAnalysis,none,none,off,0.48188161713903616,0.16203236430180543,0.49607021632979176,0.2270531400966183,0.7679476477883045,20,0.5408945076916862,0.3362493163026275
IMPUTED,config_strat80,LinearDiscriminantAnalysis,robust,none,off,0.48188161713903616,0.16203236430180543,0.49607021632979176,0.2270531400966183,0.7679476477883045,20,0.5408945076916862,0.3362493163026275
IMPUTED,config_strat80,LinearDiscriminantAnalysis,standard,none,off,0.48188161713903616,0.16203236430180543,0.49607021632979176,0.2270531400966183,0.7679476477883045,20,0.5408945076916862,0.3362493163026275
IMPUTED,config_kfold,LogisticRegression,standard,smoteenn,on,0.4818792570678166,0.046118900634082916,0.4820286366396349,0.3397580294085656,0.6301246523717019,6720,0.2903666229631363,0.09570634128290033
STRICT,config_random80,LogisticRegression,standard,smote,on,0.4815795130313094,0.16297738251329313,0.4796874435475382,0.0321744726043893,0.9211323729436768,3360,0.8889579003392875,0.3384225825709021
STRICT,config_strat80,LinearDiscriminantAnalysis,maxabs,none,off,0.48156992315065705,0.13162159256986405,0.49856255684579104,0.2182178902359923,0.6825396825396826,20,0.46432179230369025,0.2733177182427292
STRICT,config_strat80,LinearDiscriminantAnalysis,none,none,off,0.48156992315065705,0.13162159256986405,0.49856255684579104,0.2182178902359923,0.6825396825396826,20,0.46432179230369025,0.2733177182427292
STRICT,config_strat80,LinearDiscriminantAnalysis,robust,none,off,0.48156992315065705,0.13162159256986405,0.49856255684579104,0.2182178902359923,0.6825396825396826,20,0.46432179230369025,0.2733177182427292
STRICT,config_strat80,LinearDiscriminantAnalysis,standard,none,off,0.48156992315065705,0.13162159256986405,0.49856255684579104,0.2182178902359923,0.6825396825396826,20,0.46432179230369025,0.2733177182427292
IMPUTED,config_random80,SVC,standard,undersample,on,0.4812940319235101,0.15927455830533857,0.4938291646584311,0.0897303170096942,0.8320502943378436,1680,0.7423199773281495,0.3309298427590961
IMPUTED,config_kfold,SVC,standard,smoteenn,on,0.4812638773456337,0.048518395766165436,0.481881562989532,0.3189081264015977,0.6236909872454803,5684,0.3047828608438826,0.10081453865551711
STRICT,config_loo,SVC,standard,smote,on,0.4811350631365751,0.06582841357759682,0.4771061411472772,-0.1856953381770519,0.6081055153583631,233,0.793800853535415,0.13681899038588827
IMPUTED,config_kfold,LinearDiscriminantAnalysis,standard,undersample,on,0.48079696883772993,0.04954825133218,0.4817104549402841,0.347120196229555,0.6069361980968813,560,0.2598160018673263,0.1030544170275388
STRICT,config_strat80,LinearDiscriminantAnalysis,standard,smote,on,0.4800257500658139,0.16238064790180495,0.5048267902790238,-0.0291605921759902,0.8412698412698413,560,0.8704304334458315,0.3382748693784485
STRICT,config_kfold,LogisticRegression,standard,none,off,0.48001573336606695,0.04306750888109295,0.47744723261744976,0.3855007065387749,0.5804545769617376,240,0.19495387042296275,0.08972103597331266
STRICT,config_loo,LogisticRegression,standard,undersample,off,0.47968323562445075,0.021762800023193668,0.4777053374829322,0.4359784161562407,0.5189784147503389,24,0.08299999859409818,0.04536910695839286
IMPUTED,config_strat80,LogisticRegression,robust,smoteenn,off,0.47914257444109026,0.16482341890788527,0.4845437118523489,0.0486473329926243,0.8643121965600912,480,0.8156648635674669,0.3439966049774398
STRICT,config_kfold,LinearDiscriminantAnalysis,maxabs,smote,on,0.478305202259643,0.04720069959938335,0.47915637589201726,0.3483161235723625,0.6154176440013125,1120,0.26710152042894997,0.09868322438558998
STRICT,config_random80,LogisticRegression,standard,none,off,0.478230308805906,0.15689104526246997,0.4803844614152614,0.2132007163556104,0.8528028654224417,120,0.6396021490668313,0.3280658761553852
IMPUTED,config_loo,LinearDiscriminantAnalysis,maxabs,smote,off,0.47820953775303143,0.007527767945959676,0.4778932379516889,0.4685790789045568,0.4884725962041911,8,0.01989351729963429,0.015741567977356714
STRICT,config_loo,LinearDiscriminantAnalysis,maxabs,smote,on,0.4779145590792044,0.031773665838031234,0.4670841238700822,0.4376281740110319,0.5207201428712019,56,0.08309196886017006,0.0664839880568807
STRICT,config_strat80,LinearDiscriminantAnalysis,maxabs,smote,on,0.4777333550757446,0.15573186036732736,0.5048267902790238,0.1166423687039608,0.7715167498104595,560,0.6548743811064986,0.32598071437284526
IMPUTED,config_strat80,SVC,robust,smoteenn,on,0.47757762936079495,0.18560836375980577,0.5174307236488221,-0.1600578141777946,0.92783056924063,3360,1.0878883834184245,0.3886454313369533
IMPUTED,config_random80,LogisticRegression,standard,undersample,off,0.4771662315848042,0.14312546851302108,0.4702759709795405,0.1136584015456127,0.7679476477883045,240,0.6542892462426918,0.2999488627635297
STRICT,config_kfold,SVC,robust,smoteenn,off,0.4769606295309425,0.05318097804372791,0.4824190031995375,0.2992650871413314,0.5904454790791785,900,0.29118039193784717,0.11149972293526132
IMPUTED,config_strat80,GaussianNB,standard,undersample,on,0.47656625069972663,0.15499312551360228,0.47986975413677513,0.1488652989562745,0.8454106280193237,840,0.6965453290630491,0.3252289168316702
IMPUTED,config_random80,LogisticRegression,standard,smoteenn,off,0.47592123686992444,0.12501880894626044,0.4581228472908512,0.1901668471529859,0.8563488385776753,480,0.6661819914246894,0.2626880232714426
STRICT,config_random80,LogisticRegression,standard,undersample,off,0.4756612431848802,0.14979249857294727,0.4796874435475382,0.2078698548207745,0.8295454545454546,240,0.6216755997246801,0.31491423932289114
STRICT,config_kfold,LinearDiscriminantAnalysis,maxabs,undersample,on,0.47547914709483813,0.04676898228451113,0.48242836913471654,0.3695765588375151,0.5873955236924978,560,0.2178189648549827,0.09836179477116519
IMPUTED,config_random80,LinearDiscriminantAnalysis,maxabs,smote,off,0.47532638050819953,0.14839631861768096,0.44447357271190713,0.2270531400966183,0.7679476477883045,80,0.5408945076916862,0.312198785304156
IMPUTED,config_loo,LogisticRegression,standard,smote,off,0.47463002861964604,0.023155354294175663,0.4771087555223537,0.4289934368490385,0.5377049985247575,48,0.10871156167571899,0.048786113178548286
STRICT,config_random80,LogisticRegression,standard,undersample,on,0.47446095898959534,0.14870576136963287,0.4796874435475382,0.1056611296654027,0.8528028654224417,1680,0.7471417357570389,0.31342043755573556
STRICT,config_kfold,SVC,robust,smote,off,0.47442144187870394,0.04294263271086927,0.4785507207687393,0.3393804220836726,0.5815847688282305,900,0.24220434674455793,0.09051579233184928
IMPUTED,config_loo,SVC,standard,smoteenn,on,0.47440558841381253,0.03745691078279743,0.4685790789045568,0.3832059252792875,0.5659680733486607,229,0.18276214806937324,0.07895545857298095
IMPUTED,config_kfold,SVC,robust,smote,off,0.4743655971604155,0.03706871803869342,0.4744914211325917,0.3697897631937352,0.5723141895892424,800,0.20252442639550722,0.07814377404387937
IMPUTED,config_random80,SVC,standard,smoteenn,on,0.4743577154955824,0.13774255423242213,0.4700159919404217,0.0,0.8563488385776753,3360,0.8563488385776753,0.2903769660171257
IMPUTED,config_loo,LogisticRegression,robust,smote,off,0.47424154712538,0.02318974477240948,0.4777210195786547,0.4387725362554147,0.525230178867319,48,0.08645764261190436,0.04889859379249742
IMPUTED,config_random80,SVC,none,smote,off,0.4742220385366023,0.14285010022590797,0.4730684412529962,0.1488652989562745,0.8320502943378436,480,0.6831849953815691,0.3012304123754515
IMPUTED,config_random80,LinearDiscriminantAnalysis,maxabs,smote,on,0.47396735071553164,0.1711290824040743,0.4526019054848144,0.0222222222222222,0.8563488385776753,560,0.834126616355453,0.36105668912790473
STRICT,config_kfold,LogisticRegression,none,smote,off,0.47390281419707814,0.03981358331430417,0.4753396887724486,0.3283786319770072,0.566774625126435,960,0.23839599314942778,0.08401212679388567
IMPUTED,config_kfold,SVC,standard,smote,off,0.47387209436541766,0.035373162858346456,0.4741785422912791,0.3912993277340577,0.5836956593172961,812,0.19239633158323838,0.07464706885877331
STRICT,config_loo,LogisticRegression,none,smote,off,0.4738307427173501,0.014147182729864044,0.4771061411472772,0.4464053981517132,0.5010028997973652,48,0.054597501645652025,0.02985703850436554
STRICT,config_kfold,SVC,standard,smoteenn,off,0.47369244034238067,0.05116876603999316,0.4791669915540957,0.3355738510712552,0.6167102556796752,900,0.28113640460842,0.10802107376467489
IMPUTED,config_loo,LinearDiscriminantAnalysis,robust,smote,off,0.4735451479510086,0.03739075206949808,0.4681651043548546,0.4310637990868051,0.5267865840075201,8,0.09572278492071501,0.07895921271981104
STRICT,config_kfold,SVC,robust,undersample,off,0.4731789436111308,0.04880542996356249,0.4751602152217731,0.3248243111237735,0.5831676122328207,450,0.25834330110904713,0.10314370625010716
STRICT,config_strat80,LogisticRegression,standard,smote,on,0.47275728951249957,0.17823127198985453,0.5091750772173156,-0.0291605921759902,0.8427009716003844,3360,0.8718615637763746,0.37700375212330206
IMPUTED,config_random80,LinearDiscriminantAnalysis,robust,smote,off,0.4723648893345514,0.15442227678532677,0.4817813765182186,0.1697642866754941,0.7679476477883045,80,0.5981833611128105,0.3269131137220437
IMPUTED,config_kfold,LogisticRegression,robust,undersample,off,0.4722998969915135,0.04174805929674135,0.46822704694452477,0.3749544593846753,0.5713725488862583,480,0.19641808950158302,0.08839311539695614
STRICT,config_kfold,LinearDiscriminantAnalysis,standard,smoteenn,on,0.47229450772842824,0.05445093482069793,0.4741663427709198,0.2795847362950548,0.6095740410342371,1120,0.32998930473918225,0.11529021390188916
IMPUTED,config_kfold,LogisticRegression,robust,smote,on,0.4720759437970702,0.08879458129854523,0.4945522593542973,0.090598678817494,0.6386542055109105,6720,0.5480555266934164,0.1880938490200108
STRICT,config_loo,LogisticRegression,robust,smote,off,0.4720143845966939,0.015390482236241785,0.4723669596130192,0.4363991221721087,0.4976190938133145,48,0.061219971641205795,0.032605960196302
IMPUTED,config_kfold,LogisticRegression,standard,none,off,0.4719788948952768,0.0408771098212151,0.47171155145174604,0.3763383650422657,0.5766327993581379,240,0.20029443431587224,0.08660791883561861
STRICT,config_random80,LogisticRegression,robust,undersample,off,0.47197024039553265,0.14765809773168428,0.4796874435475382,0.2078698548207745,0.8295454545454546,240,0.6216755997246801,0.31285467831179364
STRICT,config_loo,LogisticRegression,robust,none,off,0.4717257285584999,0.018972265209386538,0.47663716169430104,0.4362178094178452,0.48758791515595,12,0.0513701057381048,0.0402188476498028
IMPUTED,config_loo,LinearDiscriminantAnalysis,maxabs,smote,on,0.47149487689455355,0.03218411108935313,0.4685790789045568,0.4090975620301051,0.5350188929913869,56,0.12592133096128183,0.06825972596209327
IMPUTED,config_loo,LogisticRegression,standard,smoteenn,on,0.4714569265239343,0.03802740689067517,0.4641580590412252,0.3681265495813386,0.5486784946784741,336,0.18055194509713546,0.08065934500326967
IMPUTED,config_loo,LogisticRegression,standard,undersample,on,0.4713939394893749,0.0340305684026025,0.4702613770474478,0.4114352887942449,0.5648434697911421,168,0.15340818099689718,0.07219135748640557
IMPUTED,config_strat80,SVC,robust,none,off,0.4713098361605708,0.13158504758247078,0.4414147946478204,0.1838924281224568,0.687932430407656,120,0.5040400022851992,0.2791901154756316
IMPUTED,config_kfold,LogisticRegression,standard,undersample,off,0.4712409249270952,0.043891582064864404,0.46549169360700393,0.3691032357158719,0.5935711181018074,480,0.2244678823859355,0.09314042932849007
STRICT,config_loo,SVC,maxabs,smote,off,0.47078439233950076,0.03170149491078279,0.4681623224484551,0.4157046551561493,0.5301471196827872,36,0.11444246452663787,0.06733760809963646
IMPUTED,config_strat80,LinearDiscriminantAnalysis,maxabs,none,on,0.47057816608900793,0.12906178164870427,0.48724053883425567,0.1780684930865855,0.7679476477883045,140,0.589879154701719,0.2742621544075055
IMPUTED,config_kfold,LinearDiscriminantAnalysis,maxabs,smote,on,0.47039628442764875,0.03976921760183192,0.47263224573769236,0.3341290798646442,0.5712729617424273,1120,0.23714388187778307,0.0845440725583554
STRICT,config_kfold,LogisticRegression,none,undersample,off,0.47038830341589455,0.044887355885162565,0.4703110612385599,0.3479779205195173,0.5722717097681427,480,0.22429378924862536,0.09542617356595991
IMPUTED,config_kfold,LogisticRegression,none,smote,off,0.47006499376035527,0.030437801496364048,0.4668436356606482,0.3956452817257179,0.5682981770400889,960,0.172652895314371,0.06475232553028955
STRICT,config_kfold,SVC,standard,undersample,off,0.4700545978845223,0.04870828143596696,0.47211874420072,0.319876000840723,0.5842680225600605,450,0.2643920217193375,0.10362260395957888
STRICT,config_kfold,SVC,standard,smote,off,0.4695484376940771,0.040179973613492626,0.4761866234478679,0.344492631585382,0.566349310243223,900,0.22185667865784098,0.08557152018397496
IMPUTED,config_strat80,SVC,standard,none,off,0.4694926871245008,0.13359914864482378,0.4414147946478204,0.1838924281224568,0.7679476477883045,120,0.5840552196658477,0.28456065942811104
STRICT,config_random80,LogisticRegression,none,smoteenn,off,0.469475010940793,0.15322065438794946,0.431794300167913,0.1543033499620919,0.8528028654224417,480,0.6984995154603497,0.32636594241918576
IMPUTED,config_strat80,LogisticRegression,robust,smoteenn,on,0.46935860320781303,0.1738517999762759,0.4865336327998411,-0.0538381902058165,0.92783056924063,3360,0.9816687594464465,0.3704029260102884
STRICT,config_kfold,LogisticRegression,robust,smote,on,0.46908516617684526,0.1088812831602393,0.5023167799161257,0.0713397221179852,0.6467845710169394,6720,0.5754448488989542,0.23211410424176795
STRICT,config_loo,SVC,robust,smoteenn,off,0.4690370915203853,0.0367066049530925,0.4583558374945771,0.4051084364747354,0.5396307869412783,31,0.13452235046654293,0.07825949294139599
IMPUTED,config_kfold,SVC,robust,undersample,off,0.4689322536253534,0.04136485579717065,0.4700438334263404,0.372167980136222,0.5721813514743659,400,0.2000133713381439,0.08821072868708771
STRICT,config_random80,LogisticRegression,standard,smote,off,0.46863296311138813,0.15523422762969033,0.4308202184276645,0.25,0.8528028654224417,480,0.6028028654224417,0.3312490581094551
STRICT,config_loo,LogisticRegression,standard,smoteenn,off,0.4686155890742656,0.032369312844420094,0.4781164350793879,0.4050757314861623,0.5189784147503389,48,0.11390268326417657,0.06907434067305483
STRICT,config_loo,SVC,maxabs,smote,on,0.4685760674083835,0.03730387075203471,0.4581312606193058,0.3949667226034329,0.5590935152446493,196,0.16412679264121643,0.07961113114111062
STRICT,config_kfold,LogisticRegression,none,none,off,0.4683385645090455,0.03835630883609673,0.4713866155090059,0.3741725387060302,0.5459184952580419,240,0.17174595655201175,0.08189867703144467
IMPUTED,config_random80,SVC,robust,undersample,off,0.4681973940549002,0.15523038152296922,0.4676593023870102,0.1733842893726021,0.8320502943378436,240,0.6586660049652415,0.33154900794848746
IMPUTED,config_strat80,GaussianNB,robust,smote,on,0.46801325617102046,0.15945493417422935,0.4732058754737091,-0.0401286176952564,0.8459051693633014,1680,0.8860337870585578,0.34070602076271456
STRICT,config_strat80,LogisticRegression,standard,smote,off,0.46786795140692805,0.14990815941637234,0.4987413913553295,0.1056611296654027,0.7715167498104595,480,0.6658556201450567,0.3204069844185368
IMPUTED,config_strat80,LogisticRegression,maxabs,smote,off,0.4678517542980637,0.1782620259426854,0.4865336327998411,0.0,0.8454106280193237,480,0.8454106280193237,0.3810224591551204
STRICT,config_strat80,SVC,standard,smote,on,0.46785162007054554,0.17822182556115687,0.5048267902790238,-0.0291605921759902,0.9211323729436768,3360,0.950292965119667,0.380936642977283
IMPUTED,config_kfold,LinearDiscriminantAnalysis,robust,smote,off,0.4678004892152779,0.03206975515991514,0.4661265126309614,0.3742057576078728,0.5426363783682044,160,0.16843062076033166,0.06855434292877985
IMPUTED,config_loo,LogisticRegression,standard,none,off,0.46757834361167355,0.013020023932748943,0.4600880369617829,0.4572382259541429,0.4880639708668785,12,0.030825744912735653,0.027845652200612067
STRICT,config_random80,LinearDiscriminantAnalysis,robust,smote,off,0.46702627622150955,0.15876599334057864,0.4276686017238498,0.1956463952178073,0.8295454545454546,80,0.6338990593276472,0.3399508794774457
STRICT,config_loo,LinearDiscriminantAnalysis,standard,undersample,on,0.4668442475153041,0.03531122359882772,0.45280655864562935,0.4265947831441164,0.5212042155696847,28,0.09460943242556824,0.07563812510653276
IMPUTED,config_kfold,SVC,standard,undersample,off,0.46682683010613246,0.04130032566068362,0.4695437500460961,0.3435652757751868,0.557891370996711,406,0.21432609522152424,0.08847033417358219
STRICT,config_kfold,LogisticRegression,robust,none,off,0.4667116042614253,0.04297748282265657,0.4613645769383563,0.3522178627972703,0.5540575333051736,240,0.2018396705079033,0.09208573866653427
IMPUTED,config_kfold,SVC,none,smote,off,0.4665786194100479,0.03624007910024881,0.46284671297711166,0.3617002488291415,0.5925265750408085,812,0.23082632621166704,0.07767196693682953
STRICT,config_kfold,LogisticRegression,standard,none,on,0.46626507693093994,0.07330041108356987,0.4755276020059984,0.2339420265287572,0.5977305787181605,1680,0.3637885521894033,0.157207594371102
STRICT,config_random80,SVC,none,smoteenn,off,0.4661129260142103,0.12541603068755738,0.47575621265314805,0.1,0.8528028654224417,456,0.7528028654224417,0.2690679097016371
STRICT,config_loo,LinearDiscriminantAnalysis,none,smote,off,0.46595046949352265,0.015397800080632492,0.4625701843060087,0.4471525794498304,0.4976190938133145,8,0.050466514363484094,0.033046001858029125
IMPUTED,config_random80,SVC,standard,undersample,off,0.46588578135218134,0.16010979418492294,0.46772801949736664,0.1326193317473155,0.8320502943378436,240,0.6994309625905282,0.3436674837343655
IMPUTED,config_kfold,LinearDiscriminantAnalysis,maxabs,smote,off,0.46582435351038487,0.03338772657139273,0.465180355239291,0.3873494945546072,0.5311613252365729,160,0.14381183068196568,0.07167449773672771
STRICT,config_kfold,LinearDiscriminantAnalysis,maxabs,none,off,0.4656832690403102,0.047510276547285714,0.47350612067847186,0.3489415651760667,0.5555984748651006,40,0.20665690968903389,0.1020227259725175
STRICT,config_kfold,LinearDiscriminantAnalysis,none,none,off,0.4656832690403102,0.047510276547285714,0.47350612067847186,0.3489415651760667,0.5555984748651006,40,0.20665690968903389,0.1020227259725175
STRICT,config_kfold,LinearDiscriminantAnalysis,robust,none,off,0.4656832690403102,0.047510276547285714,0.47350612067847186,0.3489415651760667,0.5555984748651006,40,0.20665690968903389,0.1020227259725175
STRICT,config_kfold,LinearDiscriminantAnalysis,standard,none,off,0.4656832690403102,0.047510276547285714,0.47350612067847186,0.3489415651760667,0.5555984748651006,40,0.20665690968903389,0.1020227259725175
IMPUTED,config_kfold,LinearDiscriminantAnalysis,robust,smote,on,0.46567173033887393,0.0897671880828155,0.4873234576353052,0.1030773935070527,0.6065512704381788,1120,0.5034738769311261,0.19276924544569418
IMPUTED,config_kfold,LogisticRegression,standard,none,on,0.4655195345779941,0.06933846130851536,0.48012236461410107,0.2105257395419872,0.5766327993581379,1680,0.36610705981615077,0.148948553515316
STRICT,config_kfold,LinearDiscriminantAnalysis,robust,smote,off,0.465362946495119,0.05232505805912587,0.47850872098526465,0.3308772004408769,0.5758001688234926,160,0.24492296838261574,0.11243924436445153
IMPUTED,config_random80,LogisticRegression,robust,smoteenn,off,0.46513621978484776,0.14434355474297172,0.4528709474549494,0.0052540693749273,0.7977240352174656,480,0.7924699658425383,0.31032533826271136
STRICT,config_loo,LogisticRegression,standard,none,on,0.46501982753249405,0.07255771140191278,0.4703339477104215,0.2316651961403036,0.5486395322820758,84,0.3169743361417723,0.1560314358785974
IMPUTED,config_random80,LinearDiscriminantAnalysis,standard,smote,off,0.46497518880516553,0.1492275106580684,0.44431419507388914,0.2270531400966183,0.7679476477883045,80,0.5408945076916862,0.3209365020992505
IMPUTED,config_random80,LogisticRegression,none,undersample,off,0.46474621322908977,0.16567038649681465,0.4475323507759939,0.0812362394459923,0.7679476477883045,240,0.6867114083423121,0.35647495725833894
IMPUTED,config_random80,LogisticRegression,robust,smote,on,0.4644561075985721,0.17927561613201182,0.4526019054848144,-0.1636363636363636,0.8563488385776753,3360,1.019985202214039,0.3859904374149368
IMPUTED,config_loo,LinearDiscriminantAnalysis,standard,undersample,on,0.4642873153525815,0.03356569857131375,0.4509939284626683,0.4204231461659226,0.5267865840075201,28,0.10636343784159752,0.07229510146281691
STRICT,config_kfold,LinearDiscriminantAnalysis,standard,smote,off,0.4642408504962849,0.05097918054039542,0.46614301173956607,0.3233874358553449,0.5673814713977386,160,0.24399403554239374,0.10981192302637181
STRICT,config_kfold,LogisticRegression,robust,undersample,on,0.4641345129183381,0.1048229758139573,0.4917944152844441,0.0569150476615493,0.6093702280271891,3360,0.5524551803656398,0.22584611334947272
STRICT,config_kfold,LinearDiscriminantAnalysis,maxabs,smote,off,0.46406762019905246,0.05421680374671316,0.4676717290356506,0.3110024752415518,0.5833098628242416,160,0.2723073875826898,0.11682953385857421
IMPUTED,config_random80,LinearDiscriminantAnalysis,robust,smote,on,0.46372185966762486,0.19153530350054054,0.4622501635210242,-0.1218363373750322,0.8563488385776753,560,0.9781851759527075,0.41303919474019296
STRICT,config_random80,LinearDiscriminantAnalysis,standard,smote,on,0.4633375256984895,0.18681385708211276,0.4796874435475382,0.070869157725464,0.9211323729436768,560,0.8502632152182128,0.4031917268097108
STRICT,config_random80,SVC,standard,smote,on,0.4632480753259554,0.17413890276613234,0.472455591261534,0.070869157725464,0.9211323729436768,3192,0.8502632152182128,0.375908529449589
IMPUTED,config_random80,LinearDiscriminantAnalysis,maxabs,undersample,off,0.4630600136950325,0.1570762304396552,0.45176867919282215,0.1136584015456127,0.7679476477883045,40,0.6542892462426918,0.3392135485555104
IMPUTED,config_random80,LinearDiscriminantAnalysis,none,undersample,off,0.4630600136950325,0.1570762304396552,0.45176867919282215,0.1136584015456127,0.7679476477883045,40,0.6542892462426918,0.3392135485555104
IMPUTED,config_random80,LinearDiscriminantAnalysis,robust,undersample,off,0.4630600136950325,0.1570762304396552,0.45176867919282215,0.1136584015456127,0.7679476477883045,40,0.6542892462426918,0.3392135485555104
IMPUTED,config_random80,LinearDiscriminantAnalysis,standard,undersample,off,0.4630600136950325,0.1570762304396552,0.45176867919282215,0.1136584015456127,0.7679476477883045,40,0.6542892462426918,0.3392135485555104
STRICT,config_loo,LogisticRegression,none,none,off,0.46293126235412513,0.021285423092609845,0.456563218857709,0.4363991221721087,0.5027838603166097,12,0.06638473814450102,0.04597966225993891
STRICT,config_random80,LogisticRegression,none,smote,off,0.4628929098351174,0.12526265181912044,0.4308202184276645,0.1956463952178073,0.8295454545454546,480,0.6338990593276472,0.27060827495443607
IMPUTED,config_kfold,LinearDiscriminantAnalysis,none,smote,off,0.462797330795807,0.031221990236462892,0.46097072811246076,0.3951613889757909,0.5257705142805491,160,0.1306091253047582,0.06746363507061473
STRICT,config_kfold,LinearDiscriminantAnalysis,none,smote,off,0.46274693861381816,0.046642079691155094,0.46879579156368745,0.3344594315192893,0.5613434470249895,160,0.2268840155057002,0.10079392384717617
IMPUTED,config_strat80,GaussianNB,maxabs,none,off,0.46245306646704193,0.18127468858544532,0.4728661581643262,0.1136584015456127,0.687932430407656,60,0.5742740288620433,0.39198505044049564
IMPUTED,config_strat80,GaussianNB,none,none,off,0.46245306646704193,0.18127468858544532,0.4728661581643262,0.1136584015456127,0.687932430407656,60,0.5742740288620433,0.39198505044049564
IMPUTED,config_strat80,GaussianNB,robust,none,off,0.46245306646704193,0.18127468858544532,0.4728661581643262,0.1136584015456127,0.687932430407656,60,0.5742740288620433,0.39198505044049564
IMPUTED,config_strat80,GaussianNB,standard,none,off,0.46245306646704193,0.18127468858544532,0.4728661581643262,0.1136584015456127,0.687932430407656,60,0.5742740288620433,0.39198505044049564
STRICT,config_kfold,LinearDiscriminantAnalysis,robust,smote,on,0.46208803937739235,0.10819345177364584,0.49008231918695677,0.0736483474325498,0.623341555587525,1120,0.5496932081549752,0.23414034243219844
STRICT,config_random80,LogisticRegression,maxabs,smote,on,0.4618912377480979,0.21368138108590445,0.471824981758758,-0.1119785021911708,0.9211323729436768,3360,1.0331108751348477,0.462622720724657
STRICT,config_strat80,LogisticRegression,robust,smote,off,0.46179662310650804,0.15096601463841272,0.4987413913553295,0.1543033499620919,0.7715167498104595,480,0.6172133998483675,0.326910174489505
STRICT,config_random80,LinearDiscriminantAnalysis,standard,smote,off,0.46176848876786003,0.15914629136960382,0.4641111023447422,0.1543033499620919,0.8295454545454546,80,0.6752421045833626,0.3446451961117029
IMPUTED,config_kfold,LinearDiscriminantAnalysis,standard,smote,off,0.46173692473446587,0.032478747913430014,0.4549905718408716,0.3816205001175275,0.5402481373825868,160,0.1586276372650593,0.07034037386571972
IMPUTED,config_loo,LinearDiscriminantAnalysis,robust,smote,on,0.4612592387581143,0.09104623535315097,0.4883492802470944,0.1910767994284279,0.5372686088107569,56,0.34619180938232896,0.19738625853496644
IMPUTED,config_loo,SVC,robust,smoteenn,off,0.4612516108312363,0.02985678237788185,0.4675917504593828,0.399526333653657,0.50766703256774,27,0.10814069891408307,0.06472992543934099
IMPUTED,config_random80,SVC,standard,smoteenn,off,0.46053627819247644,0.1194092465004518,0.4581228472908512,0.2182178902359923,0.7125253031944253,480,0.494307412958433,0.25928304056547297
IMPUTED,config_kfold,LogisticRegression,robust,smoteenn,off,0.46022289859798765,0.03849126056621613,0.46314759076559586,0.3326650820129564,0.5515685880679848,960,0.2189035060550284,0.08363612650190812
IMPUTED,config_random80,LogisticRegression,none,none,off,0.46020463687242025,0.15589723776313388,0.4511631888015458,0.2182178902359924,0.7419408268023742,120,0.5237229365663818,0.33875633853370396
IMPUTED,config_kfold,SVC,none,smoteenn,off,0.4599876711941655,0.04774566353745174,0.4641432564579059,0.2955931477920605,0.591681173904372,812,0.29608802611231155,0.10379770269385721
IMPUTED,config_kfold,SVC,robust,smote,on,0.45991769651250985,0.09341303623031894,0.4822812053601958,0.0654661255123668,0.610049853051829,5592,0.5445837275394623,0.20310815813058866
IMPUTED,config_kfold,LinearDiscriminantAnalysis,standard,smoteenn,on,0.45985245688460463,0.049903439880763005,0.4589754084485286,0.3460776025832444,0.6032020139387505,1120,0.2571244113555061,0.10852054639187407
IMPUTED,config_kfold,LinearDiscriminantAnalysis,maxabs,undersample,on,0.4597895104055952,0.0507932989799406,0.4626211819830114,0.3132259188152942,0.5632912782461226,560,0.25006535943082836,0.110470765057546
IMPUTED,config_loo,LogisticRegression,robust,smote,on,0.45962819850485015,0.08400631454568255,0.48760661964655005,0.2116512701375709,0.5356148296984569,336,0.32396355956088596,0.18277014947940817
STRICT,config_random80,LinearDiscriminantAnalysis,maxabs,smote,on,0.4593625545131968,0.18811601672759343,0.45758853337646055,0.0,0.9211323729436768,560,0.9211323729436768,0.4095153487792378
IMPUTED,config_kfold,LogisticRegression,standard,smoteenn,off,0.45918310962632186,0.04034530968229911,0.45947605990241513,0.3481151690369961,0.5611100550979202,960,0.21299488606092415,0.08786322675311746
STRICT,config_loo,LogisticRegression,none,smoteenn,off,0.45913040196313076,0.04470074930504905,0.4587398801526479,0.3863611644241803,0.5323831035391606,48,0.14602193911498035,0.0973595935139983
IMPUTED,config_random80,LogisticRegression,robust,undersample,on,0.459077456033232,0.17982112998602415,0.4526019054848144,-0.1348399724926484,0.8563488385776753,1680,0.9911888110703237,0.39170106835524315
IMPUTED,config_random80,LogisticRegression,none,smoteenn,off,0.4590495781144898,0.1268157835359404,0.4547940268270977,0.1428571428571428,0.7419408268023742,480,0.5990836839452314,0.2762572706347456
IMPUTED,config_loo,SVC,robust,smote,off,0.45897010126120336,0.027465213610551906,0.4578029269547624,0.4094224637628599,0.5164956098976807,33,0.10707314613482083,0.059840964662143094
STRICT,config_random80,LogisticRegression,standard,none,on,0.4586522259730614,0.18109391988760312,0.4522670168666454,0.0,0.8528028654224417,840,0.8528028654224417,0.3948392913680954
STRICT,config_strat80,LinearDiscriminantAnalysis,maxabs,undersample,on,0.45864447260027047,0.13630716703820328,0.4665694748158434,0.1614681617175281,0.7094390134677043,280,0.5479708517501762,0.2971957042574046
STRICT,config_random80,LogisticRegression,standard,smoteenn,on,0.45849210554564485,0.15354240337084887,0.4588314677411235,0.0307728727448331,0.8528028654224417,3360,0.8220299926776086,0.33488559893113157
IMPUTED,config_kfold,LogisticRegression,robust,undersample,on,0.4584751781827906,0.08416616173513325,0.4762722621729585,0.1071389710533046,0.6259658754599712,3360,0.5188269044066666,0.1835784481697215
IMPUTED,config_loo,LogisticRegression,none,smote,off,0.45818101256546107,0.021013245524691377,0.4506693490173787,0.4310637990868051,0.4973160058812252,48,0.06625220679442012,0.04586232285583677
STRICT,config_loo,LogisticRegression,none,undersample,off,0.4580208229801026,0.01001528275518277,0.4570621065928872,0.446353769294216,0.4777053374829322,24,0.031351568188716206,0.02186643543849939
STRICT,config_kfold,SVC,robust,smote,on,0.4577847400319889,0.11332858454517646,0.4890491232906065,0.0393340687198176,0.6371202113832155,6300,0.5977861426633979,0.24755867689529654
STRICT,config_kfold,LogisticRegression,robust,smoteenn,on,0.45755410304690625,0.10750489533667931,0.4880617811641124,0.0619374769963781,0.6751670379209198,6720,0.6132295609245417,0.23495559240053068
STRICT,config_random80,SVC,standard,smoteenn,on,0.45753522504438976,0.1583717986371839,0.4629100498862757,0.0237624228260878,0.8528028654224417,3192,0.8290404425963539,0.346141214857979
IMPUTED,config_loo,LogisticRegression,robust,smoteenn,off,0.45748898570793567,0.025644843017433045,0.4593099608919506,0.3917742094595564,0.4964109646633509,48,0.10463675520379451,0.05605565121474837
STRICT,config_kfold,SVC,none,smote,off,0.4574778873816402,0.049050122134016175,0.4629635326305216,0.3138675488883375,0.5943923682193561,900,0.28052481933101864,0.10721856397202705
STRICT,config_loo,LinearDiscriminantAnalysis,standard,smoteenn,on,0.45740808654377735,0.04874588067730326,0.4528417945174295,0.3850039121605854,0.5590935152446493,56,0.17408960308406396,0.10656978333206166
IMPUTED,config_loo,LogisticRegression,maxabs,smote,on,0.4573221923366454,0.08237502426756703,0.48408746684993376,0.1419998924437279,0.5444587496987767,336,0.4024588572550488,0.180124703432124
IMPUTED,config_strat80,LinearDiscriminantAnalysis,robust,none,on,0.456968860872552,0.18889332755798707,0.4779733235482032,0.0,0.8459051693633014,140,0.8459051693633014,0.4133614863763533
STRICT,config_random80,LogisticRegression,robust,none,off,0.4569626412475321,0.16191825808300975,0.4803844614152614,0.0,0.82915619758885,120,0.82915619758885,0.35433587665058214
IMPUTED,config_loo,LogisticRegression,standard,smoteenn,off,0.4569510377123828,0.025840657412450417,0.45166427807584464,0.422235951603033,0.5290486946131061,48,0.1068127430100731,0.05655016682272033
STRICT,config_loo,SVC,standard,smote,off,0.4567083005972452,0.01972941410119129,0.456563218857709,0.4265947831441164,0.4923501348491881,34,0.06575535170507169,0.04319915813965018
STRICT,config_random80,LogisticRegression,robust,smote,off,0.4566574835964163,0.1577681885307677,0.4161491018758874,0.2063492063492063,0.9148532788043832,480,0.7085040724551769,0.34548473242628325
IMPUTED,config_loo,LinearDiscriminantAnalysis,standard,smote,off,0.45652908314221485,0.02165629106645597,0.4494356000546268,0.4387725362554147,0.4884725962041911,8,0.04970005994877641,0.047436826844413214
IMPUTED,config_loo,SVC,standard,undersample,on,0.45644247534682725,0.03839602416224341,0.4673320904329671,0.3963896244052417,0.5648434697911421,118,0.16845384538590036,0.08412018213920218
STRICT,config_loo,RandomForestClassifier,standard,smote,off,0.45623780253688345,0.03673040057686561,0.4515991474810198,0.3738487656727224,0.5862917080130566,260,0.21244294234033423,0.08050713985695261
IMPUTED,config_loo,LinearDiscriminantAnalysis,standard,smoteenn,on,0.45622074966046283,0.04167463261882932,0.4582647523849861,0.3832059252792875,0.5444587496987767,56,0.16125282441948924,0.09134751685416587
STRICT,config_random80,LinearDiscriminantAnalysis,maxabs,smote,off,0.456220722812564,0.15910481689043912,0.42924441007575714,0.1543033499620919,0.8295454545454546,80,0.6752421045833626,0.3487452650321773
IMPUTED,config_loo,LogisticRegression,standard,none,on,0.45610545065275865,0.06177884301068991,0.4675917504593828,0.2420672960933697,0.5359695412604157,84,0.29390224516704605,0.13544859620132726
IMPUTED,config_random80,SVC,none,smoteenn,off,0.4560469822884212,0.11865163891203458,0.47547147964401015,0.0897303170096942,0.6666666666666666,480,0.5769363496569724,0.2601741564359148
IMPUTED,config_loo,LinearDiscriminantAnalysis,none,smote,off,0.45604480462703323,0.02480185996089282,0.46305509006995826,0.422235951603033,0.4798518567480798,8,0.057615905145046775,0.054384700163784355
STRICT,config_random80,SVC,standard,undersample,on,0.45584869854447296,0.16082914775901508,0.472455591261534,0.0,0.8528028654224417,1596,0.8528028654224417,0.3528125631871788
IMPUTED,config_strat80,RandomForestClassifier,robust,none,off,0.4556413590516956,0.16343777299922352,0.4127594582445936,0.1088139926032724,0.8459051693633014,1440,0.737091176760029,0.358698282656734
IMPUTED,config_random80,LinearDiscriminantAnalysis,standard,smoteenn,on,0.4556020139740875,0.1352800638422044,0.4475323507759939,0.0924500327042048,0.8563488385776753,560,0.7638988058734705,0.2969259566308644
STRICT,config_loo,LogisticRegression,maxabs,smote,on,0.4553752290247414,0.09998946318319844,0.48324409799817286,0.1221593505234226,0.5603085254187569,336,0.4381491748953343,0.2195759822011878
IMPUTED,config_loo,LogisticRegression,robust,undersample,off,0.4553589677899901,0.027936984770898475,0.4506693490173787,0.4135179228034119,0.5181641585428214,24,0.10464623573940951,0.061351563814557204
STRICT,config_strat80,LogisticRegression,standard,none,off,0.45512685492321364,0.13016686016492654,0.4879500364742665,0.1614681617175281,0.7715167498104595,120,0.6100485880929314,0.28600127361609445
STRICT,config_random80,LinearDiscriminantAnalysis,none,undersample,off,0.45510621551893593,0.11930569134620216,0.42924441007575714,0.2984440079997104,0.7366351076087241,40,0.4381910996090137,0.26214911437797783
STRICT,config_random80,LinearDiscriminantAnalysis,maxabs,undersample,off,0.45510621551893593,0.11930569134620218,0.42924441007575714,0.2984440079997104,0.7366351076087241,40,0.4381910996090137,0.2621491143779779
STRICT,config_random80,LinearDiscriminantAnalysis,robust,undersample,off,0.45510621551893593,0.11930569134620218,0.42924441007575714,0.2984440079997104,0.7366351076087241,40,0.4381910996090137,0.2621491143779779
STRICT,config_random80,LinearDiscriminantAnalysis,standard,undersample,off,0.45510621551893593,0.11930569134620218,0.42924441007575714,0.2984440079997104,0.7366351076087241,40,0.4381910996090137,0.2621491143779779
IMPUTED,config_strat80,RandomForestClassifier,none,none,off,0.45504914313231193,0.16286823050129343,0.4252964776724258,0.1088139926032724,0.8459051693633014,1440,0.737091176760029,0.3579134978261836
STRICT,config_loo,LinearDiscriminantAnalysis,robust,smote,on,0.45468712755588764,0.11087384007018966,0.4873614669848471,0.1479980103053904,0.5590935152446493,56,0.41109550493925895,0.24384644594224114
STRICT,config_random80,LinearDiscriminantAnalysis,none,smote,off,0.4546604629186488,0.1658546555998012,0.47129874671690697,0.1,0.8295454545454546,80,0.7295454545454546,0.3647879442498987
IMPUTED,config_kfold,LogisticRegression,none,none,off,0.45448317901015656,0.03797575140330219,0.46117475995832957,0.3351509747024995,0.5507815656005272,240,0.21563059089802766,0.08355810106330366
STRICT,config_loo,LogisticRegression,maxabs,undersample,on,0.4544755828532494,0.03711091494965046,0.4583558374945771,0.3550875510066608,0.5386014528554335,154,0.1835139018487727,0.08165656495045105
IMPUTED,config_kfold,LogisticRegression,maxabs,smote,on,0.4543932087453906,0.11171628559025973,0.4838637889202851,0.0303046336338555,0.5938970508556602,6720,0.5635924172218048,0.24585817622300235
STRICT,config_loo,LogisticRegression,robust,smote,on,0.45436030575027964,0.10784513687520307,0.48747469107039854,0.1277780533570327,0.5810226320299953,336,0.45324457867296253,0.23735598270874414
IMPUTED,config_strat80,GaussianNB,maxabs,smote,off,0.454276659961877,0.1363509285170858,0.40633714567003787,0.2789579047098707,0.8459051693633014,240,0.5669472646534307,0.30014953559033475
IMPUTED,config_strat80,RandomForestClassifier,standard,none,off,0.4542330794896749,0.1625460108109545,0.4127594582445936,0.1088139926032724,0.8459051693633014,1440,0.737091176760029,0.35784714533246426
STRICT,config_kfold,LogisticRegression,maxabs,smote,on,0.45419333883449786,0.12185265662699363,0.48820238688528456,0.0138675049056307,0.6416940718287195,6720,0.6278265669230888,0.26828367175018203
IMPUTED,config_kfold,LogisticRegression,robust,none,off,0.4541887671662211,0.050481554462356644,0.4633063063909215,0.3069540630017005,0.5857397074948598,240,0.27878564449315935,0.11114663794378193
IMPUTED,config_loo,SVC,maxabs,smote,off,0.4539767500661275,0.03198411167358441,0.4595638849768418,0.3992538571714621,0.5164956098976807,32,0.11724175272621862,0.07045319318428866
STRICT,config_kfold,LogisticRegression,none,smoteenn,off,0.45396592480732834,0.04535966518236705,0.4533239436047837,0.3194872126586359,0.591784764562184,960,0.2722975519035481,0.09991865623310504
IMPUTED,config_kfold,LogisticRegression,none,smoteenn,off,0.45370305570719793,0.04437586679176009,0.4536616657713926,0.3465339185434035,0.5586033396388859,960,0.21206942109548238,0.09780817262204759
STRICT,config_random80,LinearDiscriminantAnalysis,standard,undersample,on,0.45345242988168794,0.1578869816065346,0.4308202184276645,0.1056611296654027,0.7925270806437588,280,0.6868659509783561,0.34818863281365486
STRICT,config_strat80,LinearDiscriminantAnalysis,standard,undersample,on,0.4534383746893829,0.1470672774890529,0.4629100498862757,-0.0291605921759902,0.7094390134677043,280,0.7385996056436945,0.3243379601247861
STRICT,config_random80,LinearDiscriminantAnalysis,maxabs,undersample,on,0.45341754671681506,0.17253509039174503,0.4276686017238498,0.0,0.9211323729436768,280,0.9211323729436768,0.38052142366581804
IMPUTED,config_strat80,RandomForestClassifier,maxabs,none,off,0.4533729154422795,0.16250024370308552,0.4127594582445936,0.1088139926032724,0.8459051693633014,1440,0.737091176760029,0.35842512458990067
STRICT,config_strat80,LogisticRegression,robust,none,off,0.4532814393582644,0.13742084568685947,0.4629100498862757,0.1614681617175281,0.7715167498104595,120,0.6100485880929314,0.3031689227809852
IMPUTED,config_loo,LinearDiscriminantAnalysis,maxabs,none,off,0.453110138691783,0.0,0.453110138691783,0.453110138691783,0.453110138691783,2,0.0,0.0
IMPUTED,config_loo,LinearDiscriminantAnalysis,none,none,off,0.453110138691783,0.0,0.453110138691783,0.453110138691783,0.453110138691783,2,0.0,0.0
IMPUTED,config_loo,LinearDiscriminantAnalysis,robust,none,off,0.453110138691783,0.0,0.453110138691783,0.453110138691783,0.453110138691783,2,0.0,0.0
IMPUTED,config_loo,LinearDiscriminantAnalysis,standard,none,off,0.453110138691783,0.0,0.453110138691783,0.453110138691783,0.453110138691783,2,0.0,0.0
STRICT,config_loo,LinearDiscriminantAnalysis,robust,smote,off,0.45307266262965795,0.028782869293698558,0.4514584940759625,0.4170235275175186,0.4923501348491881,8,0.07532660733166952,0.06352815269551079
STRICT,config_loo,LinearDiscriminantAnalysis,maxabs,undersample,off,0.4530489987145031,0.05292968308546369,0.4530489987145031,0.4072105485482321,0.4988874488807742,4,0.09167690033254211,0.11682993061600004
STRICT,config_loo,LinearDiscriminantAnalysis,none,undersample,off,0.4530489987145031,0.05292968308546369,0.4530489987145031,0.4072105485482321,0.4988874488807742,4,0.09167690033254211,0.11682993061600004
STRICT,config_loo,LinearDiscriminantAnalysis,robust,undersample,off,0.4530489987145031,0.05292968308546369,0.4530489987145031,0.4072105485482321,0.4988874488807742,4,0.09167690033254211,0.11682993061600004
STRICT,config_loo,LinearDiscriminantAnalysis,standard,undersample,off,0.4530489987145031,0.05292968308546369,0.4530489987145031,0.4072105485482321,0.4988874488807742,4,0.09167690033254211,0.11682993061600004
IMPUTED,config_random80,SVC,robust,smote,on,0.4528679555170691,0.19126803195711076,0.4472135954999579,-0.1636363636363636,0.8563488385776753,3360,1.019985202214039,0.42234834597366794
IMPUTED,config_kfold,LogisticRegression,none,undersample,off,0.452818963836491,0.03652628951534944,0.45405582796046834,0.3629039853573989,0.5660266763879608,480,0.2031226910305619,0.0806642222001523
IMPUTED,config_kfold,SVC,robust,smoteenn,off,0.452729170402389,0.04353454048683317,0.45726305105199044,0.2686156945196742,0.5570172062579408,800,0.2884015117382666,0.09616022852722157
STRICT,config_strat80,SVC,standard,undersample,on,0.45264078380111716,0.15356972404279506,0.4629100498862757,-0.0291605921759902,0.7715167498104595,1680,0.8006773419864497,0.3392750488658376
STRICT,config_loo,SVC,none,smoteenn,off,0.4526216475307098,0.029572181688760087,0.4375871418875156,0.4072105485482321,0.4932767031489962,28,0.08606615460076411,0.06533532333261557
STRICT,config_loo,LinearDiscriminantAnalysis,standard,smote,off,0.4525033225933266,0.034073585245332445,0.4536561533042916,0.4153395167798761,0.4873614669848471,8,0.07202195020497104,0.07530018796338216
STRICT,config_kfold,SVC,robust,undersample,on,0.45246615871184703,0.12071612009020874,0.4868381876420402,-0.0210971507028225,0.6256701542655382,3150,0.6467673049683607,0.2667959089667229
IMPUTED,config_strat80,LinearDiscriminantAnalysis,maxabs,smoteenn,on,0.45231569935318944,0.15749869299790464,0.4505243048141937,0.0486473329926243,0.8454106280193237,560,0.7967632950266994,0.34820523192789343
IMPUTED,config_random80,LinearDiscriminantAnalysis,robust,undersample,on,0.4522191939765466,0.18704423521045993,0.4472135954999579,-0.1348399724926484,0.8563488385776753,280,0.9911888110703237,0.4136141006437701
STRICT,config_strat80,LogisticRegression,none,smoteenn,off,0.4520077089189048,0.1346209416228238,0.4276686017238498,0.132110314132523,0.8412698412698413,480,0.7091595271373183,0.29782886213335863
IMPUTED,config_strat80,LogisticRegression,maxabs,undersample,on,0.451747854754856,0.21591384943180253,0.4865336327998411,0.0,0.92783056924063,1680,0.92783056924063,0.47795213006372683
IMPUTED,config_kfold,SVC,standard,smoteenn,off,0.4517388626644432,0.04504184812911416,0.4571453949606583,0.3046769617315458,0.552444518380499,812,0.24776755664895322,0.09970771136104746
IMPUTED,config_loo,LogisticRegression,robust,none,off,0.45148145541723245,0.03037774987954469,0.4600880369617829,0.3903217867076898,0.4817270385404678,12,0.09140525183277798,0.06728460164874628
IMPUTED,config_kfold,SVC,robust,undersample,on,0.45122276690468494,0.09580027699348212,0.4772384137208278,0.0659893967151537,0.6056359411822283,2796,0.5396465444670746,0.21231259595045812
STRICT,config_strat80,LinearDiscriminantAnalysis,none,smoteenn,off,0.45116895995826434,0.14955647922839244,0.48051340201158727,0.132110314132523,0.7094390134677043,80,0.5773286993351814,0.33148663250731447
IMPUTED,config_random80,LogisticRegression,standard,none,on,0.45083194813574545,0.16936535906316633,0.4547940268270977,0.0,0.8563488385776753,840,0.8563488385776753,0.37567293037575594
IMPUTED,config_loo,SVC,standard,smoteenn,off,0.4508014760029654,0.02842197074312069,0.452915774053048,0.3963896244052417,0.4971509739597127,39,0.10076134955447097,0.06304764348849144
IMPUTED,config_loo,SVC,robust,smote,on,0.4502810137745749,0.08402903920305195,0.4714511823509503,0.1466142749996625,0.5458419513691398,229,0.3992276763694773,0.18661466202774335
STRICT,config_random80,SVC,standard,smote,off,0.4502421301396921,0.16679347906485753,0.4308202184276645,0.1056611296654027,0.9148532788043832,456,0.8091921491389804,0.37045284725600464
STRICT,config_strat80,SVC,robust,smote,off,0.45022669713654545,0.14384662035933868,0.4629100498862757,0.1543033499620919,0.7715167498104595,480,0.6172133998483675,0.3194982022927722
IMPUTED,config_random80,LogisticRegression,standard,none,off,0.450103741659526,0.15467889686757771,0.4473729731379759,0.188674014103383,0.7141684885491869,120,0.5254944744458039,0.343651657498511
STRICT,config_kfold,LinearDiscriminantAnalysis,robust,undersample,on,0.450061301610501,0.10384426793416038,0.47991136849368476,0.0872037656219142,0.5980405776508706,560,0.5108368120289564,0.23073360798309847
IMPUTED,config_random80,LinearDiscriminantAnalysis,maxabs,none,off,0.4498384544339616,0.17557225435225304,0.4058961655584936,0.0975900072948533,0.7141684885491869,20,0.6165784812543336,0.39030067932537743
IMPUTED,config_random80,LinearDiscriminantAnalysis,none,none,off,0.4498384544339616,0.17557225435225304,0.4058961655584936,0.0975900072948533,0.7141684885491869,20,0.6165784812543336,0.39030067932537743
IMPUTED,config_random80,LinearDiscriminantAnalysis,robust,none,off,0.4498384544339616,0.17557225435225304,0.4058961655584936,0.0975900072948533,0.7141684885491869,20,0.6165784812543336,0.39030067932537743
IMPUTED,config_random80,LinearDiscriminantAnalysis,standard,none,off,0.4498384544339616,0.17557225435225304,0.4058961655584936,0.0975900072948533,0.7141684885491869,20,0.6165784812543336,0.39030067932537743
STRICT,config_strat80,LogisticRegression,standard,undersample,on,0.4497158728465876,0.1596255197364605,0.4665694748158434,-0.0291605921759902,0.7566444492037344,1680,0.7858050413797246,0.3549474887912481
IMPUTED,config_strat80,GaussianNB,standard,smote,on,0.4491007167613513,0.15525692335079103,0.4252964776724258,0.1326193317473155,0.8454106280193237,1680,0.7127912962720082,0.34570624707618397
IMPUTED,config_strat80,GaussianNB,none,smote,off,0.44905354065663716,0.15273513926209736,0.4290823322857326,0.1780684930865855,0.8459051693633014,240,0.6678366762767158,0.34012678986732287
IMPUTED,config_loo,SVC,standard,smote,off,0.44871787795203893,0.03772362268873306,0.4387725362554147,0.3892607275956724,0.5157274172608465,35,0.1264666896651741,0.0840698009647058
STRICT,config_strat80,LinearDiscriminantAnalysis,maxabs,smoteenn,off,0.44861301573693374,0.12564678178334696,0.4550466375675794,0.1749635530559413,0.7094390134677043,80,0.534475460411763,0.2800783244706973
IMPUTED,config_loo,GaussianNB,robust,undersample,off,0.44792890942040114,0.0,0.4479289094204012,0.4479289094204012,0.4479289094204012,3,0.0,0.0
IMPUTED,config_loo,GaussianNB,standard,undersample,off,0.44792890942040114,0.0,0.4479289094204012,0.4479289094204012,0.4479289094204012,3,0.0,0.0
IMPUTED,config_strat80,LinearDiscriminantAnalysis,maxabs,smoteenn,off,0.44788356608490343,0.1537527951509289,0.46297041778830694,0.0897303170096942,0.8075728530872482,80,0.717842536077554,0.3432874228785225
STRICT,config_loo,LogisticRegression,robust,smoteenn,on,0.4477930133835249,0.11283197390954466,0.48758791515595,0.1369607336669316,0.5443880863333408,336,0.40742735266640917,0.25197350234874377
STRICT,config_loo,LogisticRegression,robust,undersample,on,0.44777269265110253,0.11199657944800301,0.48758791515595,0.1541486384550443,0.5690495105416842,168,0.41490087208663984,0.25011927097409886
STRICT,config_random80,LogisticRegression,none,undersample,off,0.44765686836965857,0.13075576741080844,0.4276686017238498,0.2624453295839119,0.7566444492037344,240,0.4941991196198225,0.2920892689237935
STRICT,config_random80,LogisticRegression,robust,smoteenn,off,0.4475446137013977,0.12288509936419924,0.4308202184276645,0.196116135138184,0.7925270806437588,480,0.5964109455055748,0.2745762000080473
STRICT,config_loo,LinearDiscriminantAnalysis,standard,none,on,0.4474463758414224,0.0964920369270595,0.4787939214116299,0.2214007864039507,0.4970873425511778,14,0.27568655614722715,0.21565050503673505
IMPUTED,config_random80,SVC,robust,smoteenn,off,0.44724438623113055,0.13758056366162982,0.4476190476190476,0.0052540693749273,0.7624437362098716,480,0.7571896668349443,0.3076183131576074
IMPUTED,config_loo,LogisticRegression,standard,undersample,off,0.44694806983198593,0.03732396741800137,0.4462794994714042,0.3851461956813939,0.5059726864729314,24,0.12082649079153746,0.08350851013190856
IMPUTED,config_kfold,LinearDiscriminantAnalysis,robust,undersample,on,0.4468670522795882,0.08819486114653326,0.46776504180853096,0.1341030941874655,0.6149522947706044,560,0.48084920058313896,0.19736263995438402
STRICT,config_strat80,LogisticRegression,maxabs,smote,on,0.44654813933596016,0.192220387848171,0.5048267902790238,0.0,0.8427009716003844,3360,0.8427009716003844,0.43045837820310373
STRICT,config_strat80,LinearDiscriminantAnalysis,maxabs,smoteenn,on,0.44642954958830067,0.12087316434765495,0.4629100498862757,0.132110314132523,0.7094390134677043,560,0.5773286993351814,0.27075529489283295
STRICT,config_loo,RandomForestClassifier,maxabs,smote,off,0.44640348777129085,0.029286165915188796,0.4475740435093612,0.380596330223835,0.5220386614834677,259,0.14144233125963268,0.06560469780691586
IMPUTED,config_strat80,SVC,standard,none,on,0.4462813052842538,0.16832727249911786,0.4127594582445936,0.0,0.7679476477883045,840,0.7679476477883045,0.3771775122686435
IMPUTED,config_kfold,LinearDiscriminantAnalysis,maxabs,none,off,0.4462043739441858,0.038861479718432075,0.4436235502463939,0.3730609964809321,0.5161134838809633,40,0.14305248740003124,0.0870934531074165
IMPUTED,config_kfold,LinearDiscriminantAnalysis,none,none,off,0.4462043739441858,0.038861479718432075,0.4436235502463939,0.3730609964809321,0.5161134838809633,40,0.14305248740003124,0.0870934531074165
IMPUTED,config_kfold,LinearDiscriminantAnalysis,robust,none,off,0.4462043739441858,0.038861479718432075,0.4436235502463939,0.3730609964809321,0.5161134838809633,40,0.14305248740003124,0.0870934531074165
IMPUTED,config_kfold,LinearDiscriminantAnalysis,standard,none,off,0.4462043739441858,0.038861479718432075,0.4436235502463939,0.3730609964809321,0.5161134838809633,40,0.14305248740003124,0.0870934531074165
STRICT,config_kfold,SVC,robust,smoteenn,on,0.4460655948211858,0.1107639548145306,0.4771049510873954,0.0469090263243105,0.6522098328076802,6300,0.6053008064833697,0.24831315416498892
IMPUTED,config_loo,LogisticRegression,none,smoteenn,off,0.44605078094939365,0.023945982051806685,0.4481472365903107,0.3963896244052417,0.4839333055523169,48,0.08754368114707517,0.053684430281321395
IMPUTED,config_random80,LogisticRegression,maxabs,smote,on,0.44593297202850746,0.19224730317762284,0.4779733235482032,-0.1036951694730425,0.8563488385776753,3360,0.9600440080507178,0.4311125555553962
STRICT,config_random80,LogisticRegression,maxabs,undersample,on,0.44557614558167447,0.20211819813479817,0.4522670168666454,0.0,0.9211323729436768,1680,0.9211323729436768,0.4536109038578452
IMPUTED,config_kfold,LogisticRegression,robust,smoteenn,on,0.44550533657388175,0.08186251403060389,0.466687154337332,0.0852084176325036,0.6039380759992539,6720,0.5187296583667502,0.18375203911171997
STRICT,config_loo,SVC,robust,smote,on,0.4453952276216968,0.11802590130473628,0.4807175234644668,0.0074179561134418,0.5690495105416842,221,0.5616315544282424,0.26499139188124254
IMPUTED,config_strat80,LinearDiscriminantAnalysis,standard,smoteenn,off,0.4453563733168667,0.1647019141707653,0.47558959951095614,0.0486473329926243,0.7562449037944323,80,0.7075975708018081,0.3698204944146639
STRICT,config_loo,LinearDiscriminantAnalysis,maxabs,smote,off,0.44535343010125683,0.022096367225956193,0.4361887691641747,0.4283186586122111,0.4807175234644668,8,0.0523988648522557,0.04961535206079428
STRICT,config_strat80,SVC,standard,undersample,off,0.44521630047977145,0.13812587810804647,0.4550466375675794,0.1614681617175281,0.7715167498104595,240,0.6100485880929314,0.3102444316598472
IMPUTED,config_loo,SVC,none,smoteenn,off,0.4451935026654349,0.018700000941435282,0.4444009034750091,0.4078111019497259,0.4836449425753403,34,0.07583384062561438,0.04200420902253918
IMPUTED,config_strat80,GaussianNB,standard,smote,off,0.4449845113096046,0.14931816736346168,0.4252964776724258,0.2270531400966183,0.7679476477883045,240,0.5408945076916862,0.33555812296480436
IMPUTED,config_random80,SVC,none,undersample,off,0.44489328760406044,0.14825074863348472,0.4472135954999579,-0.1123508829409707,0.8320502943378436,240,0.9444011772788143,0.33322765877605853
STRICT,config_random80,SVC,robust,smote,off,0.4444652226767553,0.17238370950498602,0.4276686017238498,0.1543033499620919,0.9148532788043832,456,0.7605499288422912,0.3878452142258044
STRICT,config_kfold,LinearDiscriminantAnalysis,maxabs,undersample,off,0.4442949050461474,0.055298741121496645,0.4480862772243899,0.29960948200159,0.5309415407203995,80,0.23133205871880946,0.12446404514981542
STRICT,config_kfold,LinearDiscriminantAnalysis,none,undersample,off,0.4442949050461474,0.055298741121496645,0.4480862772243899,0.29960948200159,0.5309415407203995,80,0.23133205871880946,0.12446404514981542
STRICT,config_kfold,LinearDiscriminantAnalysis,robust,undersample,off,0.4442949050461474,0.055298741121496645,0.4480862772243899,0.29960948200159,0.5309415407203995,80,0.23133205871880946,0.12446404514981542
STRICT,config_kfold,LinearDiscriminantAnalysis,standard,undersample,off,0.4442949050461474,0.055298741121496645,0.4480862772243899,0.29960948200159,0.5309415407203995,80,0.23133205871880946,0.12446404514981542
IMPUTED,config_random80,LinearDiscriminantAnalysis,maxabs,smoteenn,off,0.44420830621067536,0.128610591432824,0.45714285714285713,0.1697642866754941,0.6457765999379483,80,0.47601231326245425,0.2895276599619181
STRICT,config_loo,GaussianNB,robust,smoteenn,off,0.44411449192801306,0.018673090394543956,0.456563218857709,0.4192170380686211,0.456563218857709,9,0.03734618078908791,0.042045667803992076
IMPUTED,config_loo,SVC,maxabs,smote,on,0.4439977450141852,0.04824990588510344,0.4484638800817062,0.3397746978163095,0.5572646249924718,219,0.21748992717616228,0.10867151112121506
STRICT,config_strat80,LogisticRegression,standard,smoteenn,off,0.4435971840301142,0.13635944030472463,0.4629100498862757,0.0593913870916498,0.7094390134677043,480,0.6500476263760545,0.30739473832067354
IMPUTED,config_loo,LinearDiscriminantAnalysis,none,smoteenn,off,0.4434581955611498,0.0143100240667038,0.4410496546753448,0.4276619909532103,0.4685790789045568,8,0.04091708795134652,0.032269161354873524
IMPUTED,config_kfold,SVC,robust,smoteenn,on,0.4434403859191938,0.08341022792727161,0.4631378608705244,0.1074924839120073,0.6113217157636249,5590,0.5038292318516177,0.18809795087647044
IMPUTED,config_strat80,SVC,maxabs,smote,off,0.4432252650047825,0.25377534690168296,0.4732058754737091,-0.6042179781166439,1.0,480,1.604217978116644,0.5725651648015703
IMPUTED,config_kfold,LinearDiscriminantAnalysis,maxabs,undersample,off,0.4432058339162709,0.04169091055541179,0.43638808909580334,0.3539327856490194,0.518174665616509,80,0.16424187996748962,0.0940667007629866
IMPUTED,config_kfold,LinearDiscriminantAnalysis,none,undersample,off,0.4432058339162709,0.04169091055541179,0.43638808909580334,0.3539327856490194,0.518174665616509,80,0.16424187996748962,0.0940667007629866
IMPUTED,config_kfold,LinearDiscriminantAnalysis,robust,undersample,off,0.4432058339162709,0.04169091055541179,0.43638808909580334,0.3539327856490194,0.518174665616509,80,0.16424187996748962,0.0940667007629866
IMPUTED,config_kfold,LinearDiscriminantAnalysis,standard,undersample,off,0.4432058339162709,0.04169091055541179,0.43638808909580334,0.3539327856490194,0.518174665616509,80,0.16424187996748962,0.0940667007629866
STRICT,config_strat80,SVC,standard,smote,off,0.44310696883645306,0.1487571897177953,0.4629100498862757,0.1056611296654027,0.6998542122237652,480,0.5941930825583626,0.33571394760144313
STRICT,config_random80,GaussianNB,maxabs,none,off,0.44291098572854787,0.1513073957714378,0.4193139346887673,0.2638224265055431,0.8295454545454546,57,0.5657230280399115,0.3416203269886184
STRICT,config_random80,GaussianNB,none,none,off,0.44291098572854787,0.1513073957714378,0.4193139346887673,0.2638224265055431,0.8295454545454546,57,0.5657230280399115,0.3416203269886184
STRICT,config_random80,GaussianNB,robust,none,off,0.44291098572854787,0.1513073957714378,0.4193139346887673,0.2638224265055431,0.8295454545454546,57,0.5657230280399115,0.3416203269886184
STRICT,config_random80,GaussianNB,standard,none,off,0.44291098572854787,0.1513073957714378,0.4193139346887673,0.2638224265055431,0.8295454545454546,57,0.5657230280399115,0.3416203269886184
IMPUTED,config_loo,LogisticRegression,none,none,off,0.4425652475008837,0.017096208046975307,0.45062868764104685,0.4192345116490003,0.4572382259541429,12,0.0380037143051426,0.03862980237042035
IMPUTED,config_random80,SVC,robust,undersample,on,0.4424277314119561,0.1994733657328514,0.4472135954999579,-0.2981423969999719,0.8563488385776753,1680,1.1544912355776473,0.45086090127365114
STRICT,config_loo,SVC,standard,undersample,on,0.4424156815384775,0.04916518130558861,0.467963735226799,0.3432573182594892,0.5393965268372357,95,0.19613920857774653,0.11112893000225321
IMPUTED,config_strat80,GaussianNB,robust,smote,off,0.44233496462153327,0.142565590565461,0.40633714567003787,0.2270531400966183,0.8459051693633014,240,0.618852029266683,0.3223023318706938
STRICT,config_kfold,SVC,none,undersample,off,0.44204391783497576,0.06090622697878092,0.4518478553429711,0.2375405868775421,0.5906892273976934,450,0.35314864052015127,0.1377832032551989
IMPUTED,config_random80,LinearDiscriminantAnalysis,robust,smoteenn,off,0.44203337833892603,0.12135946527272809,0.4476190476190476,0.2270531400966183,0.6666666666666666,80,0.4396135265700483,0.2745481930092541
STRICT,config_loo,SVC,standard,none,off,0.4419817103478267,0.03186721138611267,0.4366167993440029,0.4011800108213548,0.4995280791775298,12,0.09834806835617499,0.07210074679568551
STRICT,config_random80,LogisticRegression,standard,smoteenn,off,0.4418081587468428,0.1452938382902735,0.4276686017238498,0.1846372364689991,0.8528028654224417,480,0.6681656289534426,0.3288618270481674
STRICT,config_strat80,SVC,standard,smoteenn,on,0.44169433122574925,0.15159413948203274,0.4629100498862757,-0.0291605921759902,0.8427009716003844,3360,0.8718615637763746,0.3432105163345491
IMPUTED,config_random80,LinearDiscriminantAnalysis,standard,smoteenn,off,0.4413864203784842,0.12460789611842991,0.4081807234630232,0.2146980160486772,0.7125253031944253,80,0.4978272871457481,0.2823102170011936
STRICT,config_kfold,LinearDiscriminantAnalysis,maxabs,smoteenn,off,0.44108252598384795,0.05262017608080321,0.4465480995045147,0.3022245227425679,0.583705670796091,160,0.28148114805352314,0.11929780252217498
STRICT,config_random80,LinearDiscriminantAnalysis,standard,none,on,0.4409941621388963,0.18520319327260754,0.4522670168666454,0.0502518907629606,0.82915619758885,140,0.7789043068258894,0.4199674489438606
IMPUTED,config_random80,LogisticRegression,robust,smoteenn,on,0.44094619745671304,0.17631597168218288,0.4475323507759939,-0.2208471162896377,0.8563488385776753,3360,1.077195954867313,0.3998582427950102
IMPUTED,config_loo,LogisticRegression,maxabs,smote,off,0.4405214245071316,0.08119270504331048,0.45178851955574806,0.1826792040697016,0.5359695412604157,48,0.3532903371907141,0.18431045694122886
STRICT,config_loo,SVC,robust,smote,off,0.44048673085188433,0.030102380038472296,0.4265362980298243,0.4050757314861623,0.4961939499330346,25,0.09111821844687229,0.06833890314983032
IMPUTED,config_strat80,RandomForestClassifier,robust,smote,off,0.44041888604796253,0.15953312791417162,0.4252964776724258,0.1088139926032724,0.9229582069908971,5760,0.8141442143876247,0.3622304423539143
IMPUTED,config_random80,LinearDiscriminantAnalysis,none,smoteenn,off,0.4403132292860638,0.1310384225478092,0.44245545971094513,0.1488652989562745,0.6637465183030647,80,0.5148812193467902,0.2976027378515939
IMPUTED,config_loo,SVC,robust,undersample,off,0.4400931164000177,0.04024510063577798,0.43083790000135563,0.3938025541886873,0.5164956098976807,20,0.12269305570899341,0.09144678509172055
STRICT,config_kfold,GaussianNB,standard,undersample,on,0.44005334408652147,0.04897446580853785,0.44170469452344263,0.2921864421260653,0.5475640900096248,1512,0.2553776478835595,0.11129211143753674
IMPUTED,config_loo,SVC,standard,undersample,off,0.4399304403841808,0.04166325947348158,0.42534626854316815,0.3765892518371325,0.4973160058812252,14,0.12072675404409272,0.09470419786614004
STRICT,config_strat80,SVC,robust,undersample,off,0.4398759397962438,0.1314300241686418,0.4285714285714285,0.1056611296654027,0.7715167498104595,240,0.6658556201450567,0.29878884539473083
STRICT,config_loo,LinearDiscriminantAnalysis,robust,undersample,on,0.43985583119545557,0.10190352551670939,0.46803058748875465,0.1979239874931515,0.5386014528554335,28,0.340677465362282,0.2316748313640686
IMPUTED,config_strat80,LinearDiscriminantAnalysis,robust,smoteenn,on,0.43956571959792373,0.17968510527039788,0.4483136495254826,-0.0538381902058165,0.8075728530872482,560,0.8614110432930647,0.40877870420550105
STRICT,config_kfold,LinearDiscriminantAnalysis,maxabs,smoteenn,on,0.43934783000550887,0.05215506350049442,0.4390058063801891,0.2658725857848726,0.5815789480037875,1120,0.3157063622189149,0.11871018800716612
IMPUTED,config_random80,LinearDiscriminantAnalysis,standard,none,on,0.4392606821187257,0.16616899471510346,0.4521365014259176,0.0,0.7419408268023742,140,0.7419408268023742,0.37829243881698116
STRICT,config_strat80,SVC,standard,smoteenn,off,0.4387985446628018,0.14147595363466706,0.4629100498862757,0.1056611296654027,0.7094390134677043,480,0.6037778838023016,0.3224166427976313
STRICT,config_strat80,LogisticRegression,standard,smoteenn,on,0.4387116218257965,0.15342654529194377,0.4629100498862757,-0.0291605921759902,0.8412698412698413,3360,0.8704304334458315,0.34972072235840235
STRICT,config_strat80,LogisticRegression,standard,none,on,0.43809210790177583,0.16849563544515173,0.4665694748158434,-0.0291605921759902,0.7715167498104595,840,0.8006773419864497,0.3846123507044093
STRICT,config_strat80,GaussianNB,standard,smote,on,0.43803518406111264,0.15763649408231944,0.4550466375675794,-0.0291605921759902,0.8412698412698413,1680,0.8704304334458315,0.3598717633155394
IMPUTED,config_loo,LinearDiscriminantAnalysis,maxabs,undersample,on,0.437692015024618,0.04408104817852696,0.4408415473005571,0.3765892518371325,0.525230178867319,28,0.14864092703018655,0.10071247970116069
STRICT,config_loo,GaussianNB,none,undersample,off,0.4375871418875155,0.0,0.4375871418875156,0.4375871418875156,0.4375871418875156,6,0.0,0.0
STRICT,config_kfold,LinearDiscriminantAnalysis,standard,none,on,0.43719365077264355,0.07653889640676444,0.4521399301869554,0.2176358146171514,0.5682228585460647,280,0.35058704392891327,0.1750686366819344
IMPUTED,config_strat80,RandomForestClassifier,standard,smote,off,0.43683624745379224,0.1589203850798943,0.4252964776724258,0.1088139926032724,0.8459051693633014,5760,0.737091176760029,0.36379853092823905
IMPUTED,config_loo,SVC,none,smote,off,0.4367553875605782,0.025159299866751146,0.429533419947056,0.3892607275956724,0.4791027464317243,31,0.08984201883605192,0.05760501320263975
STRICT,config_strat80,LogisticRegression,robust,smoteenn,off,0.4364667519600608,0.13932930994796996,0.4629100498862757,0.1056611296654027,0.7715167498104595,480,0.6658556201450567,0.3192209012995322
STRICT,config_kfold,RandomForestClassifier,robust,smote,off,0.43624091905522955,0.042240235501811746,0.4366037768338192,0.3019534243717138,0.57975908448165,10368,0.27780566010993624,0.09682777029099371
STRICT,config_random80,SVC,standard,undersample,off,0.43618301763481016,0.16650793934567162,0.4308202184276645,0.0,0.7801894976054939,228,0.7801894976054939,0.38173870282377365
STRICT,config_kfold,LinearDiscriminantAnalysis,standard,smoteenn,off,0.4361047435842475,0.04873446226016152,0.44161729668563443,0.3041294045646788,0.5703132025832407,160,0.2661837980185619,0.11174944317189456
STRICT,config_loo,RandomForestClassifier,robust,smote,off,0.43599290177005673,0.03185758985124912,0.4359784161562407,0.3432573182594892,0.5214804740757604,259,0.17822315581627118,0.07306905622066952
IMPUTED,config_loo,SVC,maxabs,smoteenn,off,0.4357366070517503,0.06828858338144415,0.4557976482527636,0.3052019513031749,0.5353669754612547,35,0.23016502415807977,0.15671986763630774
STRICT,config_strat80,LinearDiscriminantAnalysis,none,smote,off,0.4357010484367317,0.12874996624908852,0.4276686017238498,0.1547818111102746,0.7715167498104595,80,0.6167349387001849,0.29550070331718364
STRICT,config_kfold,RandomForestClassifier,standard,smote,off,0.4356567860894263,0.04426939098426019,0.4362768727514448,0.2935285040282719,0.5866005530675447,10368,0.29307204903927275,0.10161529074672353
STRICT,config_strat80,SVC,robust,smoteenn,off,0.43550822049668303,0.13778173872923397,0.4589783437269276,0.0476190476190476,0.7715167498104595,480,0.7238977021914119,0.31637000691306894
STRICT,config_random80,SVC,none,smote,off,0.43542076758324216,0.16958021841265022,0.4075500715665535,-0.1066003581778052,0.8528028654224417,456,0.9594032236002469,0.38946286221919924
STRICT,config_kfold,LinearDiscriminantAnalysis,robust,smoteenn,off,0.4352560586777372,0.04799051552008191,0.4412143297687829,0.3007577637927053,0.5296646857363135,160,0.22890692194360823,0.11025812177289875
STRICT,config_kfold,LinearDiscriminantAnalysis,none,smoteenn,off,0.4352478628435114,0.04696114125508868,0.4356250851204674,0.315288668105282,0.5508264694981218,160,0.23553780139283975,0.1078951679355472
STRICT,config_kfold,RandomForestClassifier,maxabs,smote,off,0.435157568090373,0.04181608887030009,0.43696407959929107,0.291395424779886,0.5762955941861577,10368,0.2849001694062717,0.09609413218711567
STRICT,config_strat80,LogisticRegression,standard,undersample,off,0.43515095730609993,0.12315407947840115,0.4550466375675794,0.1614681617175281,0.7094390134677043,240,0.5479708517501762,0.28301461231020664
STRICT,config_strat80,LinearDiscriminantAnalysis,standard,smoteenn,on,0.43502901153401086,0.1440465028323723,0.4550466375675794,-0.0291605921759902,0.7715167498104595,560,0.8006773419864497,0.3311193024217665
IMPUTED,config_loo,LogisticRegression,robust,smoteenn,on,0.4349315235771994,0.06397825873087712,0.452915774053048,0.2149158329492861,0.5156886423289598,336,0.30077280937967377,0.14709961284174686
STRICT,config_kfold,GaussianNB,maxabs,undersample,off,0.43488389348256973,0.031086349171215586,0.4338731653435266,0.3755789706001944,0.4930869130914375,216,0.11750794249124308,0.07148195101518869
STRICT,config_kfold,GaussianNB,none,undersample,off,0.43488389348256973,0.031086349171215586,0.4338731653435266,0.3755789706001944,0.4930869130914375,216,0.11750794249124308,0.07148195101518869
STRICT,config_kfold,GaussianNB,robust,undersample,off,0.43488389348256973,0.031086349171215586,0.4338731653435266,0.3755789706001944,0.4930869130914375,216,0.11750794249124308,0.07148195101518869
STRICT,config_kfold,GaussianNB,standard,undersample,off,0.43488389348256973,0.031086349171215586,0.4338731653435266,0.3755789706001944,0.4930869130914375,216,0.11750794249124308,0.07148195101518869
IMPUTED,config_random80,LinearDiscriminantAnalysis,maxabs,smoteenn,on,0.4345564539640617,0.15214146312777085,0.4414147946478204,-0.0592864861199925,0.8563488385776753,560,0.9156353246976678,0.3501074756568985
STRICT,config_strat80,LogisticRegression,robust,smote,on,0.4345313990847683,0.21590203177705822,0.4981167541368988,-0.4285714285714285,0.8427009716003844,3360,1.2712724001718128,0.49686175091558826
STRICT,config_loo,LogisticRegression,maxabs,smote,off,0.43407570580708166,0.10146547299759189,0.4536131814927849,0.131029661797675,0.5385076271384049,48,0.40747796534072994,0.23375063759658246
STRICT,config_kfold,LogisticRegression,robust,none,on,0.43361045905240975,0.11254868302929012,0.4610742377473862,0.0297433913738963,0.6164060531712665,1680,0.5866626617973703,0.2595617349158235
IMPUTED,config_kfold,LinearDiscriminantAnalysis,maxabs,smoteenn,on,0.4334847370036459,0.04281038714795803,0.4340602790497015,0.320495813536816,0.5613749111076459,1120,0.24087909757082993,0.09875869550534594
IMPUTED,config_random80,LogisticRegression,maxabs,smote,off,0.4333915054631949,0.1676735329777353,0.4622501635210242,0.0,0.7419408268023742,480,0.7419408268023742,0.3868869852410495
IMPUTED,config_kfold,SVC,none,undersample,off,0.43294940252989506,0.047182819858247356,0.436712083146434,0.3144358845664002,0.5330562386825493,406,0.21862035411614905,0.10897998607352136
STRICT,config_kfold,LinearDiscriminantAnalysis,robust,smoteenn,on,0.4327869548078484,0.10091874274204982,0.4559263801712953,0.0821010952014292,0.6453067911365208,1120,0.5632056959350916,0.2331834211288933
STRICT,config_kfold,RandomForestClassifier,none,smote,off,0.43261135023237723,0.04036726687538975,0.4335595253010612,0.2532012817572614,0.5627218114741461,10368,0.3095205297168847,0.09331069758966443
STRICT,config_strat80,RandomForestClassifier,standard,none,off,0.432503828930668,0.10552205312286646,0.4276686017238498,0.0242464322484435,0.6831300510639732,1440,0.6588836188155297,0.2439794657627922
STRICT,config_loo,LinearDiscriminantAnalysis,maxabs,smoteenn,on,0.4322270071836347,0.037063023473029415,0.4313669888169618,0.3644496794810399,0.5114554193528571,56,0.1470057398718172,0.08574897648004426
STRICT,config_kfold,LogisticRegression,maxabs,undersample,on,0.4322239232435695,0.13563773482749547,0.4742920792590244,0.0,0.6382629526675302,3360,0.6382629526675302,0.31381357563371165
STRICT,config_strat80,RandomForestClassifier,none,none,off,0.43219827051484777,0.10505502402563838,0.4276686017238498,0.1614681617175281,0.6831300510639732,1440,0.5216618893464451,0.24307136606653615
STRICT,config_strat80,GaussianNB,robust,smoteenn,on,0.4321937353999935,0.1670933954304006,0.4629100498862757,-0.1543033499620919,0.7715167498104595,1680,0.9258200997725514,0.38661688438347297
STRICT,config_loo,RandomForestClassifier,none,smote,off,0.4319550193790058,0.04432732318178982,0.4310327213704001,0.3425890948707095,0.5710915448162815,259,0.22850244994557206,0.1026202294060997
IMPUTED,config_random80,SVC,maxabs,smoteenn,off,0.43193971968491096,0.20062107674575075,0.45645843705897443,-0.5465943944999485,0.8563488385776753,480,1.402943233077624,0.46446545108678294
IMPUTED,config_strat80,RandomForestClassifier,none,smote,off,0.431612894556551,0.16169622175513035,0.4252964776724258,0.0281160778557766,0.9229582069908971,5760,0.8948421291351205,0.3746325093490563
STRICT,config_strat80,RandomForestClassifier,maxabs,none,off,0.43145238573159483,0.10344788155222584,0.4276686017238498,0.1614681617175281,0.6831300510639732,1440,0.5216618893464451,0.23976662309286764
IMPUTED,config_random80,SVC,robust,smoteenn,on,0.43143635556508836,0.18315039339695668,0.4475323507759939,-0.2208471162896377,0.8563488385776753,3360,1.077195954867313,0.42451312003382113
STRICT,config_strat80,RandomForestClassifier,robust,none,off,0.4313074894183252,0.10470427348014745,0.4276686017238498,0.0242464322484435,0.6825396825396826,1440,0.6582932502912391,0.2427601561506732
IMPUTED,config_strat80,LogisticRegression,maxabs,smoteenn,on,0.4313036100652587,0.19453472233987568,0.4483136495254826,-0.1123508829409707,1.0,3360,1.1123508829409707,0.4510389382329572
STRICT,config_strat80,LinearDiscriminantAnalysis,robust,smote,on,0.43113151632771296,0.19805403842795508,0.4647397623510595,-0.4285714285714285,0.8427009716003844,560,1.2712724001718128,0.4593819540611122
IMPUTED,config_strat80,RandomForestClassifier,maxabs,smote,off,0.43103510328213596,0.16073142727317036,0.4252964776724258,0.0281160778557766,0.8459051693633014,5760,0.8177890915075248,0.3728963744467069
IMPUTED,config_kfold,LinearDiscriminantAnalysis,none,smoteenn,off,0.43078520763526545,0.04104396741568221,0.43470814049160483,0.3252699509060472,0.5377221870436452,160,0.21245223613759795,0.095277104896399
STRICT,config_random80,LinearDiscriminantAnalysis,standard,smoteenn,on,0.4307144981771602,0.16362267563225555,0.4308202184276645,0.1066003581778052,0.8528028654224417,560,0.7462025072446364,0.3798866217058586
STRICT,config_random80,GaussianNB,maxabs,undersample,off,0.43042833425666926,0.12694816075955173,0.42924441007575714,0.1614681617175281,0.7566444492037344,114,0.5951762874862063,0.2949344888709188
STRICT,config_random80,GaussianNB,none,undersample,off,0.43042833425666926,0.12694816075955173,0.42924441007575714,0.1614681617175281,0.7566444492037344,114,0.5951762874862063,0.2949344888709188
STRICT,config_random80,GaussianNB,robust,undersample,off,0.43042833425666926,0.12694816075955173,0.42924441007575714,0.1614681617175281,0.7566444492037344,114,0.5951762874862063,0.2949344888709188
STRICT,config_random80,GaussianNB,standard,undersample,off,0.43042833425666926,0.12694816075955173,0.42924441007575714,0.1614681617175281,0.7566444492037344,114,0.5951762874862063,0.2949344888709188
STRICT,config_strat80,LinearDiscriminantAnalysis,standard,smote,off,0.4304074172749492,0.1129868983524534,0.4550466375675794,0.2078698548207745,0.7715167498104595,80,0.563646894989685,0.2625115037928728
IMPUTED,config_kfold,SVC,maxabs,smote,off,0.4303639655930167,0.119222999412023,0.46291305281264883,-0.0323029141234899,0.5614800288030933,792,0.5937829429265833,0.27702830381660926
IMPUTED,config_strat80,SVC,none,none,off,0.4298981701292321,0.15316812868525229,0.4127594582445936,0.1136584015456127,0.687932430407656,120,0.5742740288620433,0.35628932460728613
IMPUTED,config_kfold,LogisticRegression,maxabs,smote,off,0.429500974083836,0.12367814455978586,0.4616694297718884,0.0,0.5870680964565176,960,0.5870680964565176,0.28795777430680436
STRICT,config_strat80,LinearDiscriminantAnalysis,robust,smoteenn,off,0.42942891282405127,0.12978953517382494,0.4418090330695039,0.0890870806374748,0.6172133998483676,80,0.5281263192108928,0.3022375329138661
STRICT,config_random80,SVC,robust,undersample,off,0.4294248488531123,0.15848643233834733,0.4242640687119285,0.0,0.7566444492037344,228,0.7566444492037344,0.369066747678029
STRICT,config_strat80,LinearDiscriminantAnalysis,standard,none,on,0.42897164371309293,0.14748405899133699,0.408248290463863,0.0363696483726653,0.6825396825396826,140,0.6461700341670172,0.3438084105390846
IMPUTED,config_strat80,GaussianNB,none,smoteenn,off,0.4285348251174869,0.12891620981007376,0.4414147946478204,0.1488652989562745,0.7679476477883045,240,0.61908234883203,0.3008301828789064
IMPUTED,config_loo,LinearDiscriminantAnalysis,maxabs,smoteenn,on,0.4282959398179168,0.03779881476451944,0.43799588217243823,0.3639301321213052,0.5008327642337405,56,0.13690263211243525,0.08825396472492596
IMPUTED,config_loo,SVC,robust,smoteenn,on,0.4280527110124429,0.06326082085099091,0.4475309078989257,0.2066993637903058,0.503735731496907,229,0.2970363677066012,0.1477874551976661
IMPUTED,config_strat80,SVC,maxabs,smote,on,0.42783741841800965,0.26548378062738465,0.4779733235482032,-0.6640043458717375,1.0,3360,1.6640043458717375,0.6205249218477642
STRICT,config_strat80,SVC,robust,smote,on,0.4277620170582677,0.2102038776362834,0.4629100498862757,-0.3207665139358924,0.8427009716003844,3360,1.1634674855362768,0.49140379288900354
IMPUTED,config_random80,KNeighborsClassifier,standard,undersample,on,0.4277561968221009,0.1575011964020246,0.4472135954999579,-0.1626500121580888,0.7679476477883045,4480,0.9305976599463933,0.368203190443849
STRICT,config_loo,SVC,standard,undersample,off,0.427572850478529,0.04280872369635651,0.4512363246319161,0.3432573182594892,0.4697123909373555,20,0.12645507267786632,0.1001203038229533
IMPUTED,config_random80,GaussianNB,maxabs,none,off,0.42731653200412506,0.16681013542929507,0.4257498178008928,0.1490711984999859,0.7453559924999299,60,0.596284793999944,0.3903666788807618
IMPUTED,config_random80,GaussianNB,none,none,off,0.42731653200412506,0.16681013542929507,0.4257498178008928,0.1490711984999859,0.7453559924999299,60,0.596284793999944,0.3903666788807618
IMPUTED,config_random80,GaussianNB,robust,none,off,0.42731653200412506,0.16681013542929507,0.4257498178008928,0.1490711984999859,0.7453559924999299,60,0.596284793999944,0.3903666788807618
IMPUTED,config_random80,GaussianNB,standard,none,off,0.42731653200412506,0.16681013542929507,0.4257498178008928,0.1490711984999859,0.7453559924999299,60,0.596284793999944,0.3903666788807618
STRICT,config_kfold,GaussianNB,standard,smote,on,0.42717986374780276,0.05926201201690807,0.4248770887591477,0.2466882964765087,0.5956465751399331,3024,0.34895827866342444,0.13872847726711904
IMPUTED,config_loo,RandomForestClassifier,none,smote,off,0.4270726997766789,0.03589228951173038,0.42926342839804726,0.3310143490496602,0.5107187242350695,230,0.17970437518540927,0.08404257525826132
IMPUTED,config_kfold,LogisticRegression,robust,none,on,0.42699497262697933,0.09975040047230407,0.4524137083220572,0.0935248617056104,0.5768971784547757,1680,0.4833723167491653,0.2336102457099548
STRICT,config_strat80,GaussianNB,standard,smoteenn,on,0.42698955396240457,0.15763653924579166,0.4276686017238498,-0.0291605921759902,0.8412698412698413,1680,0.8704304334458315,0.3691812546301102
STRICT,config_loo,SVC,maxabs,smoteenn,off,0.4269097575202999,0.07104142122597272,0.456563218857709,0.252273282225502,0.5287169219053659,34,0.2764436396798639,0.16640852071083112
IMPUTED,config_strat80,GaussianNB,standard,smoteenn,on,0.4266763719512287,0.15744283014771296,0.4290823322857326,0.0897303170096942,0.7679476477883045,1680,0.6782173307786103,0.3689982396440492
IMPUTED,config_loo,LinearDiscriminantAnalysis,maxabs,smoteenn,off,0.4266062055313924,0.012807671180867357,0.4293628950200077,0.4074491494807943,0.4402498826047599,8,0.032800733123965586,0.030022233654369304
STRICT,config_strat80,GaussianNB,maxabs,smoteenn,off,0.4265872220381947,0.14440962224710083,0.4413576196457146,0.1614681617175281,0.6825396825396826,240,0.5210715208221545,0.338523084580745
STRICT,config_kfold,LogisticRegression,maxabs,smote,off,0.42626014273232327,0.1305675392211329,0.4579432814964436,0.0,0.593099699578946,960,0.593099699578946,0.3063095188402938
IMPUTED,config_strat80,SVC,maxabs,smoteenn,off,0.426209796329552,0.24281424919012753,0.4732058754737091,-0.4965077541203082,0.92783056924063,480,1.4243383233609381,0.5697059318701811
IMPUTED,config_random80,LogisticRegression,maxabs,undersample,on,0.4260340908388947,0.19811516872470708,0.4472135954999579,0.0,0.8563488385776753,1680,0.8563488385776753,0.46502186793221806
IMPUTED,config_loo,LinearDiscriminantAnalysis,robust,smoteenn,on,0.4259805914563792,0.06765862951337936,0.4354525274519829,0.2066993637903058,0.5350188929913869,56,0.32831952920108115,0.15883031027789837
STRICT,config_random80,SVC,standard,smoteenn,off,0.42597358381586264,0.13545727917353292,0.4134320031276604,0.0476190476190476,0.8528028654224417,456,0.8051838178033941,0.31799455252626085
IMPUTED,config_kfold,LinearDiscriminantAnalysis,standard,none,on,0.42578067649345097,0.06748146863457417,0.4461999611448278,0.2274839584811271,0.5288143516871163,280,0.3013303932059892,0.1584888003615451
IMPUTED,config_strat80,GaussianNB,standard,smoteenn,off,0.42571004885341546,0.15157983438209907,0.4271894049790792,0.1326193317473155,0.8454106280193237,240,0.7127912962720082,0.3560635573211298
IMPUTED,config_loo,GaussianNB,maxabs,undersample,off,0.42566397556276026,0.03339740078646137,0.4479289094204012,0.3811341078474785,0.4479289094204012,9,0.06679480157292272,0.07845954251192494
IMPUTED,config_kfold,LogisticRegression,maxabs,undersample,on,0.4256305203428021,0.13486388373051378,0.4656482013422077,0.0,0.6032088178509433,3360,0.6032088178509433,0.31685670384232467
STRICT,config_random80,LogisticRegression,robust,smote,on,0.42557619360785715,0.19725093499980592,0.4193139346887673,-0.2618924633082486,0.9211323729436768,3360,1.1830248362519253,0.46349146865475466
IMPUTED,config_strat80,GaussianNB,maxabs,smoteenn,on,0.42542640349371375,0.162249721690903,0.4290823322857326,-0.0928721811677373,0.8459051693633014,1680,0.9387773505310387,0.3813814101768614
IMPUTED,config_kfold,SVC,maxabs,smote,on,0.4253765453386909,0.12280440446432725,0.459051182587641,-0.0439229855599425,0.6017850701636012,5544,0.6457080557235436,0.2886957586402622
STRICT,config_loo,LinearDiscriminantAnalysis,none,smoteenn,off,0.4250365532968151,0.03178829689970717,0.4226514078975304,0.3855301948681523,0.4755277797900554,8,0.08999758492190307,0.0747895602228557
IMPUTED,config_random80,LogisticRegression,robust,none,off,0.42502880513247643,0.162161937294819,0.3708420277204425,0.1136584015456127,0.7419408268023742,120,0.6282824252567615,0.3815316405302814
STRICT,config_random80,SVC,maxabs,smote,on,0.42500913703302523,0.22463635547721988,0.4197634726815944,-0.1410190187044415,1.0,3192,1.1410190187044416,0.5285447674028819
STRICT,config_random80,SVC,robust,smoteenn,off,0.42493501690883273,0.14281468547392853,0.4276686017238498,0.0527687954284642,0.8528028654224417,456,0.8000340699939774,0.3360859420643335
IMPUTED,config_kfold,GaussianNB,maxabs,undersample,off,0.4249303252962268,0.03889606677677661,0.43609013409408137,0.3412796875605788,0.4842443434185929,168,0.1429646558580141,0.09153516344040977
IMPUTED,config_kfold,GaussianNB,none,undersample,off,0.4249303252962268,0.03889606677677661,0.43609013409408137,0.3412796875605788,0.4842443434185929,168,0.1429646558580141,0.09153516344040977
IMPUTED,config_kfold,GaussianNB,robust,undersample,off,0.4249303252962268,0.03889606677677661,0.43609013409408137,0.3412796875605788,0.4842443434185929,168,0.1429646558580141,0.09153516344040977
IMPUTED,config_kfold,GaussianNB,standard,undersample,off,0.4249303252962268,0.03889606677677661,0.43609013409408137,0.3412796875605788,0.4842443434185929,168,0.1429646558580141,0.09153516344040977
STRICT,config_loo,SVC,maxabs,smoteenn,on,0.42491910769633995,0.08804459002311196,0.4380621915207958,0.0279664732714684,0.5810226320299953,231,0.5530561587585269,0.20720317921318637
STRICT,config_loo,LinearDiscriminantAnalysis,maxabs,undersample,on,0.4247226848672728,0.0413025337266743,0.4273258507642752,0.3559131067379297,0.5114554193528571,28,0.1555423126149274,0.09724588584097285
IMPUTED,config_kfold,RandomForestClassifier,standard,smote,off,0.42471461812614614,0.04621630829746028,0.4262586356636081,0.2757172366950871,0.5756929582642195,8064,0.29997572156913244,0.10881732421023803
STRICT,config_random80,LogisticRegression,robust,undersample,on,0.42406011596050136,0.1788117189999718,0.4264014327112208,-0.2332412503655155,0.8295454545454546,1680,1.06278670491097,0.4216659673239042
STRICT,config_kfold,RandomForestClassifier,robust,undersample,off,0.4238541035129006,0.04498998587110599,0.4264011578052653,0.2581761546528541,0.544423218468351,5184,0.28624706381549686,0.1061449812523442
IMPUTED,config_strat80,QuadraticDiscriminantAnalysis,standard,undersample,on,0.4238030748912998,0.13495974799378188,0.4115687677026414,0.1326193317473155,0.7624437362098716,840,0.629824404462556,0.31844919489646784
STRICT,config_kfold,RandomForestClassifier,standard,undersample,off,0.42376901269627454,0.0451164880045742,0.4259465955950406,0.2824565528565919,0.5516684881227897,5184,0.2692119352661978,0.10646481137805673
STRICT,config_kfold,RandomForestClassifier,none,undersample,off,0.4236293225641388,0.045023687066074625,0.4256792399638184,0.2581761546528541,0.544423218468351,5184,0.28624706381549686,0.10628085608794914
STRICT,config_kfold,RandomForestClassifier,maxabs,undersample,off,0.42335776084473126,0.044983634848519576,0.4263478852061078,0.2476780444702334,0.544423218468351,5184,0.29674517399811756,0.10625442358435368
STRICT,config_loo,QuadraticDiscriminantAnalysis,maxabs,undersample,off,0.42328041656927623,0.07653436769794392,0.4157585653328594,0.3117693069207368,0.5143696672657796,10,0.2026003603450428,0.1808124465531892
IMPUTED,config_loo,LogisticRegression,maxabs,smoteenn,on,0.42325518806289836,0.08138666272675633,0.4433267730952749,0.1212528800216727,0.5154088874131049,336,0.3941560073914322,0.19228745452415286
STRICT,config_loo,LogisticRegression,robust,none,on,0.42315362778567855,0.11797978163829842,0.4577035488158596,0.1146445400172615,0.5791653408451387,84,0.4645208008278772,0.2788107530961629
IMPUTED,config_loo,LogisticRegression,robust,undersample,on,0.4230595450314381,0.09619593385889533,0.4484638800817062,0.1436690683656873,0.55468388303726,168,0.41101481467157275,0.227381547086349
IMPUTED,config_strat80,GaussianNB,maxabs,smote,on,0.4226321007655324,0.17035588388221784,0.4252964776724258,0.0052540693749273,0.9229582069908971,1680,0.9177041376159698,0.403083162811449
STRICT,config_random80,RandomForestClassifier,none,none,off,0.4225962438079118,0.13696967482401706,0.4000661320993193,0.1348399724926484,0.7416198487095663,1440,0.6067798762169179,0.324114747423727
STRICT,config_strat80,LogisticRegression,robust,undersample,off,0.4225558010234115,0.12304748890799842,0.4276686017238498,0.1056611296654027,0.6998542122237652,240,0.5941930825583626,0.2911982005926385
STRICT,config_random80,SVC,standard,none,off,0.4224308504185622,0.137735176558961,0.4287014870920849,0.0632455532033675,0.6590909090909091,114,0.5958453558875416,0.32605378234683197
IMPUTED,config_kfold,LinearDiscriminantAnalysis,robust,smoteenn,on,0.422250925865963,0.07658359943638052,0.4367930129350091,0.1678453487561793,0.5828319237827739,1120,0.41498657502659464,0.18136987924732412
STRICT,config_loo,SVC,robust,undersample,on,0.4222091734028683,0.12719916530909778,0.456563218857709,-0.084160617289314,0.5189784147503389,123,0.6031390320396529,0.30127049178944637
STRICT,config_random80,RandomForestClassifier,robust,none,off,0.421952317210601,0.13626819519185304,0.3876990572676327,0.1348399724926484,0.7416198487095663,1440,0.6067798762169179,0.32294690568991496
IMPUTED,config_loo,RandomForestClassifier,standard,smote,off,0.4219182363617706,0.03512304395139374,0.4188623038386893,0.3496527610237563,0.5247315911738422,230,0.17507883015008585,0.0832460911248163
STRICT,config_loo,LinearDiscriminantAnalysis,robust,smoteenn,off,0.42144907814028804,0.021764095631146143,0.43172836599036557,0.3863611644241803,0.4359784161562407,8,0.04961725173206044,0.05164110389607143
STRICT,config_loo,LogisticRegression,maxabs,undersample,off,0.4211950357226621,0.06426713658691685,0.4512363246319161,0.3302806762604298,0.4983403285660824,22,0.16805965230565262,0.15258284437434314
STRICT,config_loo,LogisticRegression,maxabs,smoteenn,on,0.4211035095480494,0.08518138186400037,0.4455285848160877,0.131029661797675,0.5301098139249564,334,0.3990801521272814,0.20228133922564914
IMPUTED,config_kfold,RandomForestClassifier,none,undersample,off,0.4210585129265732,0.04180244071899007,0.4226501894267674,0.290971261400028,0.5408107059111419,4032,0.2498394445111139,0.09927940995288662
STRICT,config_strat80,LinearDiscriminantAnalysis,standard,smoteenn,off,0.4210347448383084,0.13681387669938846,0.42667869585321205,0.0593913870916498,0.6172133998483676,80,0.5578220127567178,0.32494676122734156
STRICT,config_kfold,SVC,maxabs,smote,off,0.4206773202623237,0.1496973522607405,0.47190943601363,-0.07741589438116,0.5755460956187627,900,0.6529619899999227,0.3558484022085931
IMPUTED,config_kfold,RandomForestClassifier,robust,undersample,off,0.42063320273172644,0.041870187117927817,0.422797035897828,0.290971261400028,0.5510822394579628,4032,0.26011097805793476,0.09954085137837299
IMPUTED,config_kfold,RandomForestClassifier,robust,smote,off,0.4204955111316116,0.04758392732931884,0.42037764250672605,0.2790553487715033,0.5782433095879123,8064,0.29918796081640897,0.11316155837493701
IMPUTED,config_kfold,RandomForestClassifier,standard,undersample,off,0.42030834451445326,0.04149625375814697,0.4210892086638903,0.290971261400028,0.5383238762835347,4032,0.24735261488350674,0.09872812257887502
IMPUTED,config_kfold,RandomForestClassifier,maxabs,smote,off,0.42011861323588773,0.04752668319701912,0.4184056280082309,0.2646329189315088,0.5801803212527273,8064,0.31554740232121853,0.11312682109215165
STRICT,config_random80,LinearDiscriminantAnalysis,maxabs,none,on,0.4200944592947684,0.1392452839348992,0.44296075131876606,0.0502518907629606,0.7416198487095663,140,0.6913679579466058,0.331461843530754
IMPUTED,config_kfold,RandomForestClassifier,maxabs,undersample,off,0.41999595140249807,0.041715047897571765,0.4225957119865268,0.290971261400028,0.5383238762835347,4032,0.24735261488350674,0.09932250003427925
STRICT,config_random80,LogisticRegression,robust,smoteenn,on,0.4198470062980673,0.1742715609975221,0.4129842690630074,-0.040291148201269,0.8528028654224417,3360,0.8930940136237107,0.4150834908509489
IMPUTED,config_loo,LinearDiscriminantAnalysis,standard,none,on,0.4197580376662181,0.06213945794235793,0.4496182459111359,0.2751053211988152,0.453110138691783,14,0.17800481749296782,0.14803637421177815
STRICT,config_strat80,LinearDiscriminantAnalysis,robust,undersample,on,0.4197125125862852,0.18130496509033553,0.4629100498862757,-0.1749635530559413,0.670721181477857,280,0.8456847345337983,0.4319741719710168
STRICT,config_random80,LinearDiscriminantAnalysis,standard,smoteenn,off,0.41957696498554214,0.13541611249339225,0.4134320031276604,0.1956463952178073,0.7566444492037344,80,0.5609980539859272,0.32274439207609606
STRICT,config_random80,LogisticRegression,maxabs,smote,off,0.41952016874798975,0.1845450706379338,0.4256887899825743,0.0,0.8528028654224417,480,0.8528028654224417,0.4398955863997852
STRICT,config_loo,SVC,standard,smoteenn,off,0.4192494624732394,0.10831288744253077,0.4375871418875156,-0.064039408866995,0.5189784147503389,33,0.5830178236173339,0.2583494962726264
STRICT,config_kfold,RandomForestClassifier,standard,none,off,0.4192301535683932,0.05300139331541284,0.4209440554498446,0.2089847474498175,0.5890829075219364,2592,0.3800981600721189,0.12642552751579733
STRICT,config_kfold,RandomForestClassifier,none,none,off,0.41917567461079824,0.053037528062540765,0.4214847071502773,0.2089847474498175,0.5890829075219364,2592,0.3800981600721189,0.1265281629516926
STRICT,config_loo,LinearDiscriminantAnalysis,robust,smoteenn,on,0.41916850016518,0.1099859090367473,0.45278457688128654,0.150954622577494,0.5603085254187569,56,0.40935390284126283,0.26239068296736423
IMPUTED,config_strat80,SVC,maxabs,smoteenn,on,0.41909953651416815,0.2316427743569739,0.4527349601029048,-0.6042179781166439,0.92783056924063,3360,1.5320485473572738,0.5527154152534905
IMPUTED,config_loo,SVC,maxabs,smoteenn,on,0.4189985278033943,0.07907830831833533,0.4354525274519829,0.0601849700370302,0.543458350673682,213,0.48327338063665176,0.18873170923273758
IMPUTED,config_random80,LogisticRegression,maxabs,smoteenn,on,0.4186967223484378,0.1831769970025994,0.4414147946478204,-0.1036951694730425,0.8563488385776753,3360,0.9600440080507178,0.43749326714375425
STRICT,config_random80,RandomForestClassifier,standard,none,off,0.41859769858144347,0.13627306260371796,0.3851644432598216,0.1348399724926484,0.7416198487095663,1296,0.6067798762169179,0.32554661209443875
IMPUTED,config_strat80,KNeighborsClassifier,none,undersample,off,0.41855516214341276,0.19000897983958803,0.3845101628724723,-0.0137192412152395,0.9229582069908971,640,0.9366774482061366,0.4539640100639442
STRICT,config_loo,GaussianNB,robust,undersample,off,0.41850833856590974,0.01642041945114361,0.4057891363515058,0.4057891363515058,0.4375871418875156,10,0.031798005536009755,0.03923558490473805
STRICT,config_loo,RandomForestClassifier,none,none,off,0.41850400612037286,0.04386076624345449,0.4229958268811795,0.290274248507101,0.4896677380944952,57,0.19939348958739422,0.10480369507105498
STRICT,config_random80,SVC,robust,none,off,0.4183981950653806,0.1331773777782977,0.4287014870920849,0.0632455532033675,0.6590909090909091,114,0.5958453558875416,0.3183029452540703
STRICT,config_strat80,LinearDiscriminantAnalysis,robust,smote,off,0.41833532417852526,0.11684368865989912,0.4276686017238498,0.2063492063492063,0.7715167498104595,80,0.5651675434612532,0.27930629307802823
STRICT,config_kfold,RandomForestClassifier,maxabs,none,off,0.41832984545359153,0.051569107460665925,0.4205363291762167,0.2089847474498175,0.5718982539767609,2592,0.3629135065269434,0.1232737946410445
STRICT,config_loo,RandomForestClassifier,standard,none,off,0.41830934346243365,0.04147367609817393,0.4224482540203123,0.3117693069207368,0.4862652153958905,57,0.17449590847515373,0.09914594724298449
STRICT,config_kfold,RandomForestClassifier,robust,none,off,0.41810439242017855,0.05284576924304103,0.4217070803415448,0.2089847474498175,0.5718982539767609,2592,0.3629135065269434,0.1263937193702885
STRICT,config_loo,RandomForestClassifier,robust,none,off,0.4179382892527531,0.04074625998136546,0.42827069266738726,0.3091424358865122,0.4862652153958905,58,0.17712277950937833,0.09749348415580004
STRICT,config_strat80,SVC,robust,smoteenn,on,0.4179352212442266,0.19314471901838345,0.4550466375675794,-0.4981167541368988,0.8427009716003844,3360,1.340817725737283,0.46214032510439335
STRICT,config_loo,RandomForestClassifier,maxabs,none,off,0.41781578738199265,0.038313708916778925,0.4192170380686211,0.290274248507101,0.4896677380944952,87,0.19939348958739422,0.09170000290522817
IMPUTED,config_loo,LogisticRegression,maxabs,undersample,on,0.41774382543555577,0.11569557564484806,0.4557976482527636,0.056693546090597,0.525230178867319,168,0.46853663277672203,0.27695340684980657
STRICT,config_strat80,LinearDiscriminantAnalysis,robust,smoteenn,on,0.4174496409928101,0.18419099775681483,0.4629100498862757,-0.4285714285714285,0.8017837257372731,560,1.2303551543087017,0.4412292637712131
STRICT,config_kfold,SVC,maxabs,smoteenn,off,0.41706179621300515,0.14347426045188497,0.4634416002002062,-0.167332128220164,0.5951289391693324,900,0.7624610673894964,0.34401199475630856
IMPUTED,config_loo,LinearDiscriminantAnalysis,robust,undersample,on,0.41705480421350677,0.10055401097675663,0.44876798147699737,0.1703436528064454,0.5164956098976807,28,0.34615195709123536,0.24110502974874995
STRICT,config_kfold,LinearDiscriminantAnalysis,robust,none,on,0.4167035446351285,0.1151312799570125,0.4530834010465654,0.0429777473117876,0.5542522036531102,280,0.5112744563413226,0.27629061820873896
STRICT,config_strat80,LogisticRegression,robust,smoteenn,on,0.4164301660657171,0.1969703276259347,0.4550466375675794,-0.4285714285714285,0.8412698412698413,3360,1.2698412698412698,0.47299726022934346
IMPUTED,config_kfold,GaussianNB,standard,undersample,on,0.41638646754061676,0.05241626486944749,0.4194624141957301,0.2827531619649105,0.5360911455112214,1176,0.2533379835463109,0.12588368968627567
STRICT,config_random80,LinearDiscriminantAnalysis,robust,smote,on,0.41630589477634145,0.2076673569842762,0.4276686017238498,-0.22310032643658,0.8528028654224417,560,1.0759031918590216,0.49883357307694287
STRICT,config_random80,RandomForestClassifier,maxabs,smote,off,0.4157824703606807,0.13816103638485538,0.4193139346887673,0.0,0.8295454545454546,5472,0.8295454545454546,0.3322916338079482
IMPUTED,config_random80,KNeighborsClassifier,standard,undersample,off,0.41552942363708595,0.16007994769999237,0.43314291168162466,-0.077766274741735,0.7679476477883045,640,0.8457139225300395,0.38524335123811254
IMPUTED,config_strat80,GaussianNB,standard,none,on,0.41543558184291873,0.1690446376129878,0.4127594582445936,0.0556483802745148,0.7624437362098716,420,0.7067953559353568,0.40690938619914757
STRICT,config_kfold,SVC,maxabs,smote,on,0.41511777973246233,0.15119962446223328,0.4593757130897495,-0.1841972828025592,0.6207576867445412,6272,0.8049549695471004,0.36423307274306427
IMPUTED,config_random80,GaussianNB,maxabs,undersample,off,0.41486648235967927,0.13825459423133998,0.407968313275978,0.1490711984999859,0.6637465183030647,120,0.5146753198030789,0.33325081709415266
IMPUTED,config_random80,GaussianNB,robust,undersample,off,0.41486648235967927,0.13825459423133998,0.407968313275978,0.1490711984999859,0.6637465183030647,120,0.5146753198030789,0.33325081709415266
IMPUTED,config_random80,GaussianNB,standard,undersample,off,0.41486648235967927,0.13825459423133998,0.407968313275978,0.1490711984999859,0.6637465183030647,120,0.5146753198030789,0.33325081709415266
IMPUTED,config_random80,GaussianNB,none,undersample,off,0.41486648235967927,0.13825459423134,0.407968313275978,0.1490711984999859,0.6637465183030647,120,0.5146753198030789,0.3332508170941527
IMPUTED,config_random80,LinearDiscriminantAnalysis,robust,smoteenn,on,0.4148266727913152,0.16690347325842395,0.4071989740581645,-0.1666666666666666,0.8563488385776753,560,1.023015505244342,0.402345085804999
IMPUTED,config_kfold,LinearDiscriminantAnalysis,standard,smoteenn,off,0.4148202350845424,0.03892325035031991,0.40704695278520797,0.350675824640265,0.5146399094217984,160,0.1639640847815334,0.09383160959442387
IMPUTED,config_loo,LinearDiscriminantAnalysis,standard,smoteenn,off,0.41480720618983974,0.01667321176013366,0.4173417629695032,0.3913260843009445,0.433219214519408,8,0.04189313021846347,0.04019508704606023
STRICT,config_random80,RandomForestClassifier,standard,undersample,off,0.41460497445815575,0.12462204280560457,0.3853551092995474,0.1451141874282767,0.7566444492037344,2736,0.6115302617754577,0.30058019194890806
IMPUTED,config_kfold,LinearDiscriminantAnalysis,maxabs,smoteenn,off,0.41443381783622524,0.037300886997731944,0.41913055650655795,0.3300031638308056,0.4957920923710913,160,0.1657889285402857,0.09000444797792154
IMPUTED,config_strat80,GaussianNB,robust,smoteenn,off,0.41442031209561925,0.13378406449239308,0.4252964776724258,0.1136584015456127,0.7679476477883045,240,0.6542892462426918,0.3228221701197046
IMPUTED,config_strat80,LogisticRegression,maxabs,undersample,off,0.41437752499630903,0.19892699033692482,0.4845437118523489,0.0,0.717973623597536,240,0.717973623597536,0.48006220978972425
STRICT,config_loo,GaussianNB,standard,smote,on,0.41434565718525634,0.0420454603607967,0.4051084364747354,0.3635218281937376,0.4791267290114986,74,0.11560490081776104,0.10147435994966379
STRICT,config_strat80,LinearDiscriminantAnalysis,maxabs,smote,off,0.41424268620773885,0.12867654910526802,0.4075500715665535,0.2063492063492063,0.7715167498104595,80,0.5651675434612532,0.3106308291964337
STRICT,config_loo,LinearDiscriminantAnalysis,robust,none,on,0.41374814094401774,0.1274424088735451,0.4612619530293546,0.1146445400172615,0.4821828356934654,14,0.3675382956762039,0.3080192906311783
IMPUTED,config_kfold,SVC,maxabs,smoteenn,off,0.41360084903756394,0.12556753898457523,0.4561405175484287,-0.0892025213642817,0.5614321133905384,792,0.6506346347548202,0.3035959410546833
STRICT,config_strat80,LogisticRegression,robust,undersample,on,0.4134096555954178,0.1948527947222124,0.4550466375675794,-0.3471722831863234,0.8427009716003844,1680,1.1898732547867077,0.4713310201755533
STRICT,config_random80,LogisticRegression,robust,none,on,0.4132421490306389,0.20221464764948763,0.4308202184276645,-0.161164592805076,0.8528028654224417,840,1.0139674582275178,0.48933693749253754
STRICT,config_kfold,QuadraticDiscriminantAnalysis,standard,undersample,on,0.4131687119535326,0.056503805933571856,0.4110109108077108,0.2232073703505407,0.5713124381497839,1680,0.3481050677992432,0.1367572236203757
IMPUTED,config_loo,LogisticRegression,robust,none,on,0.413135498796277,0.09152117915915853,0.453110138691783,0.2327814256297667,0.5290486946131061,84,0.29626726898333944,0.22152823813450348
IMPUTED,config_kfold,GaussianNB,maxabs,none,off,0.41307098729379876,0.03536676662760863,0.4219320578349411,0.3469480476527667,0.4761024729969645,84,0.1291544253441978,0.0856191011121627
IMPUTED,config_kfold,GaussianNB,none,none,off,0.41307098729379876,0.03536676662760863,0.4219320578349411,0.3469480476527667,0.4761024729969645,84,0.1291544253441978,0.0856191011121627
IMPUTED,config_kfold,GaussianNB,robust,none,off,0.41307098729379876,0.03536676662760863,0.4219320578349411,0.3469480476527667,0.4761024729969645,84,0.1291544253441978,0.0856191011121627
IMPUTED,config_kfold,GaussianNB,standard,none,off,0.41307098729379876,0.03536676662760863,0.4219320578349411,0.3469480476527667,0.4761024729969645,84,0.1291544253441978,0.0856191011121627
STRICT,config_random80,RandomForestClassifier,maxabs,none,off,0.413011726231182,0.13402240954360778,0.380198765217406,0.1348399724926484,0.7416198487095663,1296,0.6067798762169179,0.3245002527327497
IMPUTED,config_loo,LinearDiscriminantAnalysis,robust,smoteenn,off,0.41296489332111547,0.025908700823682764,0.4211717092628736,0.3740636273067317,0.4354525274519829,8,0.06138890014525117,0.06273826478401527
IMPUTED,config_random80,SVC,maxabs,smoteenn,on,0.4128321931298638,0.2091325595000802,0.4414147946478204,-0.6546536707079771,0.8563488385776753,3360,1.5110025092856523,0.5065800656546515
STRICT,config_loo,SVC,robust,smoteenn,on,0.41282830453848113,0.12227038219041901,0.4512363246319161,0.0667065498093038,0.5603085254187569,213,0.49360197560945307,0.2961773232266873
STRICT,config_random80,SVC,maxabs,smote,off,0.4127988361392432,0.2033946286945343,0.4129842690630074,0.0,0.9211323729436768,456,0.9211323729436768,0.4927209354483894
STRICT,config_kfold,LogisticRegression,maxabs,smoteenn,on,0.4127088347566675,0.11925912666257799,0.4508057465111082,-0.0161164592805076,0.5953159859245221,6720,0.6114324452050297,0.28896674027560615
STRICT,config_loo,QuadraticDiscriminantAnalysis,none,undersample,off,0.4126991793078623,0.015658920397472582,0.4157585653328594,0.3863611644241803,0.4363991221721087,12,0.05003795774792841,0.03794269817481623
STRICT,config_random80,RandomForestClassifier,standard,smote,off,0.4125763028292524,0.13778654786677044,0.4075500715665535,-0.1066003581778052,0.82915619758885,5472,0.9357565557666552,0.33396621890761957
IMPUTED,config_strat80,QuadraticDiscriminantAnalysis,standard,smoteenn,on,0.4125008407758467,0.16378301114037866,0.4117980140314096,0.0,0.8459051693633014,1680,0.8459051693633014,0.3970489146939181
STRICT,config_random80,LinearDiscriminantAnalysis,robust,none,on,0.41246614626936096,0.21599576736886594,0.4287014870920849,-0.1119785021911708,0.82915619758885,140,0.9411346997800207,0.5236690800505357
IMPUTED,config_kfold,RandomForestClassifier,none,smote,off,0.4123886476962993,0.04878293321463463,0.412068320251999,0.2412236551473018,0.5683035911268166,8064,0.3270799359795148,0.11829358903827168
STRICT,config_strat80,GaussianNB,robust,smote,on,0.41238783841094995,0.18981275205747175,0.4276686017238498,-0.3273268353539885,0.8427009716003844,1680,1.1700278069543728,0.4602772787599057
STRICT,config_random80,RandomForestClassifier,none,undersample,off,0.41238265041320155,0.12582633088134054,0.3853551092995474,0.1451141874282767,0.7566444492037344,2736,0.6115302617754577,0.3051203312148665
STRICT,config_loo,SVC,none,smote,off,0.41220078913663943,0.0734387347889208,0.4213953255999111,0.1384091330895666,0.4988874488807742,26,0.3604783157912076,0.17816252837055285
STRICT,config_loo,SVC,robust,undersample,off,0.41209458330075516,0.037100730418897145,0.4158516098094259,0.3425660853315318,0.4604176537124086,20,0.11785156838087679,0.09002964834366742
STRICT,config_random80,SVC,robust,smote,on,0.41205185528481114,0.1992196414634888,0.4,-0.1889822365046136,0.9148532788043832,3192,1.1038355153089967,0.4834819669135763
STRICT,config_strat80,SVC,robust,undersample,on,0.41198361516548815,0.20623443551507747,0.4629100498862757,-0.4000661320993193,0.7715167498104595,1680,1.1715828819097789,0.5005889261693962
IMPUTED,config_strat80,GaussianNB,maxabs,undersample,on,0.41180999300258114,0.1799649466713719,0.4252964776724258,0.0052540693749273,0.8454106280193237,840,0.8401565586443963,0.43700966399386015
STRICT,config_random80,RandomForestClassifier,robust,undersample,off,0.4118080990366722,0.12722510079945798,0.3853551092995474,0.1451141874282767,0.7566444492037344,2736,0.6115302617754577,0.3089426873756759
STRICT,config_loo,LinearDiscriminantAnalysis,standard,smoteenn,off,0.411780222908402,0.03653719461899298,0.41126738172245236,0.3641684744762948,0.4604176537124086,8,0.09624917923611381,0.08872984321813934
STRICT,config_strat80,GaussianNB,standard,undersample,on,0.4115991602944282,0.14355323109979612,0.4075500715665535,-0.0291605921759902,0.7094390134677043,840,0.7385996056436945,0.3487694945662876
IMPUTED,config_strat80,GaussianNB,maxabs,smoteenn,off,0.4115408048327579,0.12005627830516377,0.4185472458519177,0.1780684930865855,0.6777749493656265,240,0.49970645627904103,0.2917238749969211
IMPUTED,config_random80,GaussianNB,robust,undersample,on,0.4115326228418106,0.21625076103147714,0.4269766805005808,-0.0621027319149066,0.9229582069908971,840,0.9850609389058037,0.5254765941474389
STRICT,config_random80,LinearDiscriminantAnalysis,maxabs,smoteenn,on,0.41135006667112844,0.15216405946316205,0.3922322702763681,0.0307728727448331,0.7566444492037344,560,0.7258715764589013,0.3699137833975755
IMPUTED,config_loo,SVC,standard,none,off,0.41127497885486,0.04044239886865629,0.4292460719007647,0.3409443586747991,0.4496182459111359,6,0.10867388723633681,0.0983342069125205
IMPUTED,config_strat80,LinearDiscriminantAnalysis,robust,smoteenn,off,0.41111926947957284,0.16249912443544698,0.4166549677696456,0.0486473329926243,0.7562449037944323,80,0.7075975708018081,0.3952602967045334
STRICT,config_random80,RandomForestClassifier,robust,smote,off,0.41036903065395114,0.13785859163670583,0.4075500715665535,0.0533001790889026,0.82915619758885,5472,0.7758560184999473,0.3359380980017394
STRICT,config_random80,RandomForestClassifier,maxabs,undersample,off,0.41033714550943345,0.12468923367317854,0.3853551092995474,0.1451141874282767,0.7566444492037344,2736,0.6115302617754577,0.3038702077979728
STRICT,config_loo,KNeighborsClassifier,none,undersample,off,0.4102080474718833,0.045080281266379314,0.41636409133683394,0.3319853507185481,0.4777053374829322,64,0.14571998676438408,0.1098961406150113
IMPUTED,config_strat80,SVC,robust,none,on,0.4098240579730702,0.19405344969079283,0.4127594582445936,0.0,0.7679476477883045,840,0.7679476477883045,0.47350429023262514
IMPUTED,config_loo,RandomForestClassifier,robust,smote,off,0.40974465825211726,0.04304420165346038,0.4089042715023407,0.3296634821790407,0.5365779073788788,230,0.2069144251998381,0.10505128202787976
IMPUTED,config_kfold,SVC,maxabs,smoteenn,on,0.4097301821935863,0.1274664182124192,0.4496810218932747,-0.0905469920205809,0.5833020295786423,5544,0.6738490215992232,0.31109843441358875
IMPUTED,config_loo,RandomForestClassifier,maxabs,smote,off,0.4096740940859421,0.04057838128497419,0.4128711852166012,0.3196150527693238,0.5098895316618876,229,0.19027447889256377,0.09905039608499529
IMPUTED,config_kfold,RandomForestClassifier,robust,none,off,0.40933305721858604,0.05284330024761224,0.4111572896717256,0.210755440677811,0.5474538632528099,2016,0.3366984225749989,0.1290960974583434
IMPUTED,config_random80,KNeighborsClassifier,robust,undersample,off,0.4093212675914125,0.15996057371554467,0.4330127018922193,-0.0496903994999953,0.7679476477883045,640,0.8176380472882998,0.3907946798288978
IMPUTED,config_kfold,LogisticRegression,maxabs,smoteenn,on,0.40926042290222914,0.10884675278082875,0.4412166015091073,-0.0472220052955669,0.6245723831044686,6720,0.6717943884000355,0.26595963520966176
IMPUTED,config_kfold,RandomForestClassifier,none,none,off,0.40917086373621553,0.05318153425184233,0.4111841798272706,0.210755440677811,0.5474538632528099,2016,0.3366984225749989,0.12997390323991256
IMPUTED,config_strat80,KNeighborsClassifier,none,smoteenn,off,0.40896917439078784,0.17949236033694788,0.4115687677026414,0.0695048046856915,0.8454106280193237,1280,0.7759058233336321,0.4388897050843131
STRICT,config_strat80,LogisticRegression,robust,none,on,0.40868520167734507,0.20638224151876877,0.4550466375675794,-0.3471722831863234,0.7715167498104595,840,1.118689032996783,0.5049907377896852
STRICT,config_strat80,LogisticRegression,maxabs,smote,off,0.40863103528062006,0.16097671583156253,0.408248290463863,0.0,0.8412698412698413,480,0.8412698412698413,0.3939414824941396
IMPUTED,config_kfold,RandomForestClassifier,standard,none,off,0.4085005878195551,0.05283386375615612,0.4094802876448716,0.210755440677811,0.5474538632528099,2016,0.3366984225749989,0.12933607767412603
IMPUTED,config_kfold,RandomForestClassifier,maxabs,none,off,0.4084752920159341,0.052529686662284615,0.4099282746164882,0.210755440677811,0.5411115489084308,2016,0.33035610823061984,0.12859942250860917
IMPUTED,config_loo,GaussianNB,maxabs,undersample,on,0.4083809082367725,0.05213595813468487,0.3991102440118441,0.3310143490496602,0.4811788488769512,33,0.15016449982729102,0.12766502322497728
STRICT,config_strat80,RandomForestClassifier,standard,smote,off,0.40833442079376403,0.1051868486806002,0.4075500715665535,0.0593913870916498,0.6831300510639732,5760,0.6237386639723234,0.25759975971686827
STRICT,config_strat80,LogisticRegression,maxabs,smoteenn,on,0.40829833556419937,0.17688873703340313,0.4256887899825743,-0.0427960492510912,0.8412698412698413,3360,0.8840658905209324,0.4332340389998719
STRICT,config_strat80,RandomForestClassifier,maxabs,smote,off,0.4082282061398024,0.11847931009056041,0.4075500715665535,0.0363696483726653,0.6831300510639732,5760,0.6467604026913079,0.2902281329624387
IMPUTED,config_random80,QuadraticDiscriminantAnalysis,standard,undersample,on,0.40819001788665105,0.1407039627272624,0.4040950971038548,0.0379868588198793,0.8320502943378436,840,0.7940634355179643,0.34470211558758407
IMPUTED,config_random80,GaussianNB,standard,undersample,on,0.40817044057964075,0.1332399282045957,0.4036696054042186,0.1203858530857692,0.7125253031944253,840,0.5921394501086561,0.3264320856144859
IMPUTED,config_kfold,LinearDiscriminantAnalysis,robust,smoteenn,off,0.40800463228928424,0.04002018904385887,0.40898066306640735,0.3059819113858071,0.4836489487158379,160,0.1776670373300308,0.09808758498477949
IMPUTED,config_strat80,GaussianNB,robust,smoteenn,on,0.40795005618237706,0.15602346712756238,0.4252964776724258,-0.1224264366039326,0.717973623597536,1680,0.8404000602014686,0.3824572757450754
STRICT,config_random80,GaussianNB,standard,undersample,on,0.40792084622973884,0.16278169522440436,0.4276686017238498,-0.0944911182523068,0.8295454545454546,798,0.9240365727977614,0.3990521610477504
STRICT,config_kfold,GaussianNB,maxabs,undersample,on,0.40788307877305896,0.05901719732278489,0.40812540598344826,0.2147180679945129,0.5426256964993026,1512,0.3279076285047897,0.1446914579058116
IMPUTED,config_random80,GaussianNB,none,smoteenn,off,0.4077458710139144,0.11870513648413616,0.41884187784804183,0.1136584015456127,0.647150228929434,240,0.5334918273838213,0.2911252937741835
STRICT,config_strat80,LinearDiscriminantAnalysis,robust,none,on,0.40754214630280583,0.1786787336729061,0.4000661320993193,0.0,0.7566444492037344,140,0.7566444492037344,0.43843007476372003
IMPUTED,config_loo,SVC,robust,none,off,0.40720107875160705,0.03457107755379319,0.3952185525656382,0.3637783103989607,0.4496182459111359,9,0.08583993551217522,0.08489927791886223
STRICT,config_loo,SVC,none,none,off,0.4070894692512272,0.0509505133902891,0.4312506113514505,0.290274248507101,0.4531780565328727,9,0.1629038080257717,0.12515802357649788
IMPUTED,config_strat80,GaussianNB,robust,none,on,0.40690276160931904,0.2091923237984685,0.4127594582445936,-0.1123508829409707,0.6908212560386473,420,0.803172138979618,0.5141088818643139
STRICT,config_kfold,KNeighborsClassifier,none,undersample,off,0.4066969979943931,0.05092644679662232,0.40993512701128787,0.26431570696397,0.537389406302204,1280,0.273073699338234,0.12521962799765837
IMPUTED,config_loo,RandomForestClassifier,robust,none,off,0.40660635206917617,0.03820547375753801,0.4107167305182996,0.3079408810257198,0.4605249337343761,87,0.15258405270865627,0.09396182219759835
STRICT,config_random80,RandomForestClassifier,none,smote,off,0.40641027258819834,0.14551783926253017,0.3853551092995474,0.0,0.8295454545454546,5472,0.8295454545454546,0.3580564987587763
STRICT,config_loo,KNeighborsClassifier,maxabs,undersample,on,0.4063733289191863,0.047322752431160124,0.412088906098251,0.2553275818518149,0.5114554193528571,447,0.2561278375010422,0.11645142302282095
STRICT,config_random80,LogisticRegression,maxabs,smoteenn,on,0.40624084942313365,0.18760836250260463,0.3900947488027469,-0.1410190187044415,0.9211323729436768,3360,1.0621513916481182,0.46181560217051165
STRICT,config_strat80,RandomForestClassifier,robust,smote,off,0.4061733082687781,0.1067769504701207,0.4075500715665535,0.0593913870916498,0.7637626158259733,5760,0.7043712287343235,0.2628851977625839
STRICT,config_kfold,KNeighborsClassifier,maxabs,undersample,on,0.4059908254870443,0.0560898794296162,0.4079467689983962,0.2138263480252993,0.5794301519787648,8960,0.3656038039534655,0.13815553433338879
IMPUTED,config_random80,KNeighborsClassifier,maxabs,undersample,off,0.40589696756174476,0.15693175558969238,0.4118415294481012,-0.0592864861199925,0.7977240352174656,640,0.8570105213374581,0.38662953441705633
STRICT,config_strat80,LogisticRegression,maxabs,undersample,on,0.40586433105844044,0.18812800522533085,0.4550466375675794,0.0,0.8017837257372731,1680,0.8017837257372731,0.46352436227819754
STRICT,config_loo,GaussianNB,maxabs,undersample,off,0.4057891363515058,0.0,0.4057891363515058,0.4057891363515058,0.4057891363515058,3,0.0,0.0
STRICT,config_loo,GaussianNB,standard,smoteenn,on,0.40559090714229284,0.03702604699610568,0.4153395167798761,0.3349588723406357,0.467963735226799,78,0.1330048628861633,0.09128914466298892
IMPUTED,config_loo,RandomForestClassifier,maxabs,none,off,0.4053613275063429,0.03908008960042077,0.4107167305182996,0.3079408810257198,0.4596918965144823,29,0.15175101548876246,0.09640803635815323
STRICT,config_random80,LinearDiscriminantAnalysis,robust,smoteenn,off,0.4048400862396571,0.15011136528870972,0.37922818146093284,0.1507556722888818,0.7925270806437588,80,0.641771408354877,0.37079175306727613
STRICT,config_kfold,KNeighborsClassifier,maxabs,undersample,off,0.4046767633250278,0.054517987245872424,0.4087386970670477,0.2307921520074661,0.5395732859883832,1280,0.30878113398091706,0.1347198361426172
STRICT,config_random80,LinearDiscriminantAnalysis,robust,undersample,on,0.4042150885769472,0.18255350696017206,0.4057731024825677,-0.1230914909793327,0.7366351076087241,280,0.8597265985880568,0.4516246724061138
STRICT,config_random80,SVC,robust,smoteenn,on,0.40419657212233406,0.18547056571839757,0.4129842690630074,-0.22310032643658,0.8528028654224417,3192,1.0759031918590216,0.45886229253389876
STRICT,config_random80,SVC,standard,none,on,0.40345256088932324,0.17169834569279888,0.4000661320993193,0.0,0.82915619758885,798,0.82915619758885,0.4255725761520197
IMPUTED,config_loo,RandomForestClassifier,none,none,off,0.40343904503681477,0.038073049003414586,0.4005978380521724,0.3079408810257198,0.4605249337343761,87,0.15258405270865627,0.0943712550180668
STRICT,config_strat80,SVC,maxabs,smoteenn,off,0.403412081312097,0.19461394785135055,0.4550466375675794,0.0,0.8412698412698413,480,0.8412698412698413,0.4824197312543766
IMPUTED,config_loo,SVC,robust,undersample,on,0.403387736131895,0.10120492774099643,0.4383748496286356,0.1466142749996625,0.5182121758817675,106,0.371597900882105,0.25088746800152006
STRICT,config_strat80,SVC,maxabs,smote,off,0.40265900665197585,0.21302347451028736,0.4550466375675794,-0.2927700218845599,0.7566444492037344,480,1.0494144710882942,0.5290418716360832
STRICT,config_loo,QuadraticDiscriminantAnalysis,standard,undersample,on,0.40265745986185875,0.030938168006739805,0.4112750326640541,0.3371106829830536,0.4583558374945771,84,0.12124515451152351,0.0768349554913347
STRICT,config_random80,LinearDiscriminantAnalysis,none,smoteenn,off,0.40264000533004535,0.13230411540208226,0.3922322702763681,0.1108006575534897,0.7385489458759964,80,0.6277482883225067,0.3285915797006612
IMPUTED,config_random80,SVC,maxabs,smote,off,0.40250352005256496,0.2534299672246943,0.450110476551931,-0.6201736729460423,0.8333333333333334,480,1.4535070062793758,0.6296341636753825
STRICT,config_random80,SVC,none,undersample,off,0.4024683106283078,0.1814385797530523,0.3922322702763681,-0.1313064328597225,0.7566444492037344,228,0.887950882063457,0.45081457337548386
STRICT,config_random80,SVC,maxabs,smoteenn,off,0.40179758650815023,0.20420427475893477,0.408248290463863,-0.3853551092995474,0.8528028654224417,456,1.238157974721989,0.5082267331010775
STRICT,config_kfold,RandomForestClassifier,maxabs,smoteenn,off,0.4014463051082065,0.04853925398421418,0.3994279349524853,0.2381682146206787,0.5481882491165907,10368,0.310020034495912,0.12091094965024234
IMPUTED,config_loo,RandomForestClassifier,standard,none,off,0.40141571999944936,0.03583728239844525,0.4001282211134743,0.3079408810257198,0.4596918965144823,29,0.15175101548876246,0.08927722710633855
STRICT,config_kfold,SVC,standard,none,off,0.4013681954590551,0.0567453684091338,0.4033620632874477,0.2101125758691203,0.5241317837755497,225,0.3140192079064294,0.1413798329093631
IMPUTED,config_random80,KNeighborsClassifier,standard,smoteenn,off,0.40136710282032684,0.15584592576414416,0.4330127018922193,-0.0592864861199925,0.7419408268023742,1280,0.8012273129223667,0.38828774124497456
STRICT,config_strat80,KNeighborsClassifier,none,smote,off,0.40129742601162255,0.10902413192626934,0.4075500715665535,0.0476190476190476,0.670721181477857,1280,0.6231021338588094,0.2716791209199327
STRICT,config_kfold,SVC,robust,none,off,0.40121154791955393,0.05686788201776865,0.4065831260993005,0.2523165906347824,0.5491212626972904,225,0.29680467206250805,0.14174039185225823
IMPUTED,config_loo,GaussianNB,standard,undersample,on,0.40102755421777747,0.02196207602076022,0.4008020875091258,0.3597531123369121,0.4387725362554147,39,0.07901942391850258,0.05476450630330938
IMPUTED,config_loo,GaussianNB,standard,smote,on,0.4010199798111311,0.0345120758448286,0.4001282211134743,0.3433394226332655,0.4869960848229163,66,0.14365666218965079,0.08606073907111261
STRICT,config_strat80,RandomForestClassifier,none,undersample,off,0.4008734208500873,0.09021764290821178,0.4075500715665535,0.1614681617175281,0.6831300510639732,2880,0.5216618893464451,0.2250526929844771
STRICT,config_strat80,RandomForestClassifier,robust,undersample,off,0.400722053190588,0.08799934082102435,0.4075500715665535,0.1614681617175281,0.6831300510639732,2880,0.5216618893464451,0.2196019413465394
STRICT,config_kfold,SVC,maxabs,smoteenn,on,0.4006507814762689,0.15003320988717975,0.44966790864083445,-0.1105874108070538,0.625485802472199,6272,0.7360732132792528,0.374473773230532
STRICT,config_strat80,KNeighborsClassifier,none,none,off,0.400511674665338,0.12288939537518753,0.4000661320993193,0.0,0.6831300510639732,320,0.6831300510639732,0.30683099432213107
IMPUTED,config_random80,GaussianNB,maxabs,undersample,on,0.40050962563549586,0.14627077555097218,0.4107200484084535,0.0585540043769119,0.7125253031944253,840,0.6539712988175134,0.3652116358474074
IMPUTED,config_strat80,QuadraticDiscriminantAnalysis,robust,undersample,off,0.40038525255201507,0.13063675175396547,0.3768673314407159,0.1733842893726021,0.6640043458717375,120,0.4906200564991354,0.32627763115973935
IMPUTED,config_random80,KNeighborsClassifier,standard,smoteenn,on,0.40034146434511564,0.1553352079305023,0.4204034376920114,-0.1409633438703436,0.7453559924999299,8960,0.8863193363702735,0.3880067936120528
STRICT,config_strat80,RandomForestClassifier,standard,undersample,off,0.4002274461262925,0.08986664563903113,0.4075500715665535,0.1614681617175281,0.6831300510639732,2880,0.5216618893464451,0.22453893781855616
STRICT,config_kfold,GaussianNB,standard,smoteenn,on,0.40004406525954334,0.06126469885999353,0.4053539033599804,0.2036910408339974,0.5445192583476979,3024,0.3408282175137005,0.153144876228187
STRICT,config_strat80,LogisticRegression,none,none,off,0.3997447833830448,0.12005226272113023,0.4256887899825743,0.0593913870916498,0.5921565254637922,120,0.5327651383721423,0.30032227489031005
STRICT,config_loo,LinearDiscriminantAnalysis,maxabs,smoteenn,off,0.3993033931220429,0.022522418338487282,0.3988600059470865,0.3751791505309029,0.4243144100630957,8,0.04913525953219283,0.05640427486075367
IMPUTED,config_random80,SVC,maxabs,smote,on,0.3991580292999877,0.25259651866669397,0.4475323507759939,-0.6201736729460423,0.8563488385776753,3360,1.4765225115237177,0.6328233434504076
IMPUTED,config_kfold,GaussianNB,maxabs,undersample,on,0.39911182829134795,0.059861888306589825,0.3975207282356693,0.2296584644918394,0.5280355258122942,1176,0.2983770613204548,0.14998775797466768
IMPUTED,config_loo,RandomForestClassifier,none,smoteenn,off,0.39907959632003925,0.033600760762711575,0.3963896244052417,0.3111294988282684,0.4871492684262215,230,0.17601976959795312,0.08419563684174339
STRICT,config_kfold,KNeighborsClassifier,none,smote,off,0.39906927170745105,0.04368685050522272,0.4019690276214233,0.2473991210057795,0.5168727306857341,2560,0.26947360967995465,0.10947184762761837
IMPUTED,config_strat80,QuadraticDiscriminantAnalysis,robust,undersample,on,0.39884168891693883,0.14901306237655085,0.3816425120772946,-0.1224264366039326,0.717973623597536,840,0.8404000602014686,0.3736145606573833
IMPUTED,config_kfold,LinearDiscriminantAnalysis,robust,none,on,0.3986666160898597,0.09627939018634618,0.42778473326465044,0.1004395308792111,0.539033873099531,280,0.4385943422203199,0.24150351772781684
STRICT,config_strat80,RandomForestClassifier,maxabs,undersample,off,0.39860539465933365,0.0897149010821194,0.4075500715665535,0.1614681617175281,0.6831300510639732,2880,0.5216618893464451,0.2250719691307586
STRICT,config_kfold,GaussianNB,maxabs,none,off,0.39854351428915136,0.03319788015617616,0.4026026874452868,0.3330884117731031,0.4510271023753965,108,0.1179386906022934,0.0832980062801635
STRICT,config_kfold,GaussianNB,none,none,off,0.39854351428915136,0.03319788015617616,0.4026026874452868,0.3330884117731031,0.4510271023753965,108,0.1179386906022934,0.0832980062801635
STRICT,config_kfold,GaussianNB,robust,none,off,0.39854351428915136,0.03319788015617616,0.4026026874452868,0.3330884117731031,0.4510271023753965,108,0.1179386906022934,0.0832980062801635
STRICT,config_kfold,GaussianNB,standard,none,off,0.39854351428915136,0.03319788015617616,0.4026026874452868,0.3330884117731031,0.4510271023753965,108,0.1179386906022934,0.0832980062801635
STRICT,config_kfold,RandomForestClassifier,robust,smoteenn,off,0.3984260368321964,0.05155247355445581,0.3966408878044443,0.2251987928281803,0.5588335001049229,10368,0.3336347072767426,0.12939032289239663
IMPUTED,config_strat80,LogisticRegression,maxabs,smoteenn,off,0.3983980232939281,0.19796501714432643,0.41676959093402977,0.0,0.8643121965600912,480,0.8643121965600912,0.4969026088723156
STRICT,config_strat80,GaussianNB,none,smoteenn,off,0.39819106544107774,0.1330534887348637,0.4075500715665535,0.132110314132523,0.6825396825396826,240,0.5504293684071595,0.3341448371963842
IMPUTED,config_strat80,QuadraticDiscriminantAnalysis,standard,smoteenn,off,0.39814819821409064,0.16133359249379595,0.4116833908670255,0.072463768115942,0.8454106280193237,240,0.7729468599033816,0.40520990228629467
STRICT,config_strat80,GaussianNB,robust,smoteenn,off,0.397959821258598,0.14002827010154617,0.4075500715665535,0.1166423687039608,0.7566444492037344,240,0.6400020804997736,0.35186534574945066
STRICT,config_strat80,KNeighborsClassifier,none,smoteenn,off,0.3977616697089794,0.10812956118149741,0.4075500715665535,0.0727392967453307,0.670721181477857,1280,0.5979818847325262,0.2718451007624991
IMPUTED,config_random80,GaussianNB,robust,smoteenn,off,0.397683908356126,0.15354002910045866,0.4117980140314096,0.024049303512194,0.7453559924999299,240,0.7213066889877359,0.3860855968126413
IMPUTED,config_random80,QuadraticDiscriminantAnalysis,robust,undersample,off,0.3976740721924842,0.15326663880200092,0.3792549217590052,0.0426042961498035,0.8320502943378436,120,0.7894459981880401,0.3854076730650321
STRICT,config_random80,SVC,robust,undersample,on,0.3976650173643858,0.19145013797750482,0.3947710169758614,-0.2696799449852968,0.7925270806437588,1596,1.0622070256290557,0.4814357049719475
IMPUTED,config_strat80,GaussianNB,robust,undersample,on,0.39760093958541404,0.1740380606151606,0.38737781366765,-0.0897303170096942,0.777878154009821,840,0.8676084710195151,0.43772044602468335
STRICT,config_loo,SVC,standard,none,on,0.39750697626535697,0.08779108321083784,0.4142927184483611,0.0740114916448159,0.4995280791775298,58,0.4255165875327139,0.22085419490155725
IMPUTED,config_kfold,GaussianNB,standard,smote,on,0.39731163661372626,0.04881979096981489,0.39899073577468913,0.2520224586935834,0.5292373743812683,2352,0.27721491568768486,0.12287531114342466
STRICT,config_kfold,KNeighborsClassifier,standard,undersample,on,0.39721531525702913,0.06550207516366026,0.3984482163401672,0.1794118990127182,0.6000757412197869,8960,0.4206638422070687,0.16490319644718465
STRICT,config_kfold,GaussianNB,none,smoteenn,off,0.3971258341410388,0.04738156152666026,0.4002346792480029,0.2946203897328961,0.5124000435820427,432,0.2177796538491466,0.11931120429156657
IMPUTED,config_random80,GaussianNB,standard,smoteenn,off,0.39710663475230373,0.1532148128373426,0.4032441137045824,-0.1298662389658481,0.647150228929434,240,0.777016467895282,0.3858278845754131
IMPUTED,config_strat80,QuadraticDiscriminantAnalysis,robust,smoteenn,off,0.39706939462361035,0.1591111791983835,0.3816425120772946,0.0556483802745148,0.8454106280193237,240,0.7897622477448089,0.4007137829124504
STRICT,config_random80,SVC,maxabs,smoteenn,on,0.39689711920829424,0.2163200697787422,0.39738550848793075,-0.4629100498862757,0.9211323729436768,3192,1.3840424228299524,0.5450280672488731
STRICT,config_loo,QuadraticDiscriminantAnalysis,maxabs,undersample,on,0.39666075405282114,0.09378837765875264,0.416809222110431,0.131029661797675,0.5055269747640231,74,0.3744973129663481,0.23644481260241682
STRICT,config_loo,QuadraticDiscriminantAnalysis,standard,undersample,off,0.3965528369093141,0.02501389924982295,0.40105986487851986,0.3674219716109345,0.4265947831441164,12,0.059172811533181935,0.06307835153766223
IMPUTED,config_kfold,GaussianNB,robust,undersample,on,0.3964467993648825,0.08232709996401824,0.41476897335900786,0.1352462671893316,0.5569414572648034,1176,0.42169519007547174,0.20766241547644798
STRICT,config_kfold,KNeighborsClassifier,none,none,off,0.396209290418585,0.04200050740842897,0.39816683522913165,0.2641822255252211,0.5254493421569109,640,0.2612671166316898,0.1060058621140774
IMPUTED,config_kfold,KNeighborsClassifier,none,undersample,off,0.3961688503044426,0.055466136690280624,0.400721233962757,0.2177492608694566,0.5426691904978973,1278,0.32491992962844074,0.1400063045028824
STRICT,config_strat80,GaussianNB,standard,smoteenn,off,0.3961453201608634,0.13970579000651082,0.38560422967777286,0.1749635530559413,0.6825396825396826,240,0.5075761294837413,0.3526629822353581
IMPUTED,config_random80,KNeighborsClassifier,robust,smoteenn,off,0.39548244483874584,0.17069323214004836,0.4376973239219324,-0.113183291683622,0.7419408268023742,1280,0.8551241184859961,0.43160760829636036
IMPUTED,config_strat80,RandomForestClassifier,none,undersample,off,0.3954338519328539,0.1568334303386553,0.3816425120772946,0.0087567822915455,0.8459051693633014,2880,0.8371483870717559,0.39661103765412115
IMPUTED,config_kfold,GaussianNB,none,smoteenn,off,0.39520217448794365,0.04594527963471219,0.3929649781462229,0.2634366605627943,0.4968096984651426,336,0.2333730379023483,0.11625765899249584
IMPUTED,config_strat80,RandomForestClassifier,maxabs,undersample,off,0.3950698145653431,0.15758780023827232,0.3816425120772946,0.0087567822915455,0.8459051693633014,2880,0.8371483870717559,0.3988859549081239
IMPUTED,config_random80,LogisticRegression,robust,none,on,0.3949573824532307,0.19680884463351755,0.3826711433384386,-0.1210898699241207,0.8563488385776753,840,0.977438708501796,0.49830400285484694
STRICT,config_kfold,KNeighborsClassifier,standard,undersample,off,0.3947987329016345,0.06408119031692483,0.3940294741300526,0.2249866184159134,0.5669178396681736,1280,0.34193122125226016,0.1623135663226429
STRICT,config_loo,QuadraticDiscriminantAnalysis,robust,undersample,off,0.39471747722949196,0.0177897654939014,0.39150229833805916,0.3674219716109345,0.4157585653328594,12,0.04833659372192489,0.04506961692896686
STRICT,config_kfold,GaussianNB,robust,smote,on,0.39470105308688774,0.08808275550220798,0.40602906791849436,0.058553730493448,0.5665729516568258,3024,0.5080192211633777,0.22316321381290521
STRICT,config_strat80,RandomForestClassifier,none,smote,off,0.3943216352446245,0.10905740182732995,0.4000661320993193,0.0593913870916498,0.8427009716003844,5760,0.7833095845087346,0.2765696631372363
STRICT,config_strat80,SVC,maxabs,smote,on,0.39416699068676025,0.22171201966595727,0.4285714285714285,-0.5991446895152781,0.8412698412698413,3360,1.4404145307851195,0.5624824627746394
IMPUTED,config_loo,LogisticRegression,none,undersample,off,0.39415055124093534,0.01604929859652476,0.3873089124582123,0.3765892518371325,0.422235951603033,24,0.04564669976590052,0.04071870138452296
STRICT,config_strat80,LinearDiscriminantAnalysis,none,undersample,off,0.3935954122851225,0.09537719154340357,0.41661943077456387,0.1614681617175281,0.554051251343814,40,0.39258308962628596,0.24232292492858593
STRICT,config_strat80,LinearDiscriminantAnalysis,maxabs,undersample,off,0.3935954122851225,0.09537719154340359,0.41661943077456387,0.1614681617175281,0.554051251343814,40,0.39258308962628596,0.24232292492858598
STRICT,config_strat80,LinearDiscriminantAnalysis,robust,undersample,off,0.3935954122851225,0.09537719154340359,0.41661943077456387,0.1614681617175281,0.554051251343814,40,0.39258308962628596,0.24232292492858598
STRICT,config_strat80,LinearDiscriminantAnalysis,standard,undersample,off,0.3935954122851225,0.09537719154340359,0.41661943077456387,0.1614681617175281,0.554051251343814,40,0.39258308962628596,0.24232292492858598
IMPUTED,config_loo,GaussianNB,robust,none,off,0.3930437181515776,0.0,0.3930437181515777,0.3930437181515777,0.3930437181515777,6,0.0,0.0
IMPUTED,config_loo,GaussianNB,standard,none,off,0.3930437181515776,0.0,0.3930437181515777,0.3930437181515777,0.3930437181515777,3,0.0,0.0
IMPUTED,config_strat80,RandomForestClassifier,standard,undersample,off,0.3929488968328206,0.1563832776650823,0.3816425120772946,-0.0695048046856915,0.8459051693633014,2880,0.9154099740489929,0.3979735760185002
IMPUTED,config_strat80,RandomForestClassifier,robust,undersample,off,0.3929305879615535,0.15791276219315764,0.3816425120772946,-0.0695048046856915,0.8459051693633014,2880,0.9154099740489929,0.40188462550695775
IMPUTED,config_kfold,KNeighborsClassifier,maxabs,undersample,on,0.3929010748801499,0.05544918567479527,0.3951445307618265,0.1914013743158203,0.568282941972886,8942,0.3768815676570657,0.14112759984611756
IMPUTED,config_strat80,KNeighborsClassifier,standard,undersample,on,0.39281831578367965,0.1554015163116405,0.3768673314407159,0.0087567822915455,0.9229582069908971,4480,0.9142014246993516,0.395606594874813
IMPUTED,config_kfold,KNeighborsClassifier,maxabs,undersample,off,0.39274970087987604,0.05603434371092576,0.3933639965765283,0.1844867051422196,0.5422422166434743,1278,0.3577555115012547,0.14267189404700292
IMPUTED,config_kfold,QuadraticDiscriminantAnalysis,standard,undersample,on,0.39249584499956897,0.05466111148572537,0.3968422491375966,0.2436581649730592,0.5507751963162255,1680,0.3071170313431663,0.1392654525700403
IMPUTED,config_random80,KNeighborsClassifier,standard,smote,on,0.3922288420628121,0.14259212773830335,0.3892494720807615,-0.0256410256410256,0.7977240352174656,8960,0.8233650608584911,0.3635431983746581
STRICT,config_random80,GaussianNB,none,smoteenn,off,0.39218648478562385,0.10260324464622914,0.3752141853706119,0.2078698548207745,0.6590909090909091,228,0.4512210542701346,0.26161851217875065
STRICT,config_kfold,GaussianNB,robust,undersample,on,0.3921780347574315,0.09803506470181284,0.41715798274424276,0.0217962448919454,0.5353883040918136,1512,0.5135920591998682,0.24997591913185324
IMPUTED,config_loo,SVC,none,undersample,off,0.39217716737198616,0.028552522709397073,0.3851461956813939,0.3653691567743417,0.4484638800817062,15,0.0830947233073645,0.07280516329068837
STRICT,config_loo,KNeighborsClassifier,none,smote,off,0.3921722788563507,0.03446187195191699,0.3949667226034329,0.3044330637775729,0.4570621065928872,128,0.1526290428153143,0.08787431904267785
STRICT,config_loo,GaussianNB,maxabs,smoteenn,off,0.39181822196853766,0.030143571372544347,0.3949667226034329,0.3658714928077655,0.439513679443555,13,0.07364218663578953,0.07693254086320882
IMPUTED,config_random80,KNeighborsClassifier,robust,undersample,on,0.39156836685286794,0.16905565747599546,0.4107200484084535,-0.1636363636363636,0.8320502943378436,4480,0.9956866579742072,0.4317398232005759
IMPUTED,config_random80,QuadraticDiscriminantAnalysis,robust,undersample,on,0.39148868959375865,0.17946965319694114,0.4032441137045824,-0.0496903994999953,0.8320502943378436,840,0.8817406938378389,0.4584287055219241
STRICT,config_random80,RandomForestClassifier,maxabs,smoteenn,off,0.391397749223914,0.12288376687818311,0.380198765217406,0.040291148201269,0.7366351076087241,5472,0.6963439594074551,0.3139613529251104
IMPUTED,config_random80,KNeighborsClassifier,maxabs,undersample,on,0.39138424278210854,0.16577413279475492,0.4118415294481012,-0.2067245576486807,0.7977240352174656,4480,1.0044485928661464,0.4235585255460698
IMPUTED,config_loo,KNeighborsClassifier,maxabs,undersample,on,0.39136379928158455,0.04649751363717373,0.3903217867076899,0.2394288816536626,0.4973160058812252,448,0.2578871242275626,0.11880892847659363
STRICT,config_loo,LogisticRegression,maxabs,none,on,0.39116292378160156,0.13167178525705248,0.467963735226799,0.1311551228822955,0.5282290796339174,70,0.39707395675162194,0.33661622114924405
STRICT,config_kfold,GaussianNB,maxabs,smote,on,0.39066855754277663,0.04740328958999473,0.39118613980154154,0.2645324915554398,0.5196355397540924,3024,0.2551030481986526,0.12133889117709264
IMPUTED,config_loo,LogisticRegression,maxabs,none,on,0.39057505442479534,0.12317492178715633,0.4595638849768418,0.1703436528064454,0.5063699562850209,70,0.33602630347857554,0.3153681229554139
IMPUTED,config_loo,GaussianNB,maxabs,smote,on,0.3905501136710149,0.040026106975369964,0.382863393739089,0.3397315084925725,0.4811788488769512,69,0.14144734038437873,0.10248648143804277
IMPUTED,config_loo,KNeighborsClassifier,standard,undersample,on,0.3903900078964501,0.05055620352456018,0.3894716292350307,0.2523785366545485,0.5131499624988188,448,0.2607714258442703,0.12950178667987342
STRICT,config_strat80,KNeighborsClassifier,maxabs,undersample,on,0.3901892288405655,0.13632857498537074,0.4075500715665535,-0.1111111111111111,0.7715167498104595,4480,0.8826278609215705,0.34939092345133826
IMPUTED,config_random80,LogisticRegression,maxabs,smoteenn,off,0.38989139093738634,0.179021386170043,0.4043075072909,0.0,0.7624437362098716,480,0.7624437362098716,0.4591570635597658
STRICT,config_kfold,KNeighborsClassifier,robust,smoteenn,off,0.3898052191144852,0.0637145413245159,0.398659688628518,0.1528647131221549,0.5500125525288166,2560,0.39714783940666176,0.1634522530746389
IMPUTED,config_loo,LogisticRegression,maxabs,smoteenn,off,0.38979416262039285,0.1101558743604861,0.4276513168068494,0.0692921118885075,0.4873594241525277,48,0.4180673122640202,0.2826001128902567
IMPUTED,config_random80,GaussianNB,maxabs,smoteenn,off,0.3895807165444072,0.13212881017354897,0.41083802233489675,0.1490711984999859,0.647150228929434,240,0.49807903042944807,0.33915644322833927
STRICT,config_kfold,GaussianNB,robust,smoteenn,off,0.3893357624371731,0.045255726482663954,0.3877916155446183,0.2892770695062549,0.4986426010845297,432,0.20936553157827476,0.11623829827337488
IMPUTED,config_random80,RandomForestClassifier,none,undersample,off,0.38913543615258783,0.14392090553860085,0.3892494720807615,-0.0496903994999953,0.7624437362098716,2880,0.8121341357098669,0.36984785287497324
IMPUTED,config_strat80,RandomForestClassifier,maxabs,smoteenn,off,0.38907297622326364,0.1566142854106353,0.38737781366765,0.0087567822915455,0.777878154009821,5760,0.7691213717182754,0.4025319027059966
IMPUTED,config_strat80,KNeighborsClassifier,maxabs,undersample,on,0.38906277441011755,0.20909622553243767,0.38737781366765,-0.1326193317473155,0.92783056924063,4480,1.0604499009879456,0.5374357026304086
STRICT,config_random80,GaussianNB,standard,smote,on,0.3888769552992926,0.16520077916638223,0.3853551092995474,-0.0709864675025482,0.8295454545454546,1596,0.9005319220480028,0.42481503960356365
IMPUTED,config_random80,RandomForestClassifier,robust,undersample,off,0.3887230008991605,0.14302939008199128,0.3892494720807615,-0.0496903994999953,0.7624437362098716,2880,0.8121341357098669,0.36794681495859016
STRICT,config_strat80,KNeighborsClassifier,none,undersample,off,0.3887152438213711,0.10145462524018878,0.4000661320993193,0.132110314132523,0.6546536707079772,640,0.5225433565754543,0.2609998626316052
IMPUTED,config_loo,KNeighborsClassifier,none,smoteenn,off,0.38868319133282625,0.03135474050617128,0.3913260843009445,0.3206386777701096,0.4726168338543748,128,0.15197815608426518,0.0806691444480872
STRICT,config_kfold,GaussianNB,standard,smoteenn,off,0.3885448059202038,0.036663201140152965,0.3931513168408751,0.2935633161669947,0.5073403325690791,432,0.21377701640208435,0.09436029148124182
STRICT,config_kfold,KNeighborsClassifier,none,smoteenn,off,0.3885309246743615,0.04126533841643466,0.3872382394671807,0.2714097506841383,0.5270966177363523,2560,0.255686867052214,0.10620863307346844
STRICT,config_loo,RandomForestClassifier,none,undersample,off,0.3885218221998985,0.02610649054946292,0.3863611644241803,0.3319853507185481,0.4464053981517132,144,0.11442004743316508,0.06719439953627845
IMPUTED,config_loo,LinearDiscriminantAnalysis,maxabs,undersample,off,0.3885154105418397,0.02354302872803025,0.3885154105418397,0.3681265495813386,0.4089042715023407,4,0.0407777219210021,0.06059741284186428
IMPUTED,config_loo,LinearDiscriminantAnalysis,none,undersample,off,0.3885154105418397,0.02354302872803025,0.3885154105418397,0.3681265495813386,0.4089042715023407,4,0.0407777219210021,0.06059741284186428
IMPUTED,config_loo,LinearDiscriminantAnalysis,robust,undersample,off,0.3885154105418397,0.02354302872803025,0.3885154105418397,0.3681265495813386,0.4089042715023407,4,0.0407777219210021,0.06059741284186428
IMPUTED,config_loo,LinearDiscriminantAnalysis,standard,undersample,off,0.3885154105418397,0.02354302872803025,0.3885154105418397,0.3681265495813386,0.4089042715023407,4,0.0407777219210021,0.06059741284186428
IMPUTED,config_random80,GaussianNB,standard,smote,on,0.3884859652870517,0.15685973868263647,0.40761998294319934,0.024049303512194,0.7453559924999299,1680,0.7213066889877359,0.40377195754480616
STRICT,config_loo,RandomForestClassifier,robust,undersample,off,0.3880865259031858,0.02620465301510596,0.3949667226034329,0.3319853507185481,0.4464053981517132,116,0.11442004743316508,0.06752270760784701
IMPUTED,config_random80,RandomForestClassifier,standard,undersample,off,0.3880473664097573,0.14464722583808406,0.3779644730092272,-0.0496903994999953,0.7624437362098716,2880,0.8121341357098669,0.37275662292562584
IMPUTED,config_loo,GaussianNB,none,smoteenn,off,0.3879195551589684,0.03176701030670507,0.4090975620301051,0.345563541416695,0.4090975620301051,9,0.06353402061341012,0.0818907164751904
IMPUTED,config_loo,SVC,standard,none,on,0.3877103940896839,0.062811502036003,0.4076832927897169,0.2264155831645574,0.4496182459111359,54,0.22320266274657852,0.16200623711283235
STRICT,config_strat80,SVC,robust,none,off,0.38726742161010225,0.12237579399188105,0.4000661320993193,0.0975900072948533,0.5991446895152781,120,0.5015546822204248,0.31599816344760345
STRICT,config_kfold,KNeighborsClassifier,robust,undersample,off,0.3872201491408619,0.0684111430981125,0.389141251025893,0.2042640253969989,0.5489437908706808,1280,0.3446797654736819,0.1766724775296393
IMPUTED,config_kfold,KNeighborsClassifier,standard,undersample,on,0.38721023088633993,0.06185551123019314,0.3895855680167329,0.1612411135432993,0.5906875932391176,8946,0.4294464796958183,0.15974658285397925
IMPUTED,config_strat80,QuadraticDiscriminantAnalysis,standard,undersample,off,0.38719433513109597,0.12632144259219596,0.3621956774345869,0.1733842893726021,0.6279257387790121,120,0.45454144940641006,0.3262481682471572
STRICT,config_strat80,LogisticRegression,none,smote,off,0.387069907101204,0.1306261592569531,0.4075500715665535,0.0593913870916498,0.670721181477857,480,0.6113297943862072,0.33747433437856833
IMPUTED,config_kfold,GaussianNB,robust,smoteenn,off,0.38704543896496285,0.042354680081439576,0.3815803079151784,0.3234881546241636,0.5127062154374868,336,0.18921806081332326,0.1094307691487193
STRICT,config_loo,GaussianNB,standard,undersample,on,0.3869758689423324,0.031992200613222326,0.4051084364747354,0.3371106829830536,0.4157046551561493,38,0.07859397217309572,0.08267234001092157
STRICT,config_strat80,SVC,maxabs,smoteenn,on,0.3868037367427973,0.20771427342090398,0.4256887899825743,-0.408248290463863,0.8412698412698413,3360,1.2495181317337043,0.5370017238458642
IMPUTED,config_random80,RandomForestClassifier,maxabs,undersample,off,0.38666834078232243,0.1441100909848596,0.3779644730092272,-0.077766274741735,0.7624437362098716,2880,0.8402100109516066,0.3726968975357291
IMPUTED,config_random80,QuadraticDiscriminantAnalysis,standard,undersample,off,0.38664082731125526,0.14906905644999288,0.3726694979019743,0.0426042961498035,0.8320502943378436,120,0.7894459981880401,0.38554918653220416
IMPUTED,config_loo,QuadraticDiscriminantAnalysis,standard,none,off,0.38657947867012205,0.03598027654248868,0.3675836718454874,0.3593677802403692,0.4327869839245096,6,0.0734192036841404,0.09307342610700645
STRICT,config_loo,RandomForestClassifier,standard,undersample,off,0.3865101217250283,0.02421425527302092,0.3946339545592893,0.3319853507185481,0.4310327213704001,145,0.09904737065185198,0.06264843767855442
STRICT,config_kfold,KNeighborsClassifier,maxabs,none,on,0.3864294996520447,0.052126458731412854,0.3876899737313414,0.2227386526878226,0.5704790222368226,4480,0.34774036954899995,0.13489254515597135
STRICT,config_loo,GaussianNB,robust,smote,on,0.3862002427225032,0.07939734043215087,0.40769678422031397,0.2131520470100193,0.5191666310513465,80,0.3060145840413272,0.20558594130454835
STRICT,config_kfold,SVC,standard,none,on,0.38619568674140425,0.08136194199136196,0.4007724036911554,0.1281108794894642,0.5370578205865097,1575,0.40894694109704555,0.21067542902373668
STRICT,config_random80,KNeighborsClassifier,none,undersample,off,0.38601094983174505,0.16033807748511714,0.3922322702763681,-0.040291148201269,0.7416198487095663,632,0.7819109969108353,0.41537183739219186
STRICT,config_strat80,LinearDiscriminantAnalysis,maxabs,none,on,0.3859832134008263,0.11543669055688524,0.3851644432598216,0.1543033499620919,0.6825396825396826,140,0.5282363325775906,0.29907179003924556
STRICT,config_loo,RandomForestClassifier,maxabs,undersample,off,0.38583746493343896,0.026409885794232618,0.3863611644241803,0.3319853507185481,0.4464053981517132,116,0.11442004743316508,0.06844821510215086
IMPUTED,config_loo,KNeighborsClassifier,maxabs,undersample,off,0.3856760792295547,0.04913945228500328,0.3795376123933081,0.3170634555266583,0.5209216463552779,64,0.2038581908286196,0.12741120056801716
IMPUTED,config_random80,LinearDiscriminantAnalysis,robust,none,on,0.3856285975869606,0.20918932581461885,0.3478327964999673,-0.1210898699241207,0.7419408268023742,140,0.8630306967264949,0.5424632071469905
STRICT,config_kfold,LinearDiscriminantAnalysis,maxabs,none,on,0.3855819137274136,0.07446994198125804,0.39771499946144334,0.1948854407349097,0.5298757462646797,280,0.33499030552977,0.19313650181710657
STRICT,config_loo,KNeighborsClassifier,none,smoteenn,off,0.38529500450551313,0.03188288688401282,0.38264958060850635,0.3128215573694414,0.4512363246319161,128,0.1384147672624747,0.08274928693905922
STRICT,config_random80,LinearDiscriminantAnalysis,robust,smoteenn,on,0.3852303627507045,0.1836069602621052,0.3853551092995474,-0.0533001790889026,0.8528028654224417,560,0.9061030445113443,0.476616014768606
IMPUTED,config_kfold,GaussianNB,maxabs,smote,on,0.38513342437364684,0.04868133787931964,0.38827679501478124,0.2622500990567733,0.4989753258287794,2352,0.23672522677200608,0.12640122824574743
STRICT,config_kfold,RandomForestClassifier,standard,smoteenn,off,0.3850794497917617,0.05095488340740054,0.3883902554157853,0.1620450519207382,0.5249343615166563,10368,0.3628893095959181,0.1323230399206067
STRICT,config_strat80,SVC,standard,none,off,0.38504151934433245,0.123845633430803,0.4000661320993193,0.0975900072948533,0.5991446895152781,120,0.5015546822204248,0.32164228325738325
IMPUTED,config_kfold,GaussianNB,robust,smote,on,0.38502536671238335,0.07020529527718551,0.3969517165096157,0.0905971382487417,0.5079538319485194,2352,0.4173566936997777,0.182339402405217
IMPUTED,config_strat80,KNeighborsClassifier,standard,undersample,off,0.3845438535604323,0.17740421606309817,0.3768673314407159,0.0281160778557766,0.7679476477883045,640,0.7398315699325279,0.46133676151767833
IMPUTED,config_strat80,KNeighborsClassifier,maxabs,smoteenn,on,0.3844153506160595,0.1841455578253958,0.3768673314407159,-0.0281160778557766,0.92783056924063,8960,0.9559466470964066,0.4790275870364861
IMPUTED,config_loo,GaussianNB,standard,smoteenn,on,0.3843284253829699,0.04198423622886088,0.3819445046760319,0.3110712195974667,0.4418896499254298,63,0.1308184303279631,0.10924051789046062
STRICT,config_kfold,RandomForestClassifier,none,smoteenn,off,0.3843058524609748,0.047942252196413994,0.38740317467267116,0.214553717789956,0.54519101631357,10368,0.330637298523614,0.1247502526683025
STRICT,config_random80,LinearDiscriminantAnalysis,maxabs,smoteenn,off,0.38412415599024896,0.15715513678066972,0.3617591828043065,0.1,0.7385489458759964,80,0.6385489458759964,0.4091258889343557
STRICT,config_strat80,GaussianNB,maxabs,smoteenn,on,0.38391341257666634,0.17780715764525495,0.3860440160957241,-0.0657951694959769,0.7637626158259733,1680,0.8295577853219501,0.46314390646549086
IMPUTED,config_loo,LogisticRegression,maxabs,undersample,off,0.3838310610109741,0.06312228612362578,0.4135179228034119,0.3011276910109233,0.4986331041694657,22,0.19750541315854242,0.16445330390241933
IMPUTED,config_strat80,RandomForestClassifier,robust,smoteenn,off,0.38379041298142624,0.15882054389079098,0.3768673314407159,0.0304679179289162,0.92783056924063,5760,0.8973626513117138,0.4138210297047654
STRICT,config_strat80,GaussianNB,maxabs,undersample,on,0.38363824179038764,0.17120618305046761,0.3860440160957241,0.0146789237925025,0.7094390134677043,840,0.6947600896752019,0.4462698563403679
STRICT,config_loo,GaussianNB,robust,none,on,0.3833912314891721,0.031362219592765764,0.4011800108213548,0.3464635745848292,0.4399869661164923,25,0.09352339153166311,0.08180213060937339
IMPUTED,config_loo,GaussianNB,robust,smoteenn,off,0.3826595704819258,0.029335581965193282,0.3712612725458722,0.3596591513526554,0.4284565854833033,12,0.06879743413064787,0.07666235010991028
IMPUTED,config_loo,LinearDiscriminantAnalysis,robust,none,on,0.38249025600090814,0.08467260727505753,0.4116757779017574,0.2327814256297667,0.453110138691783,14,0.22032871306201632,0.2213719328705108
IMPUTED,config_random80,LogisticRegression,maxabs,undersample,off,0.38217959933539836,0.1736410613274855,0.4040950971038548,0.0,0.7125253031944253,240,0.7125253031944253,0.45434413984797556
STRICT,config_kfold,KNeighborsClassifier,standard,smoteenn,on,0.38213365274446204,0.05388815227053279,0.3819767630008399,0.2003115349027631,0.5830578365402022,17920,0.38274630163743906,0.14101912219327234
IMPUTED,config_loo,RandomForestClassifier,maxabs,smoteenn,off,0.38184657533741484,0.02604385413641187,0.3832059252792875,0.3032551228282054,0.4481472365903107,232,0.1448921137621053,0.0682050221699605
STRICT,config_random80,QuadraticDiscriminantAnalysis,standard,none,off,0.3818277957683066,0.17724191110086235,0.4276686017238498,0.0237624228260878,0.7366351076087241,60,0.7128726847826363,0.4641933171581172
STRICT,config_strat80,GaussianNB,maxabs,smote,on,0.3815033426496643,0.20304046834177858,0.363696483726654,0.0146789237925025,0.8412698412698413,1680,0.8265909174773388,0.5322115054919224
STRICT,config_kfold,QuadraticDiscriminantAnalysis,robust,undersample,off,0.38140709841524584,0.06325310821057327,0.38617951694795427,0.1880141938030495,0.4939291442833676,240,0.3059149504803181,0.16584145516271512
STRICT,config_loo,SVC,robust,none,on,0.3812714138194738,0.12536877644968542,0.4183197550805415,-0.0736733269975054,0.4762179555106835,58,0.549891282508189,0.3288176661181465
IMPUTED,config_loo,QuadraticDiscriminantAnalysis,none,none,off,0.3812344735998616,0.01514687853655084,0.375934421069099,0.3675836718454874,0.4001853278849985,6,0.032601656039511095,0.03973113552277749
IMPUTED,config_loo,GaussianNB,none,undersample,off,0.38113410784747853,0.0,0.3811341078474785,0.3811341078474785,0.3811341078474785,3,0.0,0.0
IMPUTED,config_strat80,RandomForestClassifier,none,smoteenn,off,0.3810648307674085,0.17737571212002753,0.3816425120772946,-0.0087567822915455,0.777878154009821,5760,0.7866349363013665,0.46547384538956
STRICT,config_random80,QuadraticDiscriminantAnalysis,standard,none,on,0.3809943155369977,0.1732856749764678,0.4276686017238498,-0.1130667542166613,0.7416198487095663,420,0.8546866029262277,0.45482483047608707
IMPUTED,config_loo,KNeighborsClassifier,standard,smoteenn,on,0.3808536763700749,0.05065548724926085,0.38043536722088267,0.2550701296700218,0.5257228690148686,896,0.27065273934484685,0.13300511559205483
IMPUTED,config_kfold,LogisticRegression,maxabs,undersample,off,0.3807641158084922,0.1381200439778569,0.4036238472612307,0.0,0.5903292167724287,480,0.5903292167724287,0.3627443822655948
STRICT,config_strat80,KNeighborsClassifier,maxabs,smoteenn,on,0.3804786914639017,0.12729688670205502,0.365079365079365,-0.0593913870916498,0.8603834844182797,8960,0.9197748715099295,0.33457034403760416
IMPUTED,config_loo,KNeighborsClassifier,standard,undersample,off,0.38024324879172294,0.03672198711781941,0.3807418062247264,0.3095331521821217,0.4605249337343761,64,0.1509917815522544,0.09657498781242994
IMPUTED,config_kfold,GaussianNB,standard,smote,off,0.38021037262893564,0.03621518051298729,0.3823165290532856,0.2982993662089976,0.4624782385308423,336,0.1641788723218447,0.09525037484532625
STRICT,config_kfold,LogisticRegression,maxabs,undersample,off,0.38006698585716286,0.1457432041991063,0.41406032200183773,0.0,0.5759010819317039,480,0.5759010819317039,0.38346715085082306
STRICT,config_loo,LinearDiscriminantAnalysis,maxabs,none,on,0.3796929426551845,0.08363972605875264,0.3962176633250068,0.2362170789536534,0.4703339477104215,14,0.23411686875676807,0.22028254060731772
STRICT,config_loo,KNeighborsClassifier,maxabs,undersample,off,0.3796701020536692,0.0455902519049725,0.39166868236013097,0.3110633492465587,0.4896677380944952,64,0.1786043888479365,0.12007859364846163
IMPUTED,config_random80,KNeighborsClassifier,standard,smote,off,0.3795026112476621,0.1324395591540882,0.3779644730092272,0.0222222222222222,0.6546536707079771,1280,0.6324314484857549,0.348981944336764
STRICT,config_strat80,GaussianNB,maxabs,undersample,off,0.37941711748995033,0.1939511683259702,0.43557917017506936,0.0,0.6533052580081484,120,0.6533052580081484,0.5111819140081559
STRICT,config_strat80,GaussianNB,robust,undersample,off,0.37941711748995033,0.1939511683259702,0.43557917017506936,0.0,0.6533052580081484,120,0.6533052580081484,0.5111819140081559
STRICT,config_strat80,GaussianNB,standard,undersample,off,0.37941711748995033,0.1939511683259702,0.43557917017506936,0.0,0.6533052580081484,120,0.6533052580081484,0.5111819140081559
STRICT,config_strat80,GaussianNB,none,undersample,off,0.37941711748995033,0.19395116832597026,0.43557917017506936,0.0,0.6533052580081484,120,0.6533052580081484,0.5111819140081562
IMPUTED,config_loo,KNeighborsClassifier,maxabs,none,on,0.37941059197213484,0.04483139825604483,0.3720707550711956,0.2929718855077375,0.4670598871944305,223,0.17408800168669297,0.11816063969910834
STRICT,config_kfold,KNeighborsClassifier,maxabs,none,off,0.37931284581700087,0.0474664735153094,0.37888612505424346,0.2344092328665949,0.5029279133444015,640,0.2685186804778066,0.12513805962218733
IMPUTED,config_random80,GaussianNB,robust,smote,off,0.3791630582006494,0.1543853419039129,0.3567530340063379,0.0509647191437625,0.7453559924999299,240,0.6943912733561673,0.40717400750105165
STRICT,config_loo,GaussianNB,maxabs,undersample,on,0.37896717382402995,0.02884005804299439,0.3642871823752341,0.3464573618696652,0.4375871418875156,45,0.09112978001785038,0.07610173132405926
STRICT,config_kfold,GaussianNB,maxabs,smoteenn,on,0.37876579598384563,0.061595081860653746,0.3837913967869555,0.2047493602005393,0.5379573389215776,3024,0.3332079787210383,0.16262049665984302
IMPUTED,config_kfold,GaussianNB,standard,smoteenn,on,0.3786192290539324,0.04888226386373013,0.37892648969003984,0.2428429544855744,0.5422549979017177,2352,0.2994120434161433,0.1291066594421888
STRICT,config_random80,GaussianNB,standard,smoteenn,on,0.3785707117238933,0.1516613633070777,0.3731012536223182,-0.1066003581778052,0.7925270806437588,1596,0.899127438821564,0.4006156805328627
STRICT,config_strat80,GaussianNB,maxabs,smote,off,0.3784557686209202,0.15222213253319458,0.3967970438311388,0.1166423687039608,0.670721181477857,240,0.5540788127738961,0.4022190838519566
IMPUTED,config_strat80,SVC,maxabs,none,off,0.37836780293559874,0.20541117806311318,0.4127594582445936,0.0,0.687932430407656,120,0.687932430407656,0.5428875725402984
IMPUTED,config_kfold,KNeighborsClassifier,standard,undersample,off,0.3783467741406662,0.06049800015363203,0.3800982721586233,0.1880963644751676,0.517755524466834,1278,0.32965915999166645,0.15990092763719288
IMPUTED,config_kfold,GaussianNB,standard,smoteenn,off,0.37787946148002644,0.03982848494085773,0.37895797439096013,0.3019410861881173,0.4655535440957327,336,0.16361245790761536,0.10539997274491443
STRICT,config_strat80,SVC,none,smote,off,0.37786802660461405,0.14650274154276224,0.3860440160957241,0.0146789237925025,0.6831300510639732,480,0.6684511272714707,0.3877087533951552
STRICT,config_loo,QuadraticDiscriminantAnalysis,standard,smote,on,0.3778314893079936,0.04325900353073262,0.3805658065969889,0.3004488732433587,0.488667126122458,168,0.18821825287909927,0.1144928486769655
IMPUTED,config_random80,RandomForestClassifier,robust,smoteenn,off,0.3778303212610893,0.14423538569537844,0.3478327964999673,0.0585540043769119,0.7453559924999299,5760,0.686801988123018,0.38174645490060743
STRICT,config_kfold,KNeighborsClassifier,standard,smoteenn,off,0.37778557037944366,0.05694790368250423,0.3780801768705625,0.2268728787439515,0.5357181925839853,2560,0.30884531384003383,0.15074134151102273
STRICT,config_strat80,RandomForestClassifier,maxabs,smoteenn,off,0.37760180285806844,0.11408329754347568,0.365079365079365,0.0727392967453307,0.7486251134176306,5760,0.6758858166722999,0.30212593446318076
STRICT,config_kfold,KNeighborsClassifier,maxabs,smote,on,0.3775972361887131,0.06036593001881092,0.3785353964518854,0.1052806622846902,0.5855334481249809,17920,0.4802527858402907,0.15986856955870735
STRICT,config_kfold,QuadraticDiscriminantAnalysis,robust,undersample,on,0.37756835616845463,0.09366076399795627,0.40093935987720714,0.0515781047572493,0.5796467971114607,1680,0.5280686923542114,0.248063065846993
IMPUTED,config_kfold,KNeighborsClassifier,maxabs,none,on,0.37756622821733976,0.056602775623383256,0.3789074911745081,0.1969630566401215,0.5629463653313946,4471,0.36598330869127316,0.1499148265739509
IMPUTED,config_loo,KNeighborsClassifier,none,smote,off,0.37741515919773533,0.0345999020358117,0.3740636273067317,0.2951171877667274,0.4479289094204012,128,0.1528117216536738,0.09167597324219859
STRICT,config_kfold,GaussianNB,maxabs,smoteenn,off,0.3772126378828658,0.052341714838287555,0.3812068770358223,0.2602422542298491,0.4956380476253187,432,0.23539579339546962,0.13875917607654759
IMPUTED,config_random80,KNeighborsClassifier,robust,smote,off,0.3771737657932405,0.14085143850162274,0.3777777777777777,-0.0054762673121127,0.6813969328454993,1280,0.686873200157612,0.37343911818839176
STRICT,config_kfold,QuadraticDiscriminantAnalysis,standard,undersample,off,0.3771224877100021,0.06219357547473716,0.38692051558331464,0.1880141938030495,0.5012684764423415,240,0.313254282639292,0.1649161147944126
STRICT,config_random80,KNeighborsClassifier,none,none,off,0.3768860602273156,0.14251584072783882,0.380198765217406,-0.0657951694959769,0.6590909090909091,316,0.7248860785868859,0.37814038715542203
STRICT,config_random80,QuadraticDiscriminantAnalysis,standard,undersample,on,0.3768633753610699,0.15339185418769655,0.3424747597107866,0.0709864675025482,0.6895828271676111,840,0.6185963596650629,0.4070224495567737
IMPUTED,config_kfold,GaussianNB,maxabs,smoteenn,off,0.37667993438082015,0.042548258133829425,0.37055509121381935,0.2735240139672139,0.4695174635351476,336,0.19599344956793374,0.11295599858211057
STRICT,config_random80,KNeighborsClassifier,maxabs,undersample,on,0.3765937419622192,0.16215826913421286,0.380198765217406,-0.0811273914314836,0.8295454545454546,4417,0.9106728459769382,0.4305920440666297
IMPUTED,config_loo,KNeighborsClassifier,robust,undersample,off,0.3763548315943163,0.04036792828745947,0.3660188039001367,0.3096146870322963,0.4498141818342719,64,0.14019949480197563,0.10726028975489073
IMPUTED,config_kfold,RandomForestClassifier,maxabs,smoteenn,off,0.3762981346402787,0.04644924777722329,0.3780691801244026,0.2400362401740826,0.509577361707245,8064,0.2695411215331624,0.12343735857640202
IMPUTED,config_kfold,KNeighborsClassifier,none,smote,off,0.3761583416908844,0.04506909269170166,0.3781795206220561,0.2229528645984079,0.5157327905564109,2556,0.29277992595800295,0.11981415190504556
IMPUTED,config_strat80,QuadraticDiscriminantAnalysis,robust,smoteenn,on,0.3760389270828677,0.1609274009486627,0.3759112094884605,-0.0401286176952564,0.8459051693633014,1680,0.8860337870585578,0.4279541009146618
STRICT,config_loo,QuadraticDiscriminantAnalysis,standard,smoteenn,on,0.3760279852943696,0.04679580465504615,0.374173046816084,0.2846595832492919,0.4777053374829322,168,0.1930457542336403,0.12444766476200579
STRICT,config_kfold,GaussianNB,standard,none,on,0.3756482246744,0.07965591426922981,0.3852931636126351,0.1817282926942937,0.5248765346119089,756,0.34314824191761517,0.21204922328136394
IMPUTED,config_strat80,RandomForestClassifier,standard,smoteenn,off,0.3755137276727063,0.1804470011156165,0.3768673314407159,-0.0087567822915455,0.92783056924063,5760,0.9365873515321755,0.4805337004161194
STRICT,config_random80,GaussianNB,robust,smote,off,0.375499426131658,0.11850024599784768,0.3731012536223182,0.0986927542439653,0.5921565254637922,228,0.4934637712198269,0.31558036511166065
IMPUTED,config_random80,GaussianNB,robust,smote,on,0.37549355429980363,0.20964301578298378,0.4040950971038548,-0.2238141290858972,0.8333333333333334,1680,1.0571474624192305,0.5583132210455987
IMPUTED,config_kfold,RandomForestClassifier,none,smoteenn,off,0.3751768978017342,0.04454725312896155,0.3742021379883851,0.2332214602473597,0.5084931071787253,8064,0.27527164693136563,0.11873666366446416
IMPUTED,config_strat80,KNeighborsClassifier,maxabs,undersample,off,0.37500783192822484,0.20134673748396378,0.3759112094884605,-0.0538381902058165,0.777878154009821,640,0.8317163442156374,0.5369134197775923
IMPUTED,config_random80,KNeighborsClassifier,robust,smoteenn,on,0.3749685320768098,0.1682095280761301,0.4098780306383839,-0.2040518334346933,0.7419408268023742,8960,0.9459926602370674,0.4485963852605997
IMPUTED,config_loo,KNeighborsClassifier,maxabs,smoteenn,on,0.37494916670258155,0.04767267382122792,0.3766454337124869,0.2596704395013766,0.4880639708668785,895,0.22839353136550195,0.12714436530283849
IMPUTED,config_kfold,KNeighborsClassifier,none,none,off,0.37492627224373504,0.049408063319844334,0.3758372956937039,0.2339799831401907,0.5193090954672628,639,0.2853291123270721,0.13178074458256356
IMPUTED,config_kfold,KNeighborsClassifier,standard,smoteenn,on,0.37491897556023673,0.05293976333559341,0.3750765950415471,0.1781832378496997,0.5533455481421699,17892,0.37516231029247016,0.14120321132448999
IMPUTED,config_kfold,KNeighborsClassifier,none,smoteenn,off,0.3747346227050264,0.03618112471914442,0.3743836367731981,0.2634559047920951,0.5083664750370074,2556,0.2449105702449123,0.09655132599696963
IMPUTED,config_strat80,KNeighborsClassifier,robust,undersample,on,0.3745354193906808,0.16114938247100957,0.3768673314407159,-0.1628761506227475,0.777878154009821,4480,0.9407543046325685,0.43026473366171386
IMPUTED,config_strat80,QuadraticDiscriminantAnalysis,standard,smote,on,0.37449332335017804,0.1561008403702639,0.3768673314407159,-0.0538381902058165,0.8075728530872482,1680,0.8614110432930647,0.4168321052396933
IMPUTED,config_random80,GaussianNB,maxabs,smote,off,0.3742172570589479,0.15001955954790255,0.3544898773270556,0.0509647191437625,0.7453559924999299,240,0.6943912733561673,0.4008889400957556
IMPUTED,config_kfold,GaussianNB,robust,smote,off,0.3741450982829588,0.03179707646595457,0.3761644195857507,0.3056378671618381,0.4435229484781041,336,0.13788508131626598,0.08498594960051313
STRICT,config_loo,GaussianNB,maxabs,smote,on,0.37396201649986466,0.03822870360280729,0.374173046816084,0.3004488732433587,0.4302664091330119,71,0.12981753588965317,0.10222616714021578
IMPUTED,config_kfold,LogisticRegression,maxabs,smoteenn,off,0.37378469444773244,0.12618537645433572,0.4115705729784268,0.0,0.5641737550239325,960,0.5641737550239325,0.3375883986923939
STRICT,config_loo,GaussianNB,robust,smote,off,0.3737808556750573,0.0430487197326504,0.3425890948707095,0.3425890948707095,0.4257671236823037,8,0.0831780288115942,0.11517101285164368
STRICT,config_strat80,GaussianNB,robust,smote,off,0.3737796948454695,0.14749771660028602,0.363696483726654,0.1166423687039608,0.670721181477857,240,0.5540788127738961,0.39461136769686084
STRICT,config_loo,RandomForestClassifier,robust,smoteenn,off,0.373768029240503,0.035121387791073856,0.3817639887950308,0.2717737300948806,0.4603343967306996,258,0.188560666635819,0.0939657355457623
STRICT,config_strat80,KNeighborsClassifier,maxabs,undersample,off,0.373585027207234,0.12329008064518288,0.4075500715665535,-0.0657951694959769,0.6018358754926051,640,0.667631044988582,0.3300187953646005
STRICT,config_loo,LogisticRegression,maxabs,none,off,0.3735305488982026,0.14763327743979987,0.4129574716124209,0.131029661797675,0.5189784147503389,10,0.3879487529526639,0.3952374922888409
IMPUTED,config_kfold,SVC,standard,none,on,0.37329033091953945,0.0581047037343733,0.3803236694702102,0.1065898415611447,0.4904908972120066,1421,0.3839010556508619,0.1556555284762986
IMPUTED,config_strat80,QuadraticDiscriminantAnalysis,maxabs,undersample,on,0.37322796390228213,0.20458883435203382,0.38737781366765,0.0,0.92783056924063,840,0.92783056924063,0.548160518876873
IMPUTED,config_random80,RandomForestClassifier,maxabs,smoteenn,off,0.3731222165579291,0.14847389935856736,0.3777777777777777,-0.0778498944161523,0.7453559924999299,5760,0.8232058869160822,0.3979229667111394
STRICT,config_strat80,QuadraticDiscriminantAnalysis,standard,smoteenn,on,0.37303837721569566,0.17662341643805704,0.3851644432598216,-0.2698412698412698,0.8412698412698413,1680,1.1111111111111112,0.4734725090655514
STRICT,config_loo,LogisticRegression,maxabs,smoteenn,off,0.3728764719494147,0.11059449307918441,0.41707603046191943,0.0736733269975054,0.4932767031489962,48,0.4196033761514908,0.29659820717834917
IMPUTED,config_random80,RandomForestClassifier,standard,smoteenn,off,0.3727852563440144,0.1559367076557107,0.3450048406631009,0.0222222222222222,0.7419408268023742,5760,0.719718604580152,0.418301703197749
STRICT,config_strat80,QuadraticDiscriminantAnalysis,robust,smoteenn,on,0.3724922431012247,0.16858857514047923,0.3851644432598216,-0.196227812235748,0.7637626158259733,1680,0.9599904280617213,0.45259620371387255
STRICT,config_random80,KNeighborsClassifier,none,smote,off,0.37229738441521093,0.15753341949648944,0.3731012536223182,0.0104279879032073,0.7566444492037344,1264,0.7462164613005271,0.42313866841674513
STRICT,config_random80,GaussianNB,standard,smote,off,0.37229226065449456,0.11315202764762496,0.3731012536223182,0.1108006575534897,0.5921565254637922,228,0.4813558679103025,0.30393333304512493
STRICT,config_kfold,KNeighborsClassifier,maxabs,smoteenn,on,0.372095413763584,0.04952629423144086,0.371830837573525,0.1631805271318739,0.584059226349296,17920,0.42087869921742205,0.1331010606406132
STRICT,config_loo,RandomForestClassifier,none,smoteenn,off,0.3719980385015069,0.03241326756534906,0.3738487656727224,0.2814649928058489,0.4693155369041986,259,0.18785054409834967,0.08713289913010593
IMPUTED,config_strat80,KNeighborsClassifier,robust,undersample,off,0.3719768543634471,0.16938475753240256,0.3363307829750928,0.0304679179289162,0.8459051693633014,640,0.8154372514343852,0.4553637021912712
STRICT,config_loo,KNeighborsClassifier,standard,undersample,on,0.37187531387023054,0.056233003164901256,0.374173046816084,0.2373759182929798,0.5010028997973652,447,0.26362698150438546,0.15121467079829962
STRICT,config_loo,GaussianNB,standard,smote,off,0.37173089474753324,0.041411453290088676,0.3946339545592893,0.3123676774759272,0.4050757314861623,13,0.09270805401023513,0.11140169911950391
STRICT,config_strat80,SVC,standard,none,on,0.371495771630749,0.16192216821617303,0.408248290463863,-0.1215661347709661,0.7094390134677043,840,0.8310051482386704,0.4358654406896367
IMPUTED,config_random80,GaussianNB,none,smote,off,0.3713594094940314,0.15129788298394142,0.3522267206477733,0.0509647191437625,0.7453559924999299,240,0.6943912733561673,0.4074163172277802
IMPUTED,config_kfold,GaussianNB,maxabs,smote,off,0.3713482062151058,0.03177207620318478,0.3736696687034937,0.2929611228887133,0.4429182664570955,336,0.1499571435683822,0.08555871732090878
STRICT,config_strat80,GaussianNB,maxabs,none,off,0.3713252131240317,0.12367867662556216,0.3634138666660607,0.1547818111102746,0.5991446895152781,60,0.44436287840500355,0.3330737376679306
STRICT,config_strat80,GaussianNB,none,none,off,0.3713252131240317,0.12367867662556216,0.3634138666660607,0.1547818111102746,0.5991446895152781,60,0.44436287840500355,0.3330737376679306
STRICT,config_strat80,GaussianNB,robust,none,off,0.3713252131240317,0.12367867662556216,0.3634138666660607,0.1547818111102746,0.5991446895152781,60,0.44436287840500355,0.3330737376679306
STRICT,config_strat80,GaussianNB,standard,none,off,0.3713252131240317,0.12367867662556216,0.3634138666660607,0.1547818111102746,0.5991446895152781,60,0.44436287840500355,0.3330737376679306
IMPUTED,config_kfold,GaussianNB,maxabs,smoteenn,on,0.3713000098360311,0.056255194478571455,0.37246941008199197,0.2030049466905699,0.5131476695742905,2352,0.3101427228837206,0.15150873414577654
IMPUTED,config_kfold,SVC,standard,none,off,0.37125488124995165,0.04952377285915891,0.3775620417614633,0.1920831086141417,0.4972236697115615,203,0.3051405610974198,0.13339561406551975
STRICT,config_kfold,GaussianNB,none,smote,off,0.3709775366651563,0.04196457104242062,0.3747518887324436,0.258167470092695,0.4581552615655417,432,0.19998779147284673,0.11311890045864899
STRICT,config_strat80,QuadraticDiscriminantAnalysis,standard,undersample,on,0.3709502589176396,0.15688193157906175,0.4075500715665535,-0.0727392967453307,0.670721181477857,840,0.7434604782231877,0.42291905129494334
STRICT,config_loo,KNeighborsClassifier,none,none,off,0.3705686899425357,0.02164160807253537,0.3757730170152481,0.3379046781421737,0.4059453480265842,32,0.06804066988441054,0.05840107019265806
STRICT,config_loo,QuadraticDiscriminantAnalysis,standard,none,off,0.3704850448739247,0.03483009237896622,0.3766995032161185,0.3288102833790712,0.4059453480265842,6,0.07713506464751302,0.09401214127501106
STRICT,config_kfold,QuadraticDiscriminantAnalysis,standard,smoteenn,on,0.3703964236054723,0.06804437832551662,0.3749228959215243,0.1354802741640302,0.5538064906773529,3360,0.4183262165133227,0.18370689884952582
IMPUTED,config_kfold,KNeighborsClassifier,maxabs,smote,on,0.3702586483823239,0.05564029423972354,0.36994840281617514,0.1517339534197015,0.5921488232137975,17884,0.44041486979409594,0.1502741245419071
STRICT,config_loo,QuadraticDiscriminantAnalysis,standard,none,on,0.37003113001957955,0.08393285311612643,0.3980335009325598,0.1683382790505292,0.4672567184860485,42,0.2989184394355193,0.22682646487522623
STRICT,config_random80,LogisticRegression,maxabs,undersample,off,0.37001856612215983,0.19560645966761914,0.40150965371986225,0.0,0.7925270806437588,240,0.7925270806437588,0.5286395807583358
IMPUTED,config_random80,GaussianNB,standard,smote,off,0.3699030251614051,0.15339350863738985,0.3391021570043601,0.0509647191437625,0.7453559924999299,240,0.6943912733561673,0.4146857370805698
IMPUTED,config_loo,KNeighborsClassifier,none,undersample,off,0.36961988277598135,0.04427357782112069,0.3689452260608618,0.2817248781260076,0.4578029269547624,64,0.17607804882875477,0.11978137509435322
STRICT,config_kfold,QuadraticDiscriminantAnalysis,standard,smote,on,0.369256198730937,0.06451453176666462,0.3688278955922487,0.177182967220226,0.5644392656580262,3360,0.3872562984378002,0.17471482398505087
STRICT,config_loo,KNeighborsClassifier,robust,smoteenn,off,0.3689360338645245,0.04222257204309003,0.35951314785122185,0.2976145552221595,0.456563218857709,128,0.1589486636355495,0.11444415336940064
STRICT,config_loo,KNeighborsClassifier,maxabs,none,on,0.368674033874485,0.04503039837196187,0.3689081377845243,0.2619144342780344,0.4810629001521244,224,0.21914846587408998,0.12214149691728075
IMPUTED,config_random80,RandomForestClassifier,robust,smote,off,0.36837805150393527,0.15676884191828436,0.3418817293789138,0.0348155311911395,0.7453559924999299,5760,0.7105404613087904,0.4255650988930041
STRICT,config_random80,GaussianNB,standard,smoteenn,off,0.36837625347109537,0.11612610283630019,0.3700004732374948,0.1,0.5921565254637922,228,0.4921565254637922,0.315237754176823
STRICT,config_random80,QuadraticDiscriminantAnalysis,robust,undersample,off,0.36815597313617027,0.1513056184468078,0.3424747597107866,-0.0890870806374748,0.670721181477857,120,0.7598082621153318,0.4109823810758714
IMPUTED,config_kfold,KNeighborsClassifier,maxabs,smoteenn,on,0.3679336949085007,0.04590225918613409,0.3682244289857488,0.2194609940943122,0.5460071018875029,17881,0.3265461077931907,0.12475687826729014
STRICT,config_loo,GaussianNB,maxabs,smote,off,0.3679273378002902,0.07508759147687998,0.3025719782220187,0.3025719782220187,0.446353769294216,11,0.1437817910721973,0.20408266459840307
STRICT,config_random80,GaussianNB,robust,smoteenn,off,0.36785541967231977,0.13258492941666145,0.3429971702850177,0.0986927542439653,0.6590909090909091,228,0.5603981548469438,0.3604267392193546
IMPUTED,config_loo,LogisticRegression,maxabs,none,off,0.36776116326390274,0.14936624028465925,0.4028575111910458,0.1212528800216727,0.5270048312914837,10,0.405751951269811,0.40615011916708327
IMPUTED,config_kfold,GaussianNB,none,smote,off,0.36759450062026355,0.03898291206922608,0.36897496367043675,0.2618979149869319,0.468418889104132,336,0.2065209741172001,0.1060486813688669
IMPUTED,config_loo,QuadraticDiscriminantAnalysis,maxabs,none,off,0.3675836718454874,0.0,0.3675836718454874,0.3675836718454874,0.3675836718454874,2,0.0,0.0
IMPUTED,config_kfold,LinearDiscriminantAnalysis,maxabs,none,on,0.367472247834604,0.07261962253662493,0.3619684131163602,0.2243664202046375,0.5131464884725249,280,0.2887800682678874,0.19761933850664656
STRICT,config_loo,SVC,none,undersample,off,0.36729458875246074,0.045900413911591886,0.34903370593138366,0.3119479019610624,0.4455285848160877,24,0.13358068285502528,0.12496893588194571
IMPUTED,config_kfold,SVC,robust,none,off,0.3672651125077967,0.053557262137099715,0.3750346480714214,0.1771759887641431,0.492275250246254,203,0.3150992614821109,0.1458272520670276
STRICT,config_random80,GaussianNB,robust,smote,on,0.36722683593782035,0.21148088019906408,0.3202563076101743,0.0,0.9148532788043832,1596,0.9148532788043832,0.5758862357076553
STRICT,config_loo,KNeighborsClassifier,maxabs,smoteenn,on,0.3671166520558379,0.042914498663737005,0.3654846809036986,0.253048046987083,0.4697123909373555,894,0.2166643439502725,0.11689608309352793
STRICT,config_strat80,GaussianNB,standard,smote,off,0.36692775558578483,0.14154332930536717,0.363696483726654,0.1166423687039608,0.670721181477857,240,0.5540788127738961,0.38575258249242866
STRICT,config_kfold,KNeighborsClassifier,maxabs,smote,off,0.36678449288038667,0.0480823047873695,0.3660428392839608,0.2075690965460714,0.4998579735516986,2560,0.2922888770056272,0.13109143303680995
STRICT,config_random80,GaussianNB,robust,none,on,0.36673251589922384,0.1937379356269187,0.337099931231621,-0.1119785021911708,0.6504436355879909,399,0.7624221377791617,0.528281314657566
STRICT,config_random80,GaussianNB,robust,undersample,on,0.3665778758726075,0.19555379000573794,0.3232676249994279,-0.1108006575534897,0.8295454545454546,798,0.9403461120989443,0.5334576985592454
IMPUTED,config_loo,QuadraticDiscriminantAnalysis,none,smoteenn,off,0.36657583840743974,0.04083460500221998,0.35421267925103916,0.3095331521821217,0.4498141818342719,24,0.14028102965215022,0.11139469851483597
IMPUTED,config_random80,SVC,robust,none,off,0.3664543758379042,0.13326408828313538,0.3484895863434363,0.1201727806124077,0.7141684885491869,120,0.5939957079367792,0.36365806242161736
STRICT,config_strat80,QuadraticDiscriminantAnalysis,robust,smoteenn,off,0.36629324620787324,0.17047675190247058,0.3751219041695933,-0.1215661347709661,0.7094390134677043,240,0.8310051482386704,0.46541057927593943
STRICT,config_kfold,GaussianNB,robust,smote,off,0.366188667433024,0.03126778780700935,0.37093393524964,0.2873248660301195,0.4314184516057584,432,0.14409358557563895,0.08538709847630181
STRICT,config_kfold,GaussianNB,maxabs,smote,off,0.3661672191364261,0.033264417217071865,0.3686902272820287,0.2724822571598178,0.4375303471206401,432,0.16504808996082232,0.09084488036783614
STRICT,config_loo,GaussianNB,none,none,off,0.3658714928077655,0.0,0.3658714928077655,0.3658714928077655,0.3658714928077655,4,0.0,0.0
STRICT,config_loo,GaussianNB,robust,none,off,0.3658714928077655,0.0,0.3658714928077655,0.3658714928077655,0.3658714928077655,3,0.0,0.0
STRICT,config_loo,GaussianNB,standard,none,off,0.3658714928077655,0.0,0.3658714928077655,0.3658714928077655,0.3658714928077655,6,0.0,0.0
STRICT,config_random80,QuadraticDiscriminantAnalysis,none,none,off,0.3655223407514819,0.19967595425460039,0.40393368347062786,0.0237624228260878,0.6407116072277477,60,0.6169491844016599,0.5462756499208342
IMPUTED,config_kfold,KNeighborsClassifier,maxabs,none,off,0.36544999611955625,0.04055712284892404,0.3673300000677347,0.2593111690792539,0.476559074253838,639,0.2172479051745841,0.11097858333443752
IMPUTED,config_random80,QuadraticDiscriminantAnalysis,standard,none,off,0.3653902286622557,0.14286269954598546,0.3446736529351221,0.0585540043769119,0.6546536707079772,60,0.5960996663310653,0.3909866447962378
IMPUTED,config_strat80,LogisticRegression,maxabs,none,on,0.36534579776295406,0.25707257165534825,0.4127594582445936,0.0,0.92783056924063,840,0.92783056924063,0.7036417915011676
STRICT,config_strat80,KNeighborsClassifier,maxabs,none,on,0.3653048235381476,0.12119707183061604,0.3851644432598216,-0.0427960492510912,0.6831300510639732,2240,0.7259261003150643,0.3317697003197655
STRICT,config_loo,KNeighborsClassifier,maxabs,smote,on,0.36529522483267246,0.06868840445421688,0.3641684744762948,0.2249243815942288,0.5704107793515756,895,0.3454863977573468,0.1880353198859371
IMPUTED,config_random80,KNeighborsClassifier,maxabs,smote,on,0.3650931072307119,0.1483996268812378,0.3777777777777777,-0.2277100170213244,0.7453559924999299,8960,0.9730660095212543,0.4064706343181116
STRICT,config_kfold,GaussianNB,standard,smote,off,0.36476733552283813,0.031061001004332123,0.3663931661983205,0.2873248660301195,0.4314184516057584,432,0.14409358557563895,0.08515291249917138
STRICT,config_kfold,KNeighborsClassifier,standard,smote,on,0.3647448744860348,0.05948244888183417,0.3618924655215089,0.1798824037372899,0.5887368862447129,17920,0.40885448250742296,0.16307960177823308
STRICT,config_loo,RandomForestClassifier,maxabs,smoteenn,off,0.3646841334710146,0.03414275033192304,0.3635218281937376,0.2795101862360286,0.4331903228477193,259,0.15368013661169072,0.09362280175711767
IMPUTED,config_loo,KNeighborsClassifier,none,none,off,0.36438082561844637,0.028694376975443886,0.3569314757343571,0.3141205200134612,0.41900656613358,32,0.10488604612011881,0.07874831757884701
IMPUTED,config_kfold,KNeighborsClassifier,robust,undersample,off,0.3639265043009018,0.06414847502031189,0.3652112159832502,0.0998848258254112,0.5435740620476979,1278,0.4436892362222867,0.17626766465811633
STRICT,config_strat80,GaussianNB,standard,none,on,0.36391922215387995,0.13809990644989767,0.3851644432598216,0.0,0.6831300510639732,420,0.6831300510639732,0.37947956041602926
STRICT,config_random80,KNeighborsClassifier,standard,undersample,on,0.3638533254852008,0.17069915895193816,0.3668996928526714,-0.1543033499620919,0.8295454545454546,4424,0.9838488045075465,0.4691427753870594
STRICT,config_loo,GaussianNB,none,smoteenn,off,0.36380883601179875,0.0003961084210120531,0.3635218281937376,0.3635218281937376,0.3642871823752341,8,0.0007653541814965359,0.0010887817496527403
STRICT,config_loo,KNeighborsClassifier,standard,undersample,off,0.3636624236695231,0.04283789338250439,0.3561699403606383,0.2466754112206975,0.4583558374945771,64,0.2116804262738796,0.11779576495764976
STRICT,config_loo,KNeighborsClassifier,standard,smoteenn,on,0.3636407408023893,0.05287659271301534,0.3641684744762948,0.2444528995851691,0.5386014528554335,896,0.29414855327026435,0.14540887964407073
STRICT,config_random80,GaussianNB,maxabs,smote,on,0.3630652817286655,0.18812593609523717,0.3731012536223182,-0.1459918306449029,0.7385489458759964,1596,0.8845407765208992,0.5181600818439916
STRICT,config_random80,SVC,robust,none,on,0.3629910492730159,0.20071324574765034,0.3466876226407682,-0.0728357040729229,0.82915619758885,798,0.9019919016617729,0.5529426859136909
STRICT,config_strat80,KNeighborsClassifier,maxabs,smoteenn,off,0.36262401379679987,0.12749674583384843,0.3563483225498992,-0.0593913870916498,0.6825396825396826,1280,0.7419310696313324,0.3515948778430668
STRICT,config_strat80,KNeighborsClassifier,maxabs,smote,on,0.36260868592597323,0.12022926062102303,0.363696483726654,0.0146789237925025,0.8603834844182797,8960,0.8457045606257773,0.3315675142033633
STRICT,config_random80,KNeighborsClassifier,maxabs,undersample,off,0.3625792414958265,0.17607712487924942,0.3424747597107866,0.0,0.7566444492037344,631,0.7566444492037344,0.48562384363991834
IMPUTED,config_random80,RandomForestClassifier,none,smote,off,0.3625127956654239,0.15942864379026397,0.3415145093702769,0.0348155311911395,0.7453559924999299,5760,0.7105404613087904,0.4397876314893072
STRICT,config_kfold,QuadraticDiscriminantAnalysis,standard,none,on,0.36246068489808053,0.06611273178530407,0.3697068437268307,0.1736799551225762,0.5166648416924753,840,0.3429848865698991,0.18239973199822804
IMPUTED,config_strat80,KNeighborsClassifier,standard,smoteenn,on,0.36228477756830546,0.1719049492398394,0.3768673314407159,-0.169749828461105,0.8643121965600912,8960,1.0340620250211963,0.47450226971633747
STRICT,config_random80,QuadraticDiscriminantAnalysis,standard,smote,on,0.3621297963123984,0.1286466532639407,0.3424747597107866,-0.0307728727448331,0.6929023281557338,1680,0.7236752009005669,0.3552501190842665
STRICT,config_loo,QuadraticDiscriminantAnalysis,robust,undersample,on,0.3620674994109392,0.09572549108685544,0.3948461301141082,0.1073278530117502,0.4471525794498304,84,0.3398247264380802,0.264385760231434
IMPUTED,config_kfold,QuadraticDiscriminantAnalysis,robust,undersample,on,0.362029837277716,0.07555126103463647,0.37123251839838806,0.1028647144195942,0.5167410093665807,1680,0.4138762949469865,0.208687940206101
STRICT,config_strat80,LogisticRegression,none,undersample,off,0.361826057913283,0.1125589324938179,0.365079365079365,0.1543033499620919,0.670721181477857,240,0.516417831515765,0.31108575524650117
STRICT,config_strat80,GaussianNB,none,smote,off,0.36182298709242916,0.15449535577300744,0.3422314988312732,0.1166423687039608,0.670721181477857,240,0.5540788127738961,0.42699154361229397
STRICT,config_loo,QuadraticDiscriminantAnalysis,none,none,off,0.3617818471799826,0.02878525899752568,0.3634218921558155,0.3288102833790712,0.3931133660050612,6,0.06430308262599,0.07956523861520703
IMPUTED,config_random80,LinearDiscriminantAnalysis,maxabs,none,on,0.3617461524376294,0.17706828027232285,0.3484895863434363,0.0618984460590172,0.7141684885491869,140,0.6522700424901697,0.4894821384530196
STRICT,config_kfold,KNeighborsClassifier,maxabs,smoteenn,off,0.36168914339047153,0.04161865911683232,0.3602450561342061,0.2480785412164713,0.50787477745174,2560,0.2597962362352687,0.11506748233220189
IMPUTED,config_random80,GaussianNB,maxabs,smoteenn,on,0.36166367445184017,0.15238815951420787,0.3578300267477955,-0.0646574150692591,0.7141684885491869,1680,0.778825903618446,0.42135323583485895
IMPUTED,config_loo,KNeighborsClassifier,maxabs,smote,on,0.36162045297689865,0.06467640293943036,0.3614090617663796,0.1936858537116302,0.5350188929913869,896,0.3413330392797568,0.17885161750948328
IMPUTED,config_kfold,RandomForestClassifier,robust,smoteenn,off,0.36121120406618534,0.05075595562899616,0.3623984675925585,0.2126227285618677,0.5435959246183991,8064,0.3309731960565314,0.1405160057540631
STRICT,config_strat80,SVC,none,undersample,off,0.3611816534168834,0.1501121368813112,0.3851644432598216,0.0,0.7566444492037344,240,0.7566444492037344,0.4156139589627733
STRICT,config_random80,GaussianNB,maxabs,smote,off,0.3610756434512545,0.1174613179883482,0.33287119235510726,0.1477272727272727,0.5921565254637922,228,0.44442925273651945,0.3253094472549367
IMPUTED,config_loo,QuadraticDiscriminantAnalysis,standard,smoteenn,on,0.3610553144019035,0.050413915889469633,0.36082602545436254,0.2476489028213166,0.5267865840075201,168,0.2791376811862035,0.13962934176161193
STRICT,config_strat80,KNeighborsClassifier,standard,smoteenn,on,0.36101636164201995,0.1412954595036709,0.363696483726654,-0.1166423687039608,0.8017837257372731,8960,0.9184260944412339,0.3913824261621084
IMPUTED,config_strat80,QuadraticDiscriminantAnalysis,robust,smote,on,0.36081436391227684,0.14880545383687646,0.3759112094884605,-0.2364331218717302,0.777878154009821,1680,1.0143112758815511,0.41241554860342217
STRICT,config_random80,GaussianNB,none,smote,off,0.3607910715800093,0.1223583131450502,0.3424747597107866,0.0986927542439653,0.5921565254637922,228,0.4934637712198269,0.3391389720627162
STRICT,config_strat80,KNeighborsClassifier,standard,smoteenn,off,0.3607537892144824,0.1355735799984562,0.363696483726654,0.0,0.7715167498104595,1280,0.7715167498104595,0.3758063922035545
STRICT,config_random80,QuadraticDiscriminantAnalysis,standard,undersample,off,0.36065684011414834,0.15299812883200803,0.3423811916311629,-0.0890870806374748,0.670721181477857,120,0.7598082621153318,0.42422078778149314
STRICT,config_random80,KNeighborsClassifier,standard,smoteenn,on,0.36057613535657956,0.15249036500931293,0.3429971702850177,-0.0475651494154494,0.8528028654224417,8848,0.9003680148378911,0.4229075361809864
IMPUTED,config_strat80,QuadraticDiscriminantAnalysis,none,smoteenn,off,0.3604262471589149,0.17604100357357183,0.3475240234284579,-0.1615145706174496,0.6908212560386473,240,0.8523358266560969,0.4884244834032686
IMPUTED,config_loo,GaussianNB,standard,smote,off,0.3603865868768441,0.014285329874401339,0.3508630336272432,0.3508630336272432,0.3794336933760459,9,0.028570659748802685,0.039638905538077376
IMPUTED,config_loo,KNeighborsClassifier,robust,smoteenn,off,0.3602159580305461,0.0514254645828507,0.3623163671341667,0.2350143451314435,0.4445433853329423,128,0.2095290402014988,0.1427628716507053
IMPUTED,config_kfold,RandomForestClassifier,standard,smoteenn,off,0.35985854928373906,0.048845438889429924,0.3601809508714454,0.2088911245412017,0.4930428248529397,8064,0.284151700311738,0.1357351075489291
IMPUTED,config_random80,RandomForestClassifier,maxabs,smote,off,0.35981948067945224,0.16165165654083918,0.3415145093702769,0.0348155311911395,0.7141684885491869,5760,0.6793529573580475,0.4492576561880142
STRICT,config_loo,QuadraticDiscriminantAnalysis,none,smoteenn,off,0.35948376680629496,0.07544829225890175,0.3699679701809776,0.2418198927374475,0.4636133356517173,24,0.2217934429142698,0.20987955291888458
STRICT,config_strat80,RandomForestClassifier,robust,smoteenn,off,0.3594418524425211,0.14157236252147684,0.363696483726654,0.0291605921759902,0.6998542122237652,5760,0.670693620047775,0.39386721818688575
IMPUTED,config_loo,QuadraticDiscriminantAnalysis,standard,smoteenn,off,0.35932040515263153,0.03432714624096774,0.3702439279966072,0.2896967106557503,0.4188623038386893,24,0.12916559318293896,0.09553352870785703
STRICT,config_strat80,KNeighborsClassifier,standard,undersample,on,0.35845071560799746,0.14730891687867143,0.3587529409036034,-0.0452833412851726,0.9211323729436768,4480,0.9664157142288494,0.4109600301084872
STRICT,config_loo,KNeighborsClassifier,robust,undersample,off,0.35838573074938695,0.044894312357914086,0.3447378802921968,0.2901825088649753,0.4583558374945771,64,0.16817332862960177,0.12526813571522444
IMPUTED,config_loo,KNeighborsClassifier,standard,smote,on,0.35825411703662885,0.04635324483069809,0.35158896363537673,0.2505559587835805,0.4964109646633509,896,0.24585500587977038,0.12938649585974976
STRICT,config_strat80,KNeighborsClassifier,robust,smoteenn,off,0.35821915400219023,0.1454234168140173,0.363696483726654,-0.1166423687039608,0.7094390134677043,1280,0.8260813821716652,0.4059621468848875
IMPUTED,config_random80,KNeighborsClassifier,robust,smote,on,0.3580166617625413,0.1654777218324665,0.3708420277204425,-0.1974066974213273,0.7453559924999299,8960,0.9427626899212572,0.4622067616010048
STRICT,config_strat80,RandomForestClassifier,standard,smoteenn,off,0.35800006641174836,0.12983581112049059,0.363696483726654,-0.0291605921759902,0.7094390134677043,5760,0.7385996056436945,0.3626697961870261
IMPUTED,config_kfold,KNeighborsClassifier,standard,smoteenn,off,0.35794634875482106,0.05274605495742559,0.3611771225299349,0.1810342514203904,0.5156430645201258,2556,0.33460881309973534,0.14735743258986148
STRICT,config_random80,KNeighborsClassifier,robust,undersample,off,0.35787110083891266,0.1723342547410006,0.3424747597107866,-0.0978231976089036,0.7366351076087241,632,0.8344583052176276,0.4815539850438296
IMPUTED,config_kfold,KNeighborsClassifier,standard,smote,on,0.35785160679472106,0.05751395955100073,0.3589965850972488,0.1446277289864523,0.628155249887674,17892,0.48352752090122175,0.1607201377860326
STRICT,config_kfold,LogisticRegression,maxabs,smoteenn,off,0.3573578287646724,0.13765696222887053,0.4014788765676812,-0.0161164592805076,0.5711677760035233,960,0.587284235284031,0.38520762985584545
IMPUTED,config_random80,KNeighborsClassifier,none,smote,off,0.35727765615444274,0.1724711211833758,0.3708420277204425,-0.1302431711451709,0.7141684885491869,1280,0.8444116596943578,0.4827369364201734
IMPUTED,config_loo,SVC,robust,none,on,0.3572586086815077,0.09692354212567188,0.386003659403893,-0.0301678990598266,0.4496182459111359,60,0.4797861449709625,0.2712979891048005
IMPUTED,config_random80,KNeighborsClassifier,maxabs,smoteenn,on,0.357200336206116,0.15222289442853681,0.3630922845918441,-0.0486473329926243,0.7679476477883045,8960,0.8165949807809287,0.42615551834391147
STRICT,config_random80,KNeighborsClassifier,robust,smoteenn,off,0.3571308673624631,0.14070053469281144,0.3429971702850177,0.040291148201269,0.6590909090909091,1264,0.6187997608896401,0.3939747234170328
STRICT,config_strat80,KNeighborsClassifier,robust,smoteenn,on,0.3570819351252739,0.1543840907033482,0.365079365079365,-0.2624453295839119,0.8017837257372731,8960,1.064229055321185,0.43234920480977596
IMPUTED,config_random80,KNeighborsClassifier,none,undersample,off,0.3570410659221609,0.1899570055444823,0.4032441137045824,-0.2060233487335792,0.6666666666666666,640,0.8726900154002458,0.5320312526343822
IMPUTED,config_random80,RandomForestClassifier,none,smoteenn,off,0.3570321805181102,0.14011511522372067,0.3418817293789138,-0.0095238095238095,0.7453559924999299,5760,0.7548798020237394,0.3924439388639743
STRICT,config_random80,KNeighborsClassifier,maxabs,none,on,0.3570289402243381,0.18310443357174194,0.337099931231621,-0.0693375245281536,0.8295454545454546,2208,0.8988829790736081,0.5128559983308042
STRICT,config_strat80,RandomForestClassifier,none,smoteenn,off,0.3569629639808894,0.12979458016251894,0.365079365079365,0.0452833412851726,0.6831300510639732,5760,0.6378467097788005,0.3636079741019511
IMPUTED,config_random80,KNeighborsClassifier,none,none,off,0.35694717250649827,0.16913658684619373,0.3415145093702769,-0.0924500327042048,0.7141684885491869,320,0.8066185212533917,0.4738420692857977
IMPUTED,config_strat80,QuadraticDiscriminantAnalysis,standard,none,on,0.35692134978148693,0.15516959471624445,0.3816425120772946,-0.2011958253044531,0.687932430407656,420,0.8891282557121091,0.4347445027069459
IMPUTED,config_strat80,KNeighborsClassifier,none,none,off,0.3568566597479006,0.15203217388684515,0.3316863613133475,0.0281160778557766,0.7679476477883045,320,0.7398315699325279,0.4260314883691604
STRICT,config_random80,KNeighborsClassifier,none,smoteenn,off,0.35664073444624694,0.14986706271381872,0.3424747597107866,-0.0104279879032073,0.6929023281557338,1264,0.7033303160589411,0.42021857919992245
STRICT,config_strat80,SVC,robust,none,on,0.35655019524409487,0.1765712078329335,0.408248290463863,-0.0427960492510912,0.7637626158259733,840,0.8065586650770644,0.4952211783590598
IMPUTED,config_loo,KNeighborsClassifier,maxabs,smoteenn,off,0.356317519270431,0.03793490544053239,0.35777161344352837,0.2774938773333205,0.4194284960999351,128,0.14193461876661462,0.10646376725512981
IMPUTED,config_random80,GaussianNB,standard,none,on,0.3562025826838139,0.16278942135852004,0.3415145093702769,0.0,0.6546536707079772,420,0.6546536707079772,0.4570135907830331
IMPUTED,config_strat80,QuadraticDiscriminantAnalysis,standard,none,off,0.3561423146227303,0.15406890563894274,0.3280209083173944,0.1136584015456127,0.687932430407656,60,0.5742740288620433,0.43260488662278573
IMPUTED,config_kfold,KNeighborsClassifier,maxabs,smote,off,0.3559047983036026,0.04401597846613159,0.3559377516031574,0.1953758099949678,0.4756249335481572,2556,0.2802491235531894,0.12367346176823388
STRICT,config_kfold,GaussianNB,robust,smoteenn,on,0.35576421991702795,0.08193793909143848,0.37472135765247305,0.0765883260029433,0.5382723857296405,3024,0.46168405972669724,0.23031528890271263
STRICT,config_random80,QuadraticDiscriminantAnalysis,robust,none,off,0.35563857491744394,0.16719953612359928,0.35173319510841694,0.0237624228260878,0.6407116072277477,60,0.6169491844016599,0.4701389216915294
IMPUTED,config_loo,RandomForestClassifier,robust,smoteenn,off,0.3556016348596013,0.0342746596465661,0.3555795011093797,0.2835924882568542,0.4632696185619719,231,0.17967713030511773,0.09638498895006044
STRICT,config_random80,RandomForestClassifier,none,smoteenn,off,0.35556947230728747,0.11938458422192195,0.3424747597107866,0.0,0.6590909090909091,5472,0.6590909090909091,0.3357560013440871
IMPUTED,config_strat80,KNeighborsClassifier,maxabs,none,on,0.35548933546674716,0.16245564138788696,0.3415145093702769,-0.0401286176952564,0.8459051693633014,2240,0.8860337870585578,0.45699160334750244
IMPUTED,config_random80,SVC,standard,none,off,0.3550488615857715,0.14083881828094313,0.34816119142170177,0.1201727806124077,0.7141684885491869,120,0.5939957079367792,0.3966744679926816
STRICT,config_random80,RandomForestClassifier,standard,smoteenn,off,0.3548372708898445,0.13103382691384355,0.3668996928526714,-0.0949594570908169,0.7366351076087241,5472,0.831594564699541,0.3692786459134999
IMPUTED,config_loo,KNeighborsClassifier,maxabs,none,off,0.35473300786202777,0.02771076459729422,0.3569314757343571,0.2929718855077375,0.391924757669098,32,0.0989528721613605,0.07811724306206157
IMPUTED,config_loo,LinearDiscriminantAnalysis,maxabs,none,on,0.3547269723089518,0.08143762984357411,0.3231326891253338,0.2746708869424484,0.4732686476761493,14,0.1985977607337009,0.22957834109283765
STRICT,config_random80,KNeighborsClassifier,maxabs,smote,on,0.35420218469104103,0.18407312184575422,0.3668996928526714,-0.2,0.9211323729436768,8834,1.1211323729436768,0.5196837563447418
IMPUTED,config_random80,KNeighborsClassifier,maxabs,smote,off,0.3541077383135949,0.14858547038433245,0.3567530340063379,-0.1302431711451709,0.6546536707079771,1280,0.784896841853148,0.41960526220623395
IMPUTED,config_kfold,KNeighborsClassifier,maxabs,smoteenn,off,0.35408425830035917,0.04252495809896399,0.3543706197621222,0.2288611549281916,0.4942312995077771,2556,0.2653701445795855,0.12009841471938956
STRICT,config_kfold,QuadraticDiscriminantAnalysis,robust,smoteenn,off,0.3540719520930506,0.08573210930688355,0.36937647478592395,0.1254201647741308,0.5258731325998158,480,0.40045296782568507,0.2421318853416354
STRICT,config_random80,KNeighborsClassifier,standard,undersample,off,0.35399348904385813,0.18615994642947803,0.34967274641745844,-0.1543033499620919,0.8295454545454546,632,0.9838488045075465,0.5258852272461251
IMPUTED,config_random80,KNeighborsClassifier,maxabs,none,on,0.3539804742781555,0.1458132149563096,0.3478327964999673,-0.2067245576486807,0.7125253031944253,2240,0.919249860843106,0.41192445784941956
IMPUTED,config_kfold,QuadraticDiscriminantAnalysis,standard,smote,on,0.35397506307984256,0.061761612879468894,0.3566380413452478,0.1244531935615431,0.5156846889998103,3360,0.39123149543826724,0.17448012394460102
IMPUTED,config_random80,RandomForestClassifier,standard,smote,off,0.35390478983358775,0.14762456274406943,0.3415145093702769,-0.077766274741735,0.7141684885491869,5760,0.7919347632909219,0.41713072833369985
IMPUTED,config_strat80,KNeighborsClassifier,standard,smoteenn,off,0.3538994506348826,0.190797568355712,0.3475240234284579,-0.0928721811677373,0.8454106280193237,1280,0.938282809187061,0.5391293148758162
IMPUTED,config_loo,QuadraticDiscriminantAnalysis,standard,undersample,on,0.35374987005497205,0.04280147495246538,0.3499631152497511,0.2800689645313047,0.4756333196979164,84,0.1955643551666117,0.120993613215502
IMPUTED,config_random80,SVC,standard,none,on,0.3534735411053829,0.17148963334527526,0.3478327964999673,-0.0862795962814576,0.7453559924999299,840,0.8316355887813875,0.4851555021883467
STRICT,config_kfold,QuadraticDiscriminantAnalysis,standard,none,off,0.3532502846754734,0.057673078115376135,0.3661048590954552,0.2007650783739638,0.4481274809615862,120,0.24736240258762243,0.1632640669160668
STRICT,config_strat80,KNeighborsClassifier,maxabs,smote,off,0.3529464016427373,0.12356972572288646,0.3563483225498992,0.0727392967453307,0.6172133998483676,1280,0.5444741031030369,0.3501090396381697
IMPUTED,config_kfold,QuadraticDiscriminantAnalysis,standard,none,off,0.352890104948629,0.05635647852736614,0.36083891085191705,0.1519954710394666,0.4418376527173406,120,0.289842181677874,0.15969979814415616
IMPUTED,config_kfold,GaussianNB,standard,none,on,0.35287569185502793,0.06484006025139037,0.36977021603156857,0.1742689213904676,0.5125480058541134,588,0.33827908446364585,0.1837475965276425
IMPUTED,config_random80,GaussianNB,maxabs,smote,on,0.3528635803140964,0.1615338207400328,0.3467004881908537,-0.0646574150692591,0.8320502943378436,1680,0.8967077094071028,0.45777980429787
IMPUTED,config_loo,QuadraticDiscriminantAnalysis,standard,none,on,0.35275546000877567,0.07696267937766915,0.3593677802403692,0.1819650660606526,0.4327869839245096,42,0.250821917863857,0.218175728238918
IMPUTED,config_loo,GaussianNB,maxabs,smoteenn,on,0.35267967539591555,0.047560168269878474,0.3383336339262843,0.3006289565440732,0.439353313598597,66,0.1387243570545238,0.13485372588167374
STRICT,config_strat80,KNeighborsClassifier,standard,undersample,off,0.35254218815524585,0.1493036293135231,0.363696483726654,0.0,0.6123724356957946,640,0.6123724356957946,0.4235057089047612
STRICT,config_random80,GaussianNB,maxabs,none,on,0.3522883193051927,0.15982777334871814,0.337099931231621,0.0975900072948533,0.7366351076087241,399,0.6390451003138707,0.45368456627781895
STRICT,config_strat80,KNeighborsClassifier,robust,undersample,off,0.3517884527660691,0.15485663968518157,0.365079365079365,-0.0171979790122527,0.6533052580081484,640,0.6705032370204012,0.44019818862035676
IMPUTED,config_loo,QuadraticDiscriminantAnalysis,standard,smote,on,0.3516470933129381,0.04920485596032303,0.3504130744384971,0.248152714420426,0.4641580590412252,168,0.2160053446207992,0.13992680985005213
IMPUTED,config_loo,QuadraticDiscriminantAnalysis,robust,none,off,0.3515713038651204,0.05213938934323381,0.3675836718454874,0.2869449118648753,0.4001853278849985,6,0.11324041602012319,0.14830388251265517
IMPUTED,config_random80,KNeighborsClassifier,none,smoteenn,off,0.3512664253532416,0.12147091936923984,0.3522267206477733,0.0304679179289162,0.6457765999379483,1280,0.6153086820090321,0.3458085105830593
STRICT,config_loo,KNeighborsClassifier,standard,smote,on,0.3509290318963907,0.06100046696420991,0.3529705370989173,0.1925422721818301,0.532690262690532,894,0.3401479905087019,0.17382564968925074
STRICT,config_kfold,KNeighborsClassifier,robust,smoteenn,on,0.35075687127702765,0.08355165448293904,0.3648739119897627,0.0043921907768732,0.5476615322529067,17920,0.5432693414760335,0.23820389940971384
IMPUTED,config_strat80,QuadraticDiscriminantAnalysis,standard,smote,off,0.3507450845912993,0.14286727955857106,0.3316863613133475,0.0556483802745148,0.777878154009821,240,0.7222297737353062,0.4073251082764142
STRICT,config_strat80,LogisticRegression,maxabs,undersample,off,0.35032851311743113,0.1482739258301765,0.38560422967777286,0.0,0.7566444492037344,240,0.7566444492037344,0.4232425288788146
IMPUTED,config_kfold,QuadraticDiscriminantAnalysis,standard,smoteenn,on,0.35031229124172863,0.06434164947997195,0.35327496053120133,0.1164072462107462,0.5369644682135195,3360,0.4205572220027733,0.18366940323990458
IMPUTED,config_strat80,KNeighborsClassifier,none,smote,off,0.35017197642145653,0.1542534143910867,0.3316863613133475,-0.0928721811677373,0.8454106280193237,1280,0.938282809187061,0.44050759277616175
STRICT,config_loo,QuadraticDiscriminantAnalysis,robust,smoteenn,off,0.35015071852242907,0.05651283468984692,0.35430851975603245,0.233414943692352,0.4722360048187058,24,0.23882106112635382,0.16139574103494797
STRICT,config_random80,GaussianNB,standard,none,on,0.3498990783209226,0.21438720957592977,0.337099931231621,-0.1264911064067351,0.82915619758885,399,0.9556473039955851,0.6127115584434228
STRICT,config_kfold,KNeighborsClassifier,standard,none,on,0.34983168867228975,0.06852811224002232,0.3535166698975023,0.0459032809239294,0.5798294792726956,4480,0.5339261983487662,0.19588880727216537
IMPUTED,config_loo,GaussianNB,maxabs,smoteenn,off,0.3498302840184186,0.014950213891474808,0.3398634747574354,0.3398634747574354,0.369763902540385,9,0.0299004277829496,0.042735619454511486
STRICT,config_kfold,SVC,robust,none,on,0.34947440008569125,0.1290166531621731,0.3892811016593821,-0.0401709465462106,0.5337700019235357,1575,0.5739409484697463,0.36917340191595766
STRICT,config_strat80,LogisticRegression,maxabs,smoteenn,off,0.34943420630932176,0.15957354891360206,0.3860440160957241,0.0,0.7094390134677043,480,0.7094390134677043,0.4566626450197791
IMPUTED,config_loo,RandomForestClassifier,standard,smoteenn,off,0.3494242375544633,0.04006079026190446,0.3514641448582267,0.2485295259277259,0.429533419947056,230,0.18100389401933012,0.11464800078632312
IMPUTED,config_random80,QuadraticDiscriminantAnalysis,none,undersample,off,0.34910283583665164,0.12442878287765799,0.35404856262747253,0.0426042961498035,0.6666666666666666,120,0.6240623705168631,0.35642444032130216
IMPUTED,config_strat80,QuadraticDiscriminantAnalysis,robust,smote,off,0.34890313418953883,0.14275301598097262,0.3316863613133475,0.0556483802745148,0.777878154009821,240,0.7222297737353062,0.4091479897782265
IMPUTED,config_kfold,KNeighborsClassifier,robust,smoteenn,off,0.348860670905121,0.056668062037750995,0.3488273530019328,0.1843486927652405,0.5054093833090013,2556,0.32106069054376085,0.16243751951380872
IMPUTED,config_strat80,QuadraticDiscriminantAnalysis,maxabs,smote,on,0.34875258286179334,0.1993667519337344,0.3415145093702769,-0.0821256038647343,0.8454106280193237,1680,0.927536231884058,0.5716567037232271
STRICT,config_random80,LogisticRegression,maxabs,smoteenn,off,0.3486080120635702,0.20093072407255919,0.3580733220904644,-0.1410190187044415,0.8528028654224417,480,0.9938218841268831,0.5763801092325972
STRICT,config_loo,GaussianNB,maxabs,smoteenn,on,0.348465458407586,0.04120722355609591,0.3559131067379297,0.2801297602955456,0.3960104894667615,74,0.11588072917121589,0.11825339516979463
IMPUTED,config_random80,QuadraticDiscriminantAnalysis,robust,none,off,0.34841209204340007,0.16915763797719457,0.3464188185815341,0.0585540043769119,0.7453559924999299,60,0.686801988123018,0.48551023870929083
STRICT,config_random80,QuadraticDiscriminantAnalysis,robust,undersample,on,0.3482074160806604,0.16101314910130277,0.3424747597107866,-0.236524958395633,0.670721181477857,840,0.90724613987349,0.4624058583060302
IMPUTED,config_kfold,QuadraticDiscriminantAnalysis,robust,undersample,off,0.34776618114128705,0.07306508507747761,0.35862326123365484,0.1797748021623303,0.5087950643852375,240,0.32902026222290714,0.21009830466463167
STRICT,config_loo,GaussianNB,standard,smoteenn,off,0.347662793141945,0.04619034254750348,0.3738487656727224,0.300710264245131,0.3984521070890828,13,0.09774184284395182,0.1328596083868104
STRICT,config_strat80,QuadraticDiscriminantAnalysis,standard,smote,on,0.34749340547229224,0.15891130250972865,0.3563483225498992,-0.0657951694959769,0.8427009716003844,1680,0.9084961410963612,0.45730739060715675
IMPUTED,config_loo,GaussianNB,robust,undersample,on,0.34737508873585415,0.07639382763761546,0.369763902540385,0.2025767325567838,0.4246526992291449,30,0.2220759666723611,0.2199174037367594
IMPUTED,config_random80,QuadraticDiscriminantAnalysis,standard,none,on,0.34726264726373274,0.16154125820815246,0.3415145093702769,0.0,0.8320502943378436,420,0.8320502943378436,0.46518466492443694
STRICT,config_strat80,QuadraticDiscriminantAnalysis,standard,smoteenn,off,0.3469731682261003,0.16572521789151362,0.3563483225498992,-0.1749635530559413,0.6825396825396826,240,0.8575032355956238,0.4776312207044236
STRICT,config_loo,QuadraticDiscriminantAnalysis,standard,smoteenn,off,0.3467244465187383,0.07791217249661665,0.3569093170534595,0.1457362338789812,0.467963735226799,24,0.32222750134781786,0.2247091985548991
IMPUTED,config_loo,GaussianNB,robust,smote,off,0.3466036132762557,0.019583307114599595,0.3596591513526554,0.3204925371234562,0.3596591513526554,9,0.039166614229199204,0.05650058558100197
IMPUTED,config_random80,GaussianNB,robust,smoteenn,on,0.34658179071410694,0.17127263416774186,0.3500297585738703,-0.1309307341415954,0.7453559924999299,1680,0.8762867266415253,0.49417666697043394
IMPUTED,config_loo,RandomForestClassifier,none,undersample,off,0.34647897935396127,0.03134112765325968,0.3496527610237563,0.2885633696366216,0.4094224637628599,116,0.1208590941262383,0.09045607243388273
STRICT,config_strat80,GaussianNB,robust,undersample,on,0.3462987147447028,0.18879583015957438,0.38560422967777286,-0.3471722831863234,0.6546536707079772,840,1.0018259538943006,0.5451820122946682
IMPUTED,config_strat80,KNeighborsClassifier,standard,smote,on,0.3461690835948392,0.1762206885157187,0.3316863613133475,-0.3310063706204222,0.92783056924063,8960,1.2588369398610522,0.5090595806122585
IMPUTED,config_strat80,KNeighborsClassifier,maxabs,smoteenn,off,0.34585362287713917,0.17910351984500766,0.3475240234284579,-0.0486473329926243,0.717973623597536,1280,0.7666209565901603,0.5178593138769354
IMPUTED,config_random80,KNeighborsClassifier,maxabs,smoteenn,off,0.3458243696011005,0.155189852682202,0.3630922845918441,-0.0087567822915455,0.7453559924999299,1280,0.7541127747914754,0.4487533740355241
IMPUTED,config_loo,QuadraticDiscriminantAnalysis,robust,smoteenn,off,0.3456400027460705,0.04690425569281548,0.3570433530645985,0.2382481968744516,0.3991102440118441,24,0.1608620471373925,0.13570262504387948
STRICT,config_kfold,QuadraticDiscriminantAnalysis,none,undersample,off,0.345561316126889,0.05752739377801944,0.3362526727536978,0.1880141938030495,0.4685857181491153,240,0.2805715243460658,0.1664752132061436
IMPUTED,config_strat80,QuadraticDiscriminantAnalysis,maxabs,undersample,off,0.34519200463848526,0.187055254238335,0.3591909204054964,0.0,0.777878154009821,120,0.777878154009821,0.5418875632250966
IMPUTED,config_loo,GaussianNB,maxabs,smote,off,0.3451903381593385,0.005228315348725718,0.34519033815933853,0.3404175610689259,0.3499631152497511,6,0.0095455541808252,0.0151461810217653
STRICT,config_loo,KNeighborsClassifier,maxabs,none,off,0.3449687633734435,0.04260180861832551,0.3464635745848292,0.2619144342780344,0.4126037498087956,32,0.1506893155307612,0.12349468456715665
STRICT,config_random80,RandomForestClassifier,robust,smoteenn,off,0.34475499812201094,0.1479554894010546,0.3424747597107866,-0.0557278212575352,0.7366351076087241,5472,0.7923629288662593,0.42916126004558236
STRICT,config_loo,GaussianNB,none,smote,off,0.34474361357206806,0.03065077553358356,0.3236024261694575,0.3222967592368564,0.3843645512158883,14,0.062067791979031894,0.0889089001997598
IMPUTED,config_loo,SVC,maxabs,none,off,0.3444483445268923,0.07174609593481268,0.3057572480603088,0.2751053211988152,0.4496182459111359,5,0.17451292471232072,0.20829275876868442
IMPUTED,config_random80,GaussianNB,standard,smoteenn,on,0.3444453648152034,0.14576649600428307,0.3418817293789138,-0.0305788314862575,0.7453559924999299,1680,0.7759348239861874,0.4231919221281654
STRICT,config_random80,QuadraticDiscriminantAnalysis,standard,smoteenn,on,0.3442558152599302,0.14768050538756392,0.3267616012328021,-0.0227272727272727,0.7416198487095663,1680,0.764347121436839,0.42898478062326356
STRICT,config_random80,GaussianNB,maxabs,undersample,on,0.3442419855885298,0.1878966825805191,0.363696483726654,-0.0709864675025482,0.7366351076087241,798,0.8076215751112723,0.5458273262608668
IMPUTED,config_loo,RandomForestClassifier,robust,undersample,off,0.34386717072916806,0.02996113383179468,0.3496527610237563,0.2885633696366216,0.4089042715023407,115,0.12034090186571911,0.0871299629105689
IMPUTED,config_random80,SVC,maxabs,undersample,off,0.3438556040759476,0.3049871359849406,0.4414147946478204,-0.5673665146135802,0.8320502943378436,240,1.3994168089514238,0.8869628191884227
STRICT,config_kfold,KNeighborsClassifier,robust,undersample,on,0.34376396533234355,0.0906967352797542,0.35602984835236595,0.0078033578861575,0.5561381313070164,8960,0.5483347734208589,0.26383432944191976
STRICT,config_kfold,KNeighborsClassifier,robust,smote,off,0.34318867389651236,0.053751015273894,0.3424942978887481,0.1468135831136664,0.5179783182631466,2560,0.3711647351494801,0.1566223461386796
IMPUTED,config_kfold,QuadraticDiscriminantAnalysis,standard,undersample,off,0.34314982861097415,0.06912278022357103,0.3537350112888662,0.1797748021623303,0.490816727977919,240,0.31104192581558865,0.20143614963577586
IMPUTED,config_strat80,LogisticRegression,maxabs,none,off,0.343037797468628,0.25079831350290155,0.3475240234284579,0.0,0.92783056924063,120,0.92783056924063,0.7311098524815999
STRICT,config_strat80,GaussianNB,robust,none,on,0.3427584332410812,0.19149623257518356,0.3851644432598216,-0.2182178902359923,0.6172133998483676,420,0.8354312900843599,0.5586915273372531
STRICT,config_loo,KNeighborsClassifier,maxabs,smoteenn,off,0.34253934218337184,0.03127084033164417,0.3398126753948219,0.2744520945591368,0.3998969266278886,128,0.1254448320687518,0.09129123718262976
IMPUTED,config_kfold,KNeighborsClassifier,standard,smote,off,0.34237050544176395,0.05179423341722815,0.3426912429213772,0.1553232539424026,0.4898622124764464,2556,0.3345389585340438,0.15128123653758538
STRICT,config_kfold,GaussianNB,robust,none,on,0.3422750085892219,0.10913745149909265,0.3660122112905192,0.0378403989075015,0.5031180709926989,756,0.4652776720851974,0.3188589548180333
STRICT,config_random80,LogisticRegression,maxabs,none,on,0.34223833682534943,0.25802322683972234,0.3415145093702769,-0.1119785021911708,0.9211323729436768,840,1.0331108751348477,0.7539284734526874
STRICT,config_random80,KNeighborsClassifier,standard,smote,on,0.34173988073314776,0.17859718479648623,0.3423811916311629,-0.1931818181818181,0.8528028654224417,8848,1.0459846836042597,0.5226114798581155
IMPUTED,config_strat80,SVC,maxabs,none,on,0.34172366548157196,0.21024597492475874,0.4117980140314096,0.0,0.7679476477883045,840,0.7679476477883045,0.6152514331381496
STRICT,config_random80,QuadraticDiscriminantAnalysis,none,undersample,off,0.34161006220656537,0.1495761913163349,0.3423811916311629,-0.0890870806374748,0.670721181477857,120,0.7598082621153318,0.43785651496965833
STRICT,config_kfold,KNeighborsClassifier,standard,smote,off,0.34152959007514144,0.051538119469418546,0.3381301997445829,0.2150153181439677,0.5293727328330314,2560,0.31435741468906375,0.15090381907488432
IMPUTED,config_kfold,GaussianNB,robust,smoteenn,on,0.341526991495531,0.05406663298117634,0.34287349756186924,0.1732635209639454,0.5106113300021182,2352,0.33734780903817285,0.15830852122235212
IMPUTED,config_loo,GaussianNB,robust,smote,on,0.3409898003051165,0.05993967035974857,0.3508630336272432,0.2116512701375709,0.441083956434625,69,0.2294326862970541,0.1757814172333447
STRICT,config_kfold,QuadraticDiscriminantAnalysis,robust,smote,on,0.3409578868282721,0.07991760189682728,0.350364219015529,0.0955869352697217,0.5144793239701085,3360,0.4188923887003868,0.2343914160198876
IMPUTED,config_kfold,KNeighborsClassifier,robust,undersample,on,0.3409161768211724,0.07684942132076454,0.3476553464460094,0.0163483547376073,0.5342549106167678,8946,0.5179065558791605,0.22542028376986026
STRICT,config_loo,KNeighborsClassifier,maxabs,smote,off,0.34067270745210587,0.0405373071179182,0.3349588723406357,0.2689123957681693,0.4363991221721087,128,0.1674867264039394,0.1189919422107426
STRICT,config_kfold,QuadraticDiscriminantAnalysis,standard,smoteenn,off,0.3405191907012506,0.07632564461225436,0.3547853884099633,0.0875997030773302,0.4945105344190059,480,0.4069108313416757,0.2241449136980286
IMPUTED,config_kfold,QuadraticDiscriminantAnalysis,standard,none,on,0.34050210952880305,0.06296667067507827,0.3484509332294349,0.1319919145725249,0.4904452744332372,840,0.3584533598607123,0.18492299728249387
IMPUTED,config_random80,QuadraticDiscriminantAnalysis,robust,smoteenn,off,0.34049157799202295,0.17466583308993638,0.359922659299091,-0.1807168212997195,0.762962962962963,240,0.9436797842626825,0.5129813610074915
IMPUTED,config_strat80,KNeighborsClassifier,robust,smoteenn,off,0.3404889969065173,0.17393682565877414,0.3280209083173944,-0.233298824225205,0.8459051693633014,1280,1.0792039935885065,0.510844189501164
STRICT,config_loo,GaussianNB,standard,none,on,0.34037538258186056,0.10999723825781879,0.406666370420838,0.1820169926686325,0.4189379267882097,13,0.23692093411957718,0.32316449392859475
STRICT,config_loo,QuadraticDiscriminantAnalysis,robust,smote,off,0.3403084643089245,0.04669807294101306,0.3489400882307482,0.2689123957681693,0.4363991221721087,24,0.1674867264039394,0.13722277826925158
IMPUTED,config_loo,KNeighborsClassifier,robust,undersample,on,0.3402947554915148,0.0636708401046234,0.3596591513526554,0.1420219509901133,0.4393073151324118,448,0.29728536414229845,0.18710497025632541
IMPUTED,config_random80,QuadraticDiscriminantAnalysis,standard,smoteenn,on,0.3401093546052081,0.1554385389976267,0.3391021570043601,-0.254195563720897,0.7474093186836597,1680,1.0016048824045567,0.4570251799691206
STRICT,config_strat80,KNeighborsClassifier,maxabs,none,off,0.3400065114080971,0.10959009508644382,0.3267616012328021,-0.0427960492510912,0.5921565254637922,320,0.6349525747148833,0.3223176363081674
STRICT,config_kfold,QuadraticDiscriminantAnalysis,robust,smoteenn,on,0.3399142085887513,0.08734068887531188,0.3529809393062196,0.0801316104892302,0.5584507137404545,3360,0.4783191032512243,0.25694921444423025
STRICT,config_loo,SVC,maxabs,none,off,0.33975893765913684,0.0920695021415441,0.3210936535057228,0.2362170789536534,0.4577035488158596,10,0.22148646986220621,0.27098478343463867
IMPUTED,config_random80,QuadraticDiscriminantAnalysis,none,smoteenn,off,0.33957644225831024,0.14724455219568683,0.3578300267477955,-0.0426042961498035,0.7453559924999299,240,0.7879602886497334,0.4336123884697523
IMPUTED,config_loo,SVC,none,none,off,0.33954605033806295,0.041175668736822026,0.3435254995094291,0.2680029655668786,0.3823965603373887,12,0.11439359477051014,0.12126681696290152
STRICT,config_random80,SVC,none,none,off,0.3394316250930964,0.20804348179181606,0.3851644432598216,-0.1313064328597225,0.6590909090909091,114,0.7903973419506316,0.6129172016153642
IMPUTED,config_loo,GaussianNB,none,smote,off,0.3390367378609391,0.0039770068732441315,0.34101704392190324,0.3324963368250692,0.3416165267748806,12,0.009120189949811397,0.011730312468011534
STRICT,config_loo,QuadraticDiscriminantAnalysis,standard,smote,off,0.3390170455536212,0.039937462848148086,0.3328689213312087,0.2788693802336282,0.425764970730571,24,0.14689559049694284,0.11780370153049224
STRICT,config_loo,KNeighborsClassifier,standard,none,on,0.33897845034260216,0.05581499925395954,0.3469253679442434,0.1457362338789812,0.4970873425511778,224,0.35135110867219665,0.16465648243287404
STRICT,config_random80,KNeighborsClassifier,maxabs,smote,off,0.3389423528117058,0.1940502537349815,0.3232676249994279,-0.0811273914314836,0.6929023281557338,1262,0.7740297195872174,0.5725169844524657
IMPUTED,config_loo,KNeighborsClassifier,standard,smoteenn,off,0.33892401985871823,0.05121483125063342,0.3315075525921946,0.2468893908194495,0.4615341958605458,128,0.2146448050410963,0.15111006671047544
IMPUTED,config_loo,KNeighborsClassifier,robust,smoteenn,on,0.33866540715988064,0.06078349374106458,0.3424357729147155,0.1709514280056845,0.4615341958605458,896,0.29058276785486126,0.1794794875886727
IMPUTED,config_strat80,KNeighborsClassifier,maxabs,smote,on,0.33864746561631903,0.17695255230182955,0.3316863613133475,-0.1974066974213273,0.9229582069908971,8960,1.1203649044122244,0.5225273190212306
IMPUTED,config_random80,QuadraticDiscriminantAnalysis,robust,smote,on,0.3383664083409407,0.16445081371845835,0.3391021570043601,-0.2238141290858972,0.7453559924999299,1680,0.969170121585827,0.4860140063098592
STRICT,config_loo,RandomForestClassifier,standard,smoteenn,off,0.33809099326451125,0.048420198252989294,0.3425890948707095,0.2243756102952321,0.4280445488666963,258,0.2036689385714642,0.14321646899095866
IMPUTED,config_kfold,QuadraticDiscriminantAnalysis,robust,none,off,0.33772078514431253,0.054561892251011046,0.3371998151845843,0.1519954710394666,0.4290224690244152,120,0.2770269979849486,0.1615591774361653
STRICT,config_loo,QuadraticDiscriminantAnalysis,robust,smoteenn,on,0.3370638311141924,0.08354985232034938,0.3349588723406357,0.0984388722600718,0.4791267290114986,168,0.3806878567514268,0.2478754603962354
STRICT,config_kfold,KNeighborsClassifier,standard,none,off,0.33694922368330316,0.04913919591921476,0.33835855476371457,0.1761238716300152,0.4714677136734402,640,0.295343842043425,0.145835611021916
IMPUTED,config_strat80,KNeighborsClassifier,standard,none,on,0.3367980247404536,0.19104313188781127,0.3050830778329604,-0.2364331218717302,0.8459051693633014,2240,1.0823382912350317,0.5672335282697536
STRICT,config_strat80,KNeighborsClassifier,robust,undersample,on,0.33678567499795986,0.1597818935575636,0.3563483225498992,-0.2375655483665994,0.7715167498104595,4480,1.0090822981770589,0.4744319768307589
STRICT,config_random80,QuadraticDiscriminantAnalysis,standard,smote,off,0.3363795014824337,0.1386002384613359,0.3181818181818182,0.040291148201269,0.6590909090909091,240,0.6187997608896401,0.41203532870023546
IMPUTED,config_random80,KNeighborsClassifier,maxabs,none,off,0.336180307753264,0.15987735365036898,0.3333333333333333,-0.1701925886793526,0.6753002216523571,320,0.8454928103317098,0.4755702519247774
STRICT,config_random80,KNeighborsClassifier,robust,smoteenn,on,0.335924743866842,0.16004636441147996,0.3232676249994279,-0.2302830932359191,0.7925270806437588,8846,1.022810173879678,0.47643517583486233
STRICT,config_random80,KNeighborsClassifier,standard,none,on,0.3358562708093543,0.18764302561522173,0.337099931231621,-0.1544557483695711,0.7416198487095663,2212,0.8960755970791374,0.5587003784774813
IMPUTED,config_loo,KNeighborsClassifier,standard,none,on,0.3357974263242188,0.0628658611848104,0.3496527610237563,0.1199045827571993,0.4867247990440576,224,0.3668202162868583,0.18721364804062618
STRICT,config_random80,QuadraticDiscriminantAnalysis,none,smote,off,0.3357209371037146,0.17018044271417407,0.3181818181818182,-0.0657951694959769,0.7366351076087241,240,0.8024302771047009,0.5069104244207446
STRICT,config_random80,SVC,maxabs,none,off,0.3356956364847426,0.18458026893749052,0.3466876226407682,0.0,0.6504436355879909,114,0.6504436355879909,0.5498441113811728
IMPUTED,config_random80,QuadraticDiscriminantAnalysis,robust,smote,off,0.33564896758787827,0.15100724734990112,0.34344328502100735,-0.0305788314862575,0.7453559924999299,240,0.7759348239861874,0.44989635581216264
STRICT,config_kfold,QuadraticDiscriminantAnalysis,robust,none,off,0.3349916222902242,0.04918637763289066,0.3346801188487911,0.2007650783739638,0.4309191147940636,120,0.2301540364200998,0.1468286797640492
IMPUTED,config_loo,QuadraticDiscriminantAnalysis,robust,undersample,off,0.33490976591308835,0.07214319429487911,0.3321633084113331,0.2198805892213598,0.4289934368490385,12,0.2091128476276787,0.21541084088184168
STRICT,config_random80,KNeighborsClassifier,maxabs,none,off,0.33479477007538533,0.2043054913731775,0.3181818181818182,-0.0693375245281536,0.82915619758885,316,0.8984937221170035,0.6102409883140477
STRICT,config_random80,KNeighborsClassifier,standard,none,off,0.3347702864550709,0.18500773193425782,0.337099931231621,-0.1066003581778052,0.7416198487095663,316,0.8482202068873715,0.5526408388669449
IMPUTED,config_loo,QuadraticDiscriminantAnalysis,standard,undersample,off,0.33431159305538444,0.06508733764171903,0.3388666814742628,0.2198805892213598,0.3991102440118441,12,0.17922965479048428,0.1946906388942851
IMPUTED,config_kfold,SVC,robust,none,on,0.33417078655312005,0.10216981556929168,0.3644084845669092,-0.0276550721145595,0.4846468839583828,1398,0.5123019560729423,0.3057413145629673
IMPUTED,config_loo,RandomForestClassifier,standard,undersample,off,0.3339473526076874,0.03135598512668691,0.3204925371234562,0.2885633696366216,0.4094224637628599,116,0.1208590941262383,0.09389499536929433
IMPUTED,config_loo,GaussianNB,standard,smoteenn,off,0.33385624555385834,0.03202493367699294,0.3344763360468242,0.2898830582846526,0.3765892518371325,12,0.08670619355247988,0.09592432103183948
IMPUTED,config_loo,KNeighborsClassifier,standard,smote,off,0.3333945461669758,0.04410431556723551,0.327800861189009,0.257145425319475,0.4303265774239252,128,0.17318115210445023,0.1322886534117043
IMPUTED,config_strat80,KNeighborsClassifier,maxabs,none,off,0.33336701589186646,0.1536938725688906,0.3050830778329604,-0.0401286176952564,0.7679476477883045,320,0.8080762654835609,0.46103503118840033
IMPUTED,config_random80,QuadraticDiscriminantAnalysis,none,none,off,0.3332593520143854,0.1494099000561438,0.37553845510227485,0.024049303512194,0.6201736729460423,60,0.5961243694338483,0.4483292041259638
STRICT,config_random80,QuadraticDiscriminantAnalysis,maxabs,undersample,on,0.33316934021672745,0.19573956811620094,0.3731012536223182,-0.1119785021911708,0.7366351076087241,840,0.8486136097998949,0.5875077460275062
IMPUTED,config_loo,RandomForestClassifier,maxabs,undersample,off,0.3329759312014605,0.029739034224597966,0.3397315084925725,0.2885633696366216,0.4089042715023407,115,0.12034090186571911,0.08931286449832
STRICT,config_random80,QuadraticDiscriminantAnalysis,robust,smote,off,0.3328729524795208,0.1343756819781326,0.313394259053001,0.0533001790889026,0.6590909090909091,240,0.6057907300020065,0.4036845919056753
IMPUTED,config_random80,QuadraticDiscriminantAnalysis,standard,smote,on,0.3327948777886163,0.16440629878729127,0.3418817293789138,-0.2238141290858972,0.7453559924999299,1680,0.969170121585827,0.49401691480275245
IMPUTED,config_random80,KNeighborsClassifier,standard,none,on,0.3327632303127391,0.1588311739153626,0.3318803884682784,-0.1701925886793526,0.7948717948717948,2240,0.9650643835511474,0.4773098691405573
STRICT,config_random80,KNeighborsClassifier,robust,none,off,0.3327453003540066,0.20215599654186558,0.365079365079365,-0.1066003581778052,0.7416198487095663,316,0.8482202068873715,0.6075397498530933
STRICT,config_random80,KNeighborsClassifier,standard,smoteenn,off,0.33267447068979905,0.15020703275882624,0.314256853626364,0.0,0.6895828271676111,1264,0.6895828271676111,0.4515135545188443
IMPUTED,config_kfold,QuadraticDiscriminantAnalysis,robust,smote,on,0.332580742576232,0.06764903359912504,0.3378492875962263,0.0863807321352847,0.5041603779565731,3360,0.4177796458212884,0.20340634600519292
IMPUTED,config_kfold,KNeighborsClassifier,robust,smoteenn,on,0.3325397657180731,0.06260133571466255,0.336813451231169,0.0643051775072396,0.5091930714089766,17892,0.444887893901737,0.18825217964379004
STRICT,config_loo,GaussianNB,robust,undersample,on,0.3325186953324158,0.09962416494236255,0.3674219716109345,0.1427767029341752,0.4375871418875156,33,0.29481043895334036,0.29960470295593217
IMPUTED,config_kfold,KNeighborsClassifier,standard,none,on,0.3324423322933147,0.06611095986994994,0.3363597104600784,0.0024149272435763,0.5376073436569573,4473,0.535192416413381,0.19886444489151303
STRICT,config_strat80,LogisticRegression,maxabs,none,on,0.33226177855309014,0.2382744316085758,0.4075500715665535,0.0,0.8017837257372731,840,0.8017837257372731,0.7171286226366339
STRICT,config_strat80,KNeighborsClassifier,standard,smote,on,0.3319047763303818,0.1337667086565296,0.3267616012328021,-0.0890870806374748,0.7715167498104595,8960,0.8606038304479343,0.40302736867931266
STRICT,config_random80,GaussianNB,maxabs,smoteenn,off,0.33168116613544557,0.12607986674984312,0.3192190628959962,0.0811273914314836,0.5921565254637922,228,0.5110291340323085,0.3801236838945418
IMPUTED,config_kfold,QuadraticDiscriminantAnalysis,robust,smoteenn,off,0.33159202048320074,0.0667284415972537,0.338473540226615,0.0805200519539403,0.4807655217419054,480,0.4002454697879651,0.20123657227944158
STRICT,config_loo,QuadraticDiscriminantAnalysis,robust,none,off,0.3314479089876799,0.027494832557030134,0.3288102833790712,0.3021115514281531,0.3634218921558155,6,0.061310340727662394,0.082953706484394
STRICT,config_loo,KNeighborsClassifier,robust,smoteenn,on,0.3314099516720165,0.08568891034980633,0.3425660853315318,-0.0134669929634515,0.4843512481982183,894,0.4978182411616698,0.2585586519580719
IMPUTED,config_loo,KNeighborsClassifier,maxabs,smote,off,0.3311909573282426,0.04670770460719594,0.3234956794395422,0.2457581620011381,0.418700269327716,128,0.1729421073265779,0.1410295286561947
STRICT,config_kfold,QuadraticDiscriminantAnalysis,maxabs,undersample,on,0.3310111213755449,0.14791207127119754,0.36743608804393363,0.0,0.5439321261592893,1680,0.5439321261592893,0.44684924982742674
IMPUTED,config_loo,GaussianNB,standard,none,on,0.3308042526709751,0.011764125945527094,0.3301925209836083,0.3137909393802941,0.3496527610237563,15,0.03586182164346219,0.035562196829518826
STRICT,config_loo,GaussianNB,maxabs,none,on,0.33059616564816147,0.011374400775058892,0.3389422842217006,0.3163810263314939,0.3395521676099052,16,0.0231711412784113,0.03440572504148204
IMPUTED,config_kfold,KNeighborsClassifier,robust,smote,off,0.3303891664271871,0.05404851458252459,0.3307594632768506,0.1694994957369044,0.4744036140022271,2556,0.3049041182653227,0.1635904565727826
IMPUTED,config_strat80,KNeighborsClassifier,robust,smoteenn,on,0.33037781653285625,0.17604838839297615,0.3280209083173944,-0.2789579047098707,0.8459051693633014,8960,1.124863074073172,0.5328698828526462
IMPUTED,config_random80,SVC,maxabs,undersample,on,0.3303326300793938,0.29963402927224864,0.4118415294481012,-0.5673665146135802,0.8563488385776753,1680,1.4237153531912554,0.9070676100033869
STRICT,config_loo,KNeighborsClassifier,standard,none,off,0.3302379535818944,0.04011230422161683,0.3487179346962114,0.2492762270825283,0.3623730555262172,32,0.11309682844368887,0.1214648521968555
IMPUTED,config_random80,RandomForestClassifier,robust,none,off,0.32998326674479883,0.1453184814878731,0.3133397807202561,-0.1485641521380892,0.6546536707079772,1440,0.8032178228460665,0.44038136515649123
IMPUTED,config_random80,RandomForestClassifier,standard,none,off,0.32993865661496175,0.1472397607804992,0.3133397807202561,-0.1485641521380892,0.7141684885491869,1440,0.8627326406872762,0.44626404887235727
IMPUTED,config_strat80,QuadraticDiscriminantAnalysis,robust,none,off,0.32981004539805336,0.13662157875133088,0.3165519930751774,0.1136584015456127,0.687932430407656,60,0.5742740288620433,0.4142432307858906
IMPUTED,config_random80,RandomForestClassifier,maxabs,none,off,0.3293890158413295,0.14789699489287828,0.3133397807202561,-0.1485641521380892,0.6546536707079772,1440,0.8032178228460665,0.4490040280035384
IMPUTED,config_random80,RandomForestClassifier,none,none,off,0.32922747796227103,0.14660260788975835,0.3133397807202561,-0.1485641521380892,0.6546536707079772,1440,0.8032178228460665,0.4452927465141861
IMPUTED,config_strat80,SVC,maxabs,undersample,on,0.3290608114639878,0.33566192416795537,0.4115687677026414,-0.6042179781166439,0.92783056924063,1680,1.5320485473572738,1.020060464430873
STRICT,config_kfold,QuadraticDiscriminantAnalysis,robust,smote,off,0.32887222626664964,0.06430728821331175,0.334853398994506,0.1653484725332913,0.4652603540943872,480,0.29991188156109594,0.19553882352221313
STRICT,config_random80,QuadraticDiscriminantAnalysis,robust,smote,on,0.3288419624089026,0.1338458799626542,0.3127828530760306,-0.0171979790122527,0.6895828271676111,1680,0.7067808061798638,0.4070218988543253
STRICT,config_loo,QuadraticDiscriminantAnalysis,maxabs,none,off,0.3288102833790712,0.0,0.3288102833790712,0.3288102833790712,0.3288102833790712,2,0.0,0.0
STRICT,config_loo,QuadraticDiscriminantAnalysis,robust,smote,on,0.32866618944413706,0.07729114221243827,0.34292320656509934,0.1287539633390452,0.456563218857709,168,0.3278092555186638,0.23516608855677665
STRICT,config_random80,KNeighborsClassifier,maxabs,smoteenn,on,0.32866220276079805,0.1473665301288636,0.3307189138830738,-0.1230914909793327,0.7366351076087241,8834,0.8597265985880568,0.4483829563940387
IMPUTED,config_loo,QuadraticDiscriminantAnalysis,robust,smote,on,0.32793180472311606,0.05096967540130455,0.3307793667612287,0.2140997886789193,0.4286525845519202,168,0.21455279587300088,0.15542766717714365
IMPUTED,config_kfold,KNeighborsClassifier,standard,none,off,0.3278962332569026,0.04206911357164917,0.3272314379541683,0.2184416202652299,0.4154021417028896,639,0.19696052143765969,0.12830008186976807
IMPUTED,config_kfold,GaussianNB,robust,none,on,0.3272683729096126,0.0796619287075249,0.3410311005554686,0.0552277773953569,0.4766074957480596,588,0.4213797183527027,0.24341468746057698
STRICT,config_strat80,KNeighborsClassifier,robust,smote,on,0.3267308809258891,0.1433968391975946,0.3267616012328021,-0.2302830932359191,0.7094390134677043,8960,0.9397221067036234,0.4388836426824334
IMPUTED,config_random80,KNeighborsClassifier,standard,none,off,0.32563400675680015,0.12506757921872197,0.3026137663344012,-0.0195180014589706,0.6342857142857142,320,0.6538037157446849,0.38407407280446826
STRICT,config_strat80,QuadraticDiscriminantAnalysis,maxabs,smote,on,0.32561703765979033,0.195317578890319,0.3267616012328021,-0.0171979790122527,0.8017837257372731,1680,0.8189817047495258,0.5998383263175245
STRICT,config_random80,GaussianNB,robust,smoteenn,on,0.3254489056155129,0.1747479893840682,0.3181818181818182,-0.2773500981126146,0.7385489458759964,1596,1.015899043988611,0.5369444676840193
STRICT,config_strat80,QuadraticDiscriminantAnalysis,maxabs,undersample,on,0.32540893734316617,0.18661976840381583,0.34155496189135065,0.0,0.6998542122237652,840,0.6998542122237652,0.5734930636124859
STRICT,config_strat80,SVC,none,none,off,0.32521383651795166,0.14847817098711136,0.365079365079365,0.0,0.5991446895152781,120,0.5991446895152781,0.4565555161393492
IMPUTED,config_strat80,QuadraticDiscriminantAnalysis,maxabs,smote,off,0.32515306204647965,0.18707632622859435,0.3050830778329604,0.0,0.7092993656151906,240,0.7092993656151906,0.5753484991073292
STRICT,config_random80,QuadraticDiscriminantAnalysis,standard,smoteenn,off,0.32499378420780484,0.1553089450669316,0.3232676249994279,-0.1264911064067351,0.6756639246921763,240,0.8021550310989114,0.47788281688373846
STRICT,config_loo,QuadraticDiscriminantAnalysis,maxabs,smote,on,0.3249339583394251,0.10346053514533812,0.33591180593332537,0.131029661797675,0.4762381619637422,168,0.3452085001660672,0.31840480962369444
STRICT,config_kfold,SVC,none,none,off,0.3246409077723563,0.07753595205838128,0.3384254213458698,0.0845657173103716,0.4759180175141452,225,0.3913523002037736,0.23883604993105426
IMPUTED,config_strat80,SVC,maxabs,undersample,off,0.32452192930467216,0.3287868057139136,0.4290823322857326,-0.6042179781166439,0.8643121965600912,240,1.4685301746767352,1.0131420283935186
IMPUTED,config_kfold,QuadraticDiscriminantAnalysis,standard,smoteenn,off,0.3243474952440811,0.06501871338102617,0.3237115325743938,0.0934228623085813,0.4772052810911103,480,0.38378241878252906,0.20046004465703574
STRICT,config_loo,KNeighborsClassifier,standard,smoteenn,off,0.3240271537009403,0.04636649364203489,0.3160807685303818,0.2409754819677425,0.4281888394193246,128,0.18721335745158213,0.14309446943705428
IMPUTED,config_random80,QuadraticDiscriminantAnalysis,maxabs,undersample,on,0.3237516904168663,0.19454498110432514,0.3455681798817401,0.0,0.7453559924999299,840,0.7453559924999299,0.6009080009862708
STRICT,config_strat80,SVC,maxabs,none,off,0.32340957838650203,0.17703933891290863,0.3851644432598216,0.0,0.5991446895152781,120,0.5991446895152781,0.5474152614655449
STRICT,config_kfold,QuadraticDiscriminantAnalysis,none,none,off,0.3228093721692363,0.05244169552418411,0.3274729678317454,0.1914540342557676,0.4302292036029057,120,0.23877516934713808,0.16245406746335417
IMPUTED,config_loo,QuadraticDiscriminantAnalysis,maxabs,undersample,on,0.3227617888860188,0.1361819717227826,0.34743718651993766,0.056693546090597,0.4964109646633509,84,0.43971741857275387,0.42192718101111515
IMPUTED,config_kfold,SVC,none,none,off,0.3226064608000137,0.06581364313831566,0.3284995167690295,0.1439859627500994,0.4740260574431557,203,0.3300400946930563,0.2040059674412846
IMPUTED,config_kfold,QuadraticDiscriminantAnalysis,maxabs,undersample,on,0.32205830215590014,0.14455599999781382,0.3591482802363995,-0.0224701765881941,0.5485392326636649,1680,0.571009409251859,0.44885040699195505
STRICT,config_loo,QuadraticDiscriminantAnalysis,maxabs,smote,off,0.3217720459354444,0.10612687451303492,0.324429955700806,0.131029661797675,0.4664476653704582,24,0.3354180035727832,0.32982005694281674
IMPUTED,config_strat80,QuadraticDiscriminantAnalysis,none,none,off,0.32137984011027626,0.15670983913562758,0.2799291142883328,0.1136584015456127,0.7679476477883045,60,0.6542892462426918,0.4876156484546609
IMPUTED,config_random80,QuadraticDiscriminantAnalysis,robust,smoteenn,on,0.3212909631209759,0.16767228885892901,0.3362177451688467,-0.2660458593439243,0.6753002216523571,1680,0.9413460809962815,0.5218705413628308
IMPUTED,config_random80,SVC,none,none,off,0.32121402439295615,0.15946473499170394,0.34816119142170177,-0.1210898699241207,0.6180700462007377,120,0.7391599161248584,0.4964438750551665
STRICT,config_strat80,KNeighborsClassifier,standard,none,on,0.3210782808926342,0.1479452015382637,0.3086066999241838,-0.1454785934906615,0.8427009716003844,2240,0.9881795650910459,0.46077611081932796
IMPUTED,config_loo,KNeighborsClassifier,standard,none,off,0.3209493051399522,0.032496699340701415,0.32215673581182547,0.2597739381414216,0.3644093625363139,32,0.10463542439489232,0.10125181397894288
IMPUTED,config_loo,QuadraticDiscriminantAnalysis,robust,smote,off,0.3209444662332725,0.06034102117654923,0.3231060703761167,0.2208163791060042,0.4192345116490003,24,0.19841813254299606,0.1880107854319304
STRICT,config_random80,KNeighborsClassifier,robust,smote,off,0.32083198957103193,0.18201835294219645,0.3082573996425538,-0.05,0.7925270806437588,1264,0.8425270806437588,0.5673323074346917
STRICT,config_kfold,KNeighborsClassifier,robust,smote,on,0.31967622825432107,0.07142500725016043,0.328880970767531,0.0092646212310363,0.5475050354175302,17920,0.5382404141864938,0.22342921036135874
STRICT,config_strat80,KNeighborsClassifier,robust,smote,off,0.31958665714284407,0.1359396999915243,0.3086066999241838,0.0,0.7566444492037344,1280,0.7566444492037344,0.42536099975777153
STRICT,config_kfold,LogisticRegression,maxabs,none,on,0.3195666120078208,0.1979872418058048,0.40351402127144986,0.0,0.5884723560393629,1680,0.5884723560393629,0.6195492093553234
STRICT,config_random80,QuadraticDiscriminantAnalysis,robust,none,on,0.3194150924511935,0.21194593118227728,0.3181818181818182,-0.2567762955065477,0.82915619758885,420,1.0859324930953975,0.6635438844038422
IMPUTED,config_kfold,KNeighborsClassifier,robust,smote,on,0.31914268897639403,0.07292700223619505,0.3268064839375149,0.0291297828669333,0.5294804895085627,17892,0.5003507066416294,0.2285090799670151
STRICT,config_kfold,QuadraticDiscriminantAnalysis,maxabs,undersample,off,0.3190228177594667,0.14799379220886566,0.33948677451859643,0.0,0.5281388696000728,240,0.5281388696000728,0.4638972009846906
STRICT,config_random80,KNeighborsClassifier,maxabs,smoteenn,off,0.3190142562798006,0.1509703841349379,0.3202563076101743,-0.1230914909793327,0.6546536707079772,1262,0.7777451616873099,0.47324024291417555
IMPUTED,config_strat80,QuadraticDiscriminantAnalysis,none,undersample,off,0.31899186616917896,0.09372778118341667,0.2976851013806767,0.1326193317473155,0.4865336327998411,120,0.3539143010525256,0.2938249877935999
STRICT,config_random80,QuadraticDiscriminantAnalysis,maxabs,undersample,off,0.31867210701255266,0.19759818906458673,0.3423811916311629,-0.1119785021911708,0.6895828271676111,120,0.8015613293587819,0.6200674132323832
IMPUTED,config_kfold,QuadraticDiscriminantAnalysis,robust,smoteenn,on,0.3185488279198846,0.06600294903817659,0.3237151807811833,0.0943861385371209,0.4788401320249418,3360,0.3844539934878209,0.20719884442574818
IMPUTED,config_strat80,KNeighborsClassifier,maxabs,smote,off,0.3182580189951903,0.1740792932502074,0.3280209083173944,-0.0928721811677373,0.8459051693633014,1280,0.9387773505310387,0.5469753560328615
IMPUTED,config_random80,SVC,robust,none,on,0.31805274807853845,0.1837924199025567,0.3333333333333333,-0.1036951694730425,0.7474093186836597,840,0.8511044881567021,0.5778677311009175
IMPUTED,config_kfold,QuadraticDiscriminantAnalysis,robust,smote,off,0.31791740603121643,0.0641173471638716,0.32219193906449406,0.1320472016950676,0.4535676737894508,480,0.32152047209438317,0.2016792599194015
STRICT,config_strat80,QuadraticDiscriminantAnalysis,robust,smote,on,0.3171042233902463,0.19155740340981237,0.3267616012328021,-0.3611575592573076,0.8427009716003844,1680,1.203858530857692,0.6040834188892875
IMPUTED,config_loo,QuadraticDiscriminantAnalysis,robust,undersample,on,0.31710125787368004,0.06446520464366945,0.32022591313915655,0.1731396464919821,0.4289934368490385,84,0.2558537903570564,0.20329532930881564
STRICT,config_kfold,QuadraticDiscriminantAnalysis,standard,smote,off,0.31688953113684026,0.0568925192818882,0.32092236570729604,0.1870999518542307,0.4456943516062214,480,0.2585943997519907,0.17953423414710626
IMPUTED,config_strat80,KNeighborsClassifier,robust,smote,off,0.3167081149786239,0.16476114002512604,0.2809003238667948,-0.0821256038647343,0.8454106280193237,1280,0.927536231884058,0.5202302442936978
STRICT,config_strat80,QuadraticDiscriminantAnalysis,robust,undersample,on,0.31667220891167813,0.20579648327571512,0.365079365079365,-0.4629100498862757,0.670721181477857,840,1.1336312313641326,0.6498722574455943
IMPUTED,config_kfold,QuadraticDiscriminantAnalysis,none,none,off,0.31665332479969954,0.05963939650084109,0.3141179894430748,0.1519954710394666,0.4112798584433917,120,0.2592843874039251,0.1883428716201425
STRICT,config_strat80,QuadraticDiscriminantAnalysis,standard,none,on,0.31640856549613855,0.1313441061922515,0.3086066999241838,-0.0452833412851726,0.6172133998483676,420,0.6624967411335403,0.4151091990392227
IMPUTED,config_loo,QuadraticDiscriminantAnalysis,standard,smote,off,0.31600098456858366,0.04975809366006372,0.3105531688680999,0.2002285041759972,0.3894716292350307,24,0.1892431250590335,0.15746183110155598
IMPUTED,config_kfold,LogisticRegression,maxabs,none,on,0.31597576133502336,0.19751405674493627,0.3755416360696633,0.0,0.5784857589202927,1680,0.5784857589202927,0.625092430857428
STRICT,config_loo,GaussianNB,robust,smoteenn,on,0.31588978406702706,0.0952690858103405,0.3425660853315318,0.0729376688167091,0.4670091079927116,75,0.3940714391760025,0.30158963858776083
STRICT,config_strat80,SVC,maxabs,undersample,off,0.3158634730718638,0.2842471726596371,0.4256887899825743,-0.4285714285714285,0.6831300510639732,240,1.1117014796354017,0.8999051707221826
IMPUTED,config_random80,QuadraticDiscriminantAnalysis,standard,smoteenn,off,0.31567786252317487,0.17156579303958816,0.3268228676411533,-0.2277100170213244,0.762962962962963,240,0.9906729799842874,0.5434837643295085
IMPUTED,config_random80,LogisticRegression,maxabs,none,off,0.3148399843180599,0.22355510552291524,0.38528499010128203,0.0,0.7125253031944253,120,0.7125253031944253,0.7100594481578738
STRICT,config_random80,GaussianNB,maxabs,smoteenn,on,0.31478498805274713,0.15338281003750465,0.337099931231621,-0.1507556722888818,0.6361072620956485,1596,0.7868629343845303,0.4872621499085051
IMPUTED,config_random80,LogisticRegression,maxabs,none,on,0.3134619461972202,0.2508426041614595,0.3522267206477733,-0.1036951694730425,0.8563488385776753,840,0.9600440080507178,0.8002330337209014
STRICT,config_loo,KNeighborsClassifier,standard,smote,off,0.3132371326246011,0.04584801832065669,0.3114133121997138,0.1940945417032001,0.3984521070890828,128,0.2043575653858827,0.14636840126998363
IMPUTED,config_loo,QuadraticDiscriminantAnalysis,maxabs,smote,on,0.31318338276343405,0.10775578629849826,0.3355584397404427,0.056693546090597,0.4759086343124761,168,0.4192150882218791,0.3440661038516612
IMPUTED,config_strat80,KNeighborsClassifier,standard,none,off,0.3131666744249753,0.17922470366612572,0.2809003238667948,0.0372584861674913,0.8459051693633014,320,0.8086466831958101,0.5722981348357429
IMPUTED,config_loo,KNeighborsClassifier,robust,smote,on,0.31298568551394457,0.0703163873273474,0.3298821187492406,0.1175628542964014,0.4714511823509503,896,0.3538883280545489,0.2246632692223062
STRICT,config_random80,KNeighborsClassifier,robust,smote,on,0.31290963025482466,0.18265458415220995,0.3086066999241838,-0.2302830932359191,0.7566444492037344,8846,0.9869275424396535,0.5837295068338462
STRICT,config_random80,KNeighborsClassifier,standard,smote,off,0.3124491537569616,0.18998196547023727,0.29997767628873695,-0.1066003581778052,0.7925270806437588,1264,0.899127438821564,0.6080412226624708
STRICT,config_strat80,KNeighborsClassifier,standard,smote,off,0.3123730212396886,0.12224940364784709,0.3082573996425538,0.0,0.6825396825396826,1280,0.6825396825396826,0.39135711260430284
IMPUTED,config_loo,KNeighborsClassifier,robust,smote,off,0.3123390692102787,0.05076400727809369,0.301785708956975,0.2255684497388277,0.4197765069204641,128,0.1942080571816364,0.16252852198876663
STRICT,config_strat80,QuadraticDiscriminantAnalysis,maxabs,smoteenn,on,0.3121544612783353,0.16985216047451257,0.3082573996425538,-0.1543033499620919,0.8017837257372731,1680,0.956087075699365,0.5441285694874705
IMPUTED,config_random80,QuadraticDiscriminantAnalysis,standard,smote,off,0.3118608389861913,0.1552220779587527,0.32863803759813126,-0.1298662389658481,0.7453559924999299,240,0.875222231465778,0.4977286614868168
STRICT,config_strat80,LogisticRegression,maxabs,none,off,0.3116719557099447,0.22673533386134104,0.3348821295907457,0.0,0.8412698412698413,120,0.8412698412698413,0.7274807043350113
IMPUTED,config_strat80,KNeighborsClassifier,standard,smote,off,0.3113067245187681,0.17786981627491516,0.2799291142883328,-0.0928721811677373,0.777878154009821,1280,0.8707503351775583,0.5713651593934383
IMPUTED,config_loo,GaussianNB,robust,smoteenn,on,0.3110468894343636,0.048337467058649,0.301785708956975,0.243287560071304,0.3844204307611728,69,0.14113287068986882,0.1554025090768479
STRICT,config_random80,QuadraticDiscriminantAnalysis,maxabs,smote,on,0.31094166973991205,0.1814111447412565,0.3232676249994279,-0.1459918306449029,0.7416198487095663,1680,0.8876116793544693,0.5834250034516065
STRICT,config_loo,QuadraticDiscriminantAnalysis,maxabs,none,on,0.31019802566486987,0.040565832796245774,0.3021115514281531,0.2556334398755832,0.3550875510066608,14,0.0994541111310776,0.1307739877109085
STRICT,config_random80,SVC,maxabs,none,on,0.3096975279869943,0.18268709049791543,0.337099931231621,0.0,0.6504436355879909,798,0.6504436355879909,0.5898887591559573
STRICT,config_kfold,KNeighborsClassifier,robust,none,off,0.30897991767547456,0.05315849385637924,0.3084469065962497,0.1836013248390212,0.4445132468742,640,0.2609119220351788,0.17204514214484407
STRICT,config_strat80,SVC,maxabs,undersample,on,0.30891766828017087,0.2789555757216705,0.4000661320993193,-0.4285714285714285,0.7566444492037344,1680,1.185215877775163,0.9030094564506216
STRICT,config_kfold,QuadraticDiscriminantAnalysis,maxabs,smote,on,0.3086766442791124,0.1322649341830204,0.34021680757025935,0.0,0.5252839321276798,3360,0.5252839321276798,0.4284902555290949
STRICT,config_random80,QuadraticDiscriminantAnalysis,robust,smoteenn,off,0.3082186369932412,0.16002775092965157,0.31030817232557684,-0.1749635530559413,0.7366351076087241,240,0.9115986606646653,0.5192020589370161
STRICT,config_loo,KNeighborsClassifier,robust,smote,off,0.3081240818783944,0.051344710803286175,0.3109710358424619,0.2243756102952321,0.4103178369544656,128,0.18594222665923352,0.16663647479378163
IMPUTED,config_strat80,KNeighborsClassifier,robust,smote,on,0.30803449907700836,0.1736611133432486,0.2889738156210036,-0.2085144140570747,0.8459051693633014,8960,1.054419583420376,0.5637716355265566
STRICT,config_kfold,SVC,maxabs,none,off,0.30704544163615,0.15571753250342338,0.3599652094141247,0.0,0.5286673306966778,225,0.5286673306966778,0.5071481656710255
STRICT,config_random80,QuadraticDiscriminantAnalysis,robust,smoteenn,on,0.3070289023484512,0.152736260926227,0.31030817232557684,-0.2010075630518424,0.7416198487095663,1680,0.9426274117614087,0.49746541696222646
IMPUTED,config_random80,QuadraticDiscriminantAnalysis,maxabs,undersample,off,0.3067226305703423,0.18351974745024333,0.34325967501668886,0.0,0.6146362971528592,120,0.6146362971528592,0.598324770197078
STRICT,config_random80,KNeighborsClassifier,robust,undersample,on,0.30662337743151424,0.18709822507314608,0.3181818181818182,-0.338501600193165,0.7566444492037344,4423,1.0951460493968994,0.6101890424676942
IMPUTED,config_kfold,QuadraticDiscriminantAnalysis,standard,smote,off,0.3064183074959212,0.05453397871402333,0.3049610051892063,0.1359487375502983,0.4279087396646837,480,0.2919600021143854,0.17797232534726812
STRICT,config_random80,LogisticRegression,maxabs,none,off,0.30615130733526535,0.23765731483291697,0.3202563076101743,0.0,0.8528028654224417,120,0.8528028654224417,0.7762740486117186
STRICT,config_strat80,KNeighborsClassifier,robust,none,on,0.30532157217756617,0.16363170050906833,0.2927700218845599,-0.2927700218845599,0.7637626158259733,2240,1.056532637710533,0.5359323265042828
IMPUTED,config_strat80,QuadraticDiscriminantAnalysis,maxabs,smoteenn,on,0.3049057713375439,0.18258536129274008,0.2809003238667948,-0.1224264366039326,0.8459051693633014,1680,0.968331605967234,0.5988255338420938
STRICT,config_loo,KNeighborsClassifier,robust,undersample,on,0.30426759666303277,0.08629544079462327,0.3234160339648642,0.0078593206836683,0.4583558374945771,448,0.4504965168109088,0.2836169271425668
STRICT,config_strat80,QuadraticDiscriminantAnalysis,maxabs,smoteenn,off,0.30378032721469644,0.17052864683571825,0.3084320497833688,-0.0427960492510912,0.6825396825396826,240,0.7253357317907737,0.561355135795865
STRICT,config_random80,SVC,maxabs,undersample,off,0.30373518403446154,0.3337460157220825,0.4129842690630074,-0.8528028654224417,0.7715167498104595,228,1.6243196152329011,1.0988059114159654
IMPUTED,config_strat80,KNeighborsClassifier,robust,none,off,0.3036810819351721,0.1826620600084017,0.2757127976394358,0.0052540693749273,0.8459051693633014,320,0.8406510999883741,0.6014930493674783
IMPUTED,config_strat80,QuadraticDiscriminantAnalysis,robust,none,on,0.3036460173528595,0.18362581357240537,0.3280209083173944,-0.2691909510290827,0.6042179781166439,420,0.8734089291457265,0.6047364466467491
STRICT,config_random80,QuadraticDiscriminantAnalysis,none,smoteenn,off,0.3034430359435769,0.15467674646511956,0.3181818181818182,-0.2010075630518424,0.670721181477857,240,0.8717287445296994,0.5097389893432275
IMPUTED,config_kfold,QuadraticDiscriminantAnalysis,maxabs,smote,on,0.30339429078431096,0.12899070773499854,0.34022143251301074,0.0,0.5029137833259775,3360,0.5029137833259775,0.42515865213396714
STRICT,config_strat80,KNeighborsClassifier,robust,none,off,0.3033447043652819,0.13742847907449685,0.2927700218845599,0.0476190476190476,0.7566444492037344,320,0.7090254015846869,0.4530439368046726
IMPUTED,config_random80,QuadraticDiscriminantAnalysis,robust,none,on,0.3021267215964637,0.18971437691149368,0.2848946063778418,-0.2277100170213244,0.7453559924999299,420,0.9730660095212543,0.6279298166975318
IMPUTED,config_random80,QuadraticDiscriminantAnalysis,maxabs,smote,on,0.3019263083037215,0.19034799064179128,0.3418817293789138,-0.2238141290858972,0.6546536707079772,1680,0.8784677997938743,0.630445196085104
STRICT,config_kfold,GaussianNB,maxabs,none,on,0.30190368572729803,0.04964361254861256,0.30077178936826443,0.1711818163939364,0.4223552996294865,756,0.2511734832355501,0.16443526493894606
IMPUTED,config_kfold,QuadraticDiscriminantAnalysis,none,smoteenn,off,0.3018709410961501,0.06456512196521957,0.3031636368403685,0.1307860180347038,0.4664442851686891,480,0.3356582671339853,0.2138831970072094
STRICT,config_strat80,KNeighborsClassifier,standard,none,off,0.3018276164862171,0.11922523988920516,0.2927700218845599,0.0363696483726653,0.5921565254637922,320,0.5557868770911268,0.39501103735035314
STRICT,config_loo,QuadraticDiscriminantAnalysis,maxabs,smoteenn,on,0.3018252231985944,0.09221867020598223,0.292530040791657,0.1049108636327816,0.4961939499330346,164,0.391283086300253,0.30553665869503677
STRICT,config_kfold,SVC,maxabs,undersample,off,0.3011939961381083,0.30597764498546604,0.4609023291978119,-0.456585745185211,0.5820184896100872,450,1.0386042347952982,1.0158822848685345
IMPUTED,config_strat80,GaussianNB,maxabs,none,on,0.30117848018167337,0.1899489500838541,0.3591909204054964,-0.2011958253044531,0.6042179781166439,420,0.805413803421097,0.6306856650889376
IMPUTED,config_kfold,KNeighborsClassifier,robust,none,off,0.3011215660680378,0.05111177764957355,0.2998507486231252,0.1560360062762719,0.4402293471339608,639,0.2841933408576889,0.1697380174956481
IMPUTED,config_loo,QuadraticDiscriminantAnalysis,maxabs,smoteenn,on,0.30078075345653327,0.09796423104062452,0.304591167085948,0.0851350008662808,0.4771575495130864,168,0.39202254864680564,0.32569979932170634
IMPUTED,config_loo,QuadraticDiscriminantAnalysis,maxabs,none,on,0.30046690086397765,0.04388681781920136,0.3137909393802941,0.2420672960933697,0.3720707550711956,14,0.1300034589778259,0.14606207104012786
STRICT,config_random80,QuadraticDiscriminantAnalysis,maxabs,smote,off,0.3003265143150445,0.1831087772574194,0.32797077228232907,0.0,0.7416198487095663,240,0.7416198487095663,0.6096990060136251
STRICT,config_strat80,QuadraticDiscriminantAnalysis,robust,undersample,off,0.30025173060556665,0.18269723361690984,0.31451195678922306,-0.1111111111111111,0.6533052580081484,120,0.7644163691192596,0.6084802017574871
STRICT,config_random80,SVC,maxabs,undersample,on,0.2996845345590803,0.34039739063152075,0.3853551092995474,-0.9211323729436768,0.9211323729436768,1596,1.8422647458873536,1.135852376007125
STRICT,config_kfold,LogisticRegression,maxabs,none,off,0.2996642946710628,0.1975096138267826,0.3612433245535285,0.0,0.5631546254869031,240,0.5631546254869031,0.6591029273059911
IMPUTED,config_kfold,QuadraticDiscriminantAnalysis,robust,none,on,0.29898994303831017,0.07650038500512739,0.3111362067917042,0.0048087291047336,0.4290224690244152,840,0.4242137399196816,0.2558627364778127
STRICT,config_kfold,QuadraticDiscriminantAnalysis,robust,none,on,0.29886011890248443,0.08880603653266599,0.3226861904899434,0.0187324889866284,0.449256363998072,840,0.4305238750114436,0.2971491708522095
STRICT,config_strat80,QuadraticDiscriminantAnalysis,maxabs,smote,off,0.2988461204199081,0.19762802591840328,0.2882121681750738,-0.0975900072948533,0.7094390134677043,240,0.8070290207625577,0.6613036355992058
IMPUTED,config_loo,SVC,maxabs,none,on,0.2985698351696141,0.05709610980671489,0.2915916236162071,0.2165877536870304,0.4496182459111359,45,0.23303049222410552,0.1912320103411627
STRICT,config_strat80,QuadraticDiscriminantAnalysis,standard,undersample,off,0.2983098204482348,0.18039461946577895,0.3207665139358924,-0.1111111111111111,0.6533052580081484,120,0.7644163691192596,0.6047223627928888
STRICT,config_strat80,QuadraticDiscriminantAnalysis,none,smoteenn,off,0.29799650598861566,0.16896842297824244,0.3086066999241838,-0.2182178902359923,0.6018358754926051,240,0.8200537657285973,0.5670147789742794
STRICT,config_kfold,QuadraticDiscriminantAnalysis,none,smoteenn,off,0.2979377166938211,0.07227594844494985,0.3062558322761286,0.068131794524716,0.4831134328717225,480,0.41498163834700647,0.2425874415867428
IMPUTED,config_kfold,LogisticRegression,maxabs,none,off,0.2968595082504546,0.19435563423934732,0.3485691851035264,0.0,0.5821720804256503,240,0.5821720804256503,0.6547057744075129
IMPUTED,config_kfold,SVC,maxabs,undersample,off,0.2968564197420089,0.29274100422482663,0.4457823487390182,-0.4273440411881058,0.5964103446579243,396,1.02375438584603,0.9861366800800236
IMPUTED,config_loo,QuadraticDiscriminantAnalysis,robust,none,on,0.2968210468122633,0.050542893773584875,0.2830998142491451,0.1904575300607182,0.3851474496783412,42,0.194689919617623,0.17028069375940452
IMPUTED,config_loo,QuadraticDiscriminantAnalysis,robust,smoteenn,on,0.29667353073246183,0.062102712766184245,0.30003101431534,0.1374315401614326,0.4284565854833033,168,0.2910250453218707,0.20933014351788615
IMPUTED,config_strat80,KNeighborsClassifier,robust,none,on,0.2961321478523187,0.188976597210721,0.2809003238667948,-0.2011958253044531,0.8459051693633014,2240,1.0471009946677545,0.6381495510746228
STRICT,config_strat80,QuadraticDiscriminantAnalysis,standard,smote,off,0.29498109590348753,0.15722624180709194,0.3082573996425538,-0.0975900072948533,0.670721181477857,240,0.7683111887727103,0.5330044670338249
IMPUTED,config_random80,GaussianNB,robust,none,on,0.29446840175618905,0.23337599079355273,0.3094922302950865,-0.1701925886793526,0.8320502943378436,420,1.002242883017196,0.7925332205483324
IMPUTED,config_loo,QuadraticDiscriminantAnalysis,maxabs,smoteenn,off,0.2943304995219554,0.11927452350176247,0.310430854853879,0.0692921118885075,0.4232482371447615,24,0.35395612525625403,0.4052401082982746
IMPUTED,config_random80,QuadraticDiscriminantAnalysis,maxabs,smote,off,0.29421496362469146,0.18628589268093063,0.3374239213518051,-0.1210898699241207,0.647150228929434,240,0.7682400988535547,0.6331625366225829
STRICT,config_loo,SVC,maxabs,undersample,on,0.29336577240716033,0.17842098434731749,0.36593903062788335,0.029084044057701,0.5134993593372839,106,0.48441531527958287,0.6081860977963313
IMPUTED,config_loo,QuadraticDiscriminantAnalysis,maxabs,undersample,off,0.29271987824477746,0.1410655370428514,0.29257021966877417,0.056693546090597,0.4512779217238848,12,0.3945843756332878,0.48191307638113307
STRICT,config_strat80,QuadraticDiscriminantAnalysis,robust,smote,off,0.2926533116352771,0.16504113213602634,0.3082573996425538,-0.0427960492510912,0.670721181477857,240,0.7135172307289481,0.5639475979745993
IMPUTED,config_loo,QuadraticDiscriminantAnalysis,none,undersample,off,0.2918909317267823,0.03936963675884256,0.3004559988666216,0.2198805892213598,0.3433394226332655,12,0.1234588334119057,0.1348779029411355
IMPUTED,config_kfold,SVC,maxabs,undersample,on,0.29180092245124034,0.28820953411392236,0.4379012841780145,-0.4465410358834564,0.6028280706256626,2772,1.0493691065091189,0.9876923338447702
IMPUTED,config_kfold,QuadraticDiscriminantAnalysis,maxabs,undersample,off,0.29169038496112376,0.14407157450538116,0.2826329685357629,-0.0224701765881941,0.5286663608258482,240,0.5511365374140422,0.4939195185490358
STRICT,config_kfold,SVC,maxabs,undersample,on,0.29158406042115814,0.3009726675465856,0.4475482160032378,-0.456585745185211,0.6239239745299276,3137,1.0805097197151388,1.0321986294856678
STRICT,config_loo,QuadraticDiscriminantAnalysis,maxabs,smoteenn,off,0.29154952335356493,0.10185095901868965,0.30791493842744266,0.1049108636327816,0.4773680218085559,24,0.3724571581757743,0.34934359640565765
IMPUTED,config_loo,GaussianNB,robust,none,on,0.29146745310423644,0.06533885644169489,0.2900823429465293,0.1794069438918774,0.368482976175321,15,0.1890760322834436,0.22417204990063846
STRICT,config_kfold,QuadraticDiscriminantAnalysis,maxabs,smote,off,0.2912718854656787,0.1298777213780403,0.3072234139883563,0.0,0.4931379331678887,480,0.4931379331678887,0.4458985843085913
IMPUTED,config_loo,KNeighborsClassifier,robust,none,off,0.2905425855059761,0.03641158963719226,0.3001433009815569,0.2293130234637854,0.3219381937996162,32,0.09262517033583079,0.12532272876205722
STRICT,config_strat80,QuadraticDiscriminantAnalysis,standard,none,off,0.2903161546050731,0.10785029606643398,0.3005137107635568,0.0363696483726653,0.554051251343814,60,0.5176816029711487,0.3714925757856858
IMPUTED,config_strat80,QuadraticDiscriminantAnalysis,maxabs,smoteenn,off,0.2893445635602108,0.17535896300580536,0.27830656075311533,-0.1615145706174496,0.8459051693633014,240,1.007419739980751,0.6060558416861848
STRICT,config_strat80,SVC,maxabs,none,on,0.28929683732498984,0.17347474637690183,0.3267616012328021,0.0,0.5991446895152781,840,0.5991446895152781,0.5996427336743541
STRICT,config_loo,QuadraticDiscriminantAnalysis,robust,none,on,0.28879154916963656,0.0911198386767541,0.3109190885222602,0.0693923069512804,0.371925013084379,42,0.3025327061330986,0.3155211395165521
IMPUTED,config_kfold,QuadraticDiscriminantAnalysis,none,undersample,off,0.2879084589571456,0.05832587875870544,0.2798623509748951,0.1777958773620902,0.4643209049579788,240,0.2865250275958886,0.20258480410743016
IMPUTED,config_random80,KNeighborsClassifier,robust,none,on,0.2877071799362324,0.18162387639789004,0.3026137663344012,-0.254195563720897,0.6753002216523571,2240,0.9294957853732542,0.6312803053373408
IMPUTED,config_random80,KNeighborsClassifier,robust,none,off,0.2868595499908422,0.1568575224114172,0.2888888888888888,-0.0605227532668802,0.5673665146135802,320,0.6278892678804604,0.5468094836529751
STRICT,config_loo,KNeighborsClassifier,robust,smote,on,0.2859489522070993,0.07309453622604949,0.3002557061382571,0.0431684866077974,0.425764970730571,894,0.3825964841227736,0.25562092695870614
STRICT,config_loo,KNeighborsClassifier,robust,none,off,0.2844559111998349,0.04892600301413478,0.2791004595344707,0.1962169328608151,0.3536615931285171,31,0.15744466026770199,0.1719985456015483
IMPUTED,config_kfold,GaussianNB,maxabs,none,on,0.2836219030513411,0.06338335080029692,0.2839766352179576,0.1478988357385351,0.435481618923597,588,0.2875827831850619,0.22347833548251486
STRICT,config_strat80,GaussianNB,maxabs,none,on,0.2834422077927269,0.17803042101617725,0.2927700218845599,-0.0975900072948533,0.5991446895152781,420,0.6967346968101314,0.6281013064446836
IMPUTED,config_loo,QuadraticDiscriminantAnalysis,maxabs,smote,off,0.2833943225250695,0.1090171165378281,0.27889966724424,0.056693546090597,0.3949764706640465,24,0.3382829245734495,0.3846834882451968
IMPUTED,config_strat80,QuadraticDiscriminantAnalysis,none,smote,off,0.28336452703371273,0.15782622087636455,0.2337231971529622,-0.077766274741735,0.6777749493656265,240,0.7555412241073616,0.556972400633575
IMPUTED,config_kfold,KNeighborsClassifier,robust,none,on,0.28215148141307167,0.07128564664274356,0.2863235829624229,-0.0089727357013521,0.4961027716144859,4473,0.5050755073158381,0.2526502653316957
IMPUTED,config_random80,SVC,maxabs,none,off,0.28155509210522117,0.18138174431746232,0.3464188185815341,0.0,0.7141684885491869,120,0.7141684885491869,0.6442140433733564
IMPUTED,config_kfold,QuadraticDiscriminantAnalysis,maxabs,smote,off,0.28076238757286226,0.12670536849651584,0.3077891050044542,0.0233899644602549,0.47089621852983,480,0.4475062540695751,0.45129039395860604
IMPUTED,config_random80,QuadraticDiscriminantAnalysis,maxabs,smoteenn,on,0.2802609158104187,0.18339629453812617,0.28,-0.2,0.7624437362098716,1680,0.9624437362098717,0.6543769901265285
IMPUTED,config_kfold,QuadraticDiscriminantAnalysis,maxabs,smoteenn,on,0.2796014078902953,0.11517210199359432,0.2896832986987624,-0.0224701765881941,0.5293509633862769,3360,0.5518211399744709,0.4119153149571527
IMPUTED,config_loo,KNeighborsClassifier,robust,none,on,0.27938645163307896,0.07956117923540217,0.29691202665226224,-0.0097355571629357,0.4257636749730009,224,0.4354992321359366,0.28477107164770704
STRICT,config_kfold,QuadraticDiscriminantAnalysis,maxabs,smoteenn,on,0.2793533254976574,0.1126917613019743,0.2874357650697402,0.0,0.550106329557549,3360,0.550106329557549,0.40340225447904793
STRICT,config_kfold,QuadraticDiscriminantAnalysis,none,smote,off,0.27931073103150467,0.04946670164649855,0.27386362970749795,0.1553111265753977,0.4098915211382413,480,0.2545803945628436,0.17710276101392963
STRICT,config_strat80,QuadraticDiscriminantAnalysis,robust,none,off,0.27928679125889055,0.11808214440942241,0.2631806779839076,0.0363696483726653,0.554051251343814,60,0.5176816029711487,0.4227988866826279
IMPUTED,config_random80,QuadraticDiscriminantAnalysis,none,smote,off,0.27927174723482584,0.17737132740773784,0.2809003238667948,-0.2537340189666186,0.6637465183030647,240,0.9174805372696834,0.635120914177527
STRICT,config_kfold,KNeighborsClassifier,robust,none,on,0.2783553775469609,0.07838902157413051,0.2851071124855643,-0.0420189335937124,0.4591720395953505,4480,0.5011909731890629,0.2816148991441907
STRICT,config_loo,QuadraticDiscriminantAnalysis,none,smote,off,0.2777577436275889,0.02854413333565563,0.284852644445153,0.215816633758865,0.3220707098314249,24,0.10625407607255988,0.10276629181552878
STRICT,config_strat80,QuadraticDiscriminantAnalysis,maxabs,undersample,off,0.27528029864754866,0.20478154353645,0.2836543144655877,-0.1111111111111111,0.6533052580081484,120,0.7644163691192596,0.7439019230309657
IMPUTED,config_kfold,SVC,maxabs,none,off,0.27493037869161563,0.13905409660874501,0.3225572104425176,0.0,0.4342016959000484,198,0.4342016959000484,0.5057793077305562
STRICT,config_random80,KNeighborsClassifier,robust,none,on,0.27472261775521395,0.1986409282570147,0.2927700218845599,-0.2010075630518424,0.82915619758885,2211,1.0301637606406924,0.7230599718367918
STRICT,config_random80,QuadraticDiscriminantAnalysis,maxabs,smoteenn,on,0.27446430118196485,0.1811874493954123,0.2696799449852968,-0.1410190187044415,0.7366351076087241,1680,0.8776541263131656,0.6601494205808874
IMPUTED,config_kfold,QuadraticDiscriminantAnalysis,maxabs,smoteenn,off,0.26697430105798625,0.12120724985890316,0.2789150404660118,0.0,0.4965200530655371,480,0.4965200530655371,0.4540034354564232
STRICT,config_kfold,SVC,maxabs,none,on,0.26639643369591565,0.14046393048860775,0.3031853111655962,0.0,0.5286673306966778,1569,0.5286673306966778,0.5272740649709431
IMPUTED,config_loo,QuadraticDiscriminantAnalysis,none,smote,off,0.264095067349757,0.03461250328702162,0.268559501245519,0.2026102246182769,0.332441544538155,24,0.1298313199198781,0.13106077154096255
IMPUTED,config_loo,GaussianNB,maxabs,none,on,0.2637412337112116,0.042874285469351604,0.2361205870207013,0.2264155831645574,0.3219381937996162,21,0.09552261063505879,0.1625619356747895
STRICT,config_kfold,QuadraticDiscriminantAnalysis,maxabs,smoteenn,off,0.2630411622868828,0.11571396471148922,0.27394143377569086,0.0,0.5339317013291808,480,0.5339317013291808,0.4399082018398593
STRICT,config_random80,QuadraticDiscriminantAnalysis,maxabs,smoteenn,off,0.2629493630709637,0.17210230834837684,0.2681953498590882,-0.1048284836721918,0.6361072620956485,240,0.7409357457678403,0.6545074167071877
IMPUTED,config_random80,QuadraticDiscriminantAnalysis,maxabs,smoteenn,off,0.2606424760250226,0.18813072775886566,0.2691909510290827,-0.28,0.647150228929434,240,0.927150228929434,0.7217961194506318
IMPUTED,config_kfold,QuadraticDiscriminantAnalysis,none,smote,off,0.2554800553186157,0.0464212480414738,0.25281286340725084,0.120631166814636,0.3759737432534458,480,0.2553425764388098,0.1817020431735099
IMPUTED,config_random80,SVC,maxabs,none,on,0.2519421127888259,0.1855265247242974,0.264542338634135,-0.1036951694730425,0.7141684885491869,840,0.8178636580222294,0.7363855239231202
STRICT,config_strat80,QuadraticDiscriminantAnalysis,robust,none,on,0.25120415130875223,0.16651198853086888,0.2836543144655877,-0.2567762955065477,0.5991446895152781,420,0.8559209850218258,0.6628552420943508
STRICT,config_loo,KNeighborsClassifier,robust,none,on,0.25001476441507103,0.09325539427929458,0.26652759447972535,-0.0640875816935352,0.3766995032161185,224,0.4407870849096537,0.3729995486365488
IMPUTED,config_kfold,SVC,maxabs,none,on,0.24791079942337665,0.13047980490711555,0.2883106067347282,0.0,0.4523254965641656,1386,0.4523254965641656,0.5263175513555785
IMPUTED,config_random80,GaussianNB,maxabs,none,on,0.24388667831872532,0.1728688825354015,0.2182178902359924,-0.0195180014589706,0.5897435897435898,420,0.6092615912025604,0.7088082207978837
STRICT,config_strat80,QuadraticDiscriminantAnalysis,none,undersample,off,0.22398740046496135,0.20218886544939327,0.19065637970257382,-0.1111111111111111,0.6533052580081484,120,0.7644163691192596,0.9026796374692599
STRICT,config_loo,SVC,maxabs,none,on,0.21694725761785483,0.094001369322098,0.2362170789536534,0.0408967149681096,0.4577035488158596,41,0.41680683384775,0.4332913462666497
STRICT,config_strat80,QuadraticDiscriminantAnalysis,none,smote,off,0.21194873315439916,0.17410786055249114,0.2063492063492063,-0.2182178902359923,0.6533052580081484,240,0.8715231482441408,0.8214621430440826
STRICT,config_strat80,QuadraticDiscriminantAnalysis,none,none,off,0.2075958187167113,0.17311777017124955,0.2063492063492063,-0.2182178902359923,0.554051251343814,60,0.7722691415798064,0.8339174230069101
STRICT,config_loo,SVC,maxabs,undersample,off,0.18013669426183065,0.19515826287183957,0.04508378069817935,0.034750502644027,0.4280445488666963,8,0.3932940462226693,1.0833898316584787
STRICT,config_random80,QuadraticDiscriminantAnalysis,maxabs,none,off,0.11818480565019839,0.20619044246482024,0.0,0.0,0.6407116072277477,60,0.6407116072277477,1.7446442571907224
STRICT,config_random80,QuadraticDiscriminantAnalysis,maxabs,none,on,0.11521089931349213,0.18191319575607132,0.0,0.0,0.6590909090909091,420,0.6590909090909091,1.578958213502703
STRICT,config_kfold,QuadraticDiscriminantAnalysis,maxabs,none,on,0.10961820437462239,0.15771847774611708,0.0,0.0,0.449256363998072,840,0.449256363998072,1.438798223761366
IMPUTED,config_random80,QuadraticDiscriminantAnalysis,maxabs,none,off,0.1087878831988762,0.18140330155755577,0.0,0.0,0.6201736729460423,60,0.6201736729460423,1.6674954620261395
IMPUTED,config_strat80,QuadraticDiscriminantAnalysis,maxabs,none,on,0.10812666356880737,0.1848463601389943,0.0,-0.1615145706174496,0.687932430407656,420,0.8494470010251055,1.7095354100273856
STRICT,config_strat80,QuadraticDiscriminantAnalysis,maxabs,none,on,0.10756867516935482,0.17919619822608862,0.0,-0.0427960492510912,0.6831300510639732,420,0.7259261003150643,1.6658771519121556
IMPUTED,config_strat80,QuadraticDiscriminantAnalysis,maxabs,none,off,0.10499547068791588,0.1688405577436737,0.0,0.0,0.687932430407656,60,0.687932430407656,1.6080746782452005
IMPUTED,config_random80,QuadraticDiscriminantAnalysis,maxabs,none,on,0.1040632971450123,0.18362192865954682,0.0,-0.077766274741735,0.7141684885491869,420,0.7919347632909219,1.7645215335015716
STRICT,config_kfold,QuadraticDiscriminantAnalysis,maxabs,none,off,0.10305618582856435,0.14888343724900507,0.0,0.0,0.3935810660644008,120,0.3935810660644008,1.4446821998310233
IMPUTED,config_kfold,QuadraticDiscriminantAnalysis,maxabs,none,on,0.10192029319101976,0.14794125327072224,0.0,0.0,0.4469636439253553,840,0.4469636439253553,1.4515387332476533
IMPUTED,config_kfold,QuadraticDiscriminantAnalysis,maxabs,none,off,0.10140812472128626,0.14808923165389187,0.0,0.0,0.3976280063411647,120,0.3976280063411647,1.460329062004703
IMPUTED,config_loo,SVC,maxabs,undersample,on,0.09915907037064077,0.5292919889625538,0.3851461956813939,-0.8911585292743692,0.50766703256774,115,1.3988255618421093,5.337807091011895
STRICT,config_strat80,QuadraticDiscriminantAnalysis,maxabs,none,off,0.08549509865160358,0.1483195796291971,0.0,0.0,0.554051251343814,60,0.554051251343814,1.7348313759319247
IMPUTED,config_loo,SVC,maxabs,undersample,off,0.03381192310508579,0.5785958150195142,0.382563246755034,-0.8911585292743692,0.50766703256774,16,1.3988255618421093,17.112182978213543
